title,lat,lng,rating_overall,reviews_count,rating_accuracy,rating_cleanliness,rating_value,rating_location,nightly_price,has_rating,bedrooms,bathrooms,description_length,has_wifi,has_pool,has_pyramid_view
"ETERNA.Suite W Jaccuzi, Pyramids View & Balcony",29.97387300537576,31.14660260225765,4.95,133.0,4.96,4.92,4.92,4.79,150.0,True,1,1.0,328,True,True,False
king khufu suite,29.9863,31.1431,5.0,62.0,5.0,5.0,4.97,4.85,105.37,True,1,1.0,80,False,True,True
Akasia Pyramids View,29.9781,31.1454,4.91,176.0,4.91,4.91,4.95,4.78,38.64,True,1,1.0,98,False,False,True
Mountain Cave | Pyramids View & Jacuzzi,29.97909,31.14692,4.92,12.0,5.0,4.75,4.58,4.75,118.49,True,1,1.0,249,True,True,True
Heaven of Pyramids,29.97878673915087,31.144190688282396,4.71,125.0,4.74,4.61,4.8,4.66,23.22,True,1,1.0,119,False,False,True
Luxury apartment with a view of the Nile in Old Cairo,30.0164,31.2291,5.0,3.0,5.0,5.0,5.0,5.0,83.2,True,3,3.0,58,False,False,False
Horserider's home - with view of pyramids+terrace,29.9679,31.1437,4.94,112.0,4.98,5.0,4.97,4.82,36.29,True,3,1.0,1549,True,False,True
Dream inn Pyramids View Suite,29.9871,31.1342,5.0,4.0,5.0,5.0,5.0,5.0,62.05,True,1,1.0,75,True,False,True
"ETERNA.Suite 2 W Jaccuzi, Pyramids view & Balcony",29.9732143956158,31.14478427610821,4.96,128.0,4.98,4.92,4.95,4.83,120.0,True,1,1.0,344,True,True,False
Pyramids View Residence Apartment,29.982,31.1471,4.96,79.0,4.95,4.9,4.9,4.67,164.85,True,3,2.0,274,False,False,True
Lotus  signature hotel 603,29.984,31.1458,5.0,20.0,5.0,4.9,5.0,5.0,41.6,True,1,1.0,33,False,False,False
Cairo-downtown modern apartment,30.035646849671533,31.24124611103161,4.96,103.0,4.95,4.96,4.96,4.68,51.52,True,3,1.0,79,True,False,False
Cozy &Co.,30.02806208126516,31.42137037589135,5.0,5.0,5.0,5.0,5.0,5.0,35.13,True,1,1.0,72,True,False,False
Condotel for rent in Zamalek,30.0649,31.2163,5.0,2.0,5.0,5.0,5.0,5.0,51.05,True,1,2.0,7,False,False,False
grey l studio apartments DT CAI Bidair House,30.05045,31.23987,4.9,71.0,4.89,4.93,4.9,4.83,57.0,True,0,1.0,55,False,False,False
Stylish Twin Room with Cozy Boho Decor,30.038789098223774,31.234576002090087,4.95,62.0,5.0,4.95,4.97,4.95,23.42,True,3,1.0,55,False,False,False
Legend Of Majestic Pyramids View Apartment,29.9784,31.1463,5.0,10.0,5.0,4.6,4.8,4.8,84.3,True,3,1.0,131,False,False,True
Artistic Home with Natural Charm & Pyramids View,29.9767,31.1419,4.87,99.0,4.89,4.65,4.75,4.85,174.45,True,1,1.0,538,False,True,True
"Cleopatra’s Suite Pyramids View ,jacuzzi & balcony",29.98679862460608,31.14358046889973,4.99,150.0,4.99,4.94,4.97,4.83,128.79,True,1,1.0,53,False,True,True
Vibrant & Bright Rooftop Apartment w/Outdoors Tub,29.96119,31.26367,5.0,41.0,5.0,5.0,4.95,4.98,150.8,True,2,1.0,286,False,False,False
Kemet Pyramids Room view,29.976,31.1401,4.93,111.0,4.95,4.83,4.91,4.95,45.0,True,3,1.0,270,True,False,True
Khufu's Heaven Pyramids View,29.9863,31.1433,4.9,163.0,4.9,4.81,4.89,4.79,86.53,True,3,3.0,74,False,False,False
Eterna Triple room With rooftop Pyramids V access,29.973661832681977,31.14582930077368,4.96,92.0,4.96,4.95,4.98,4.88,37.0,True,0,1.0,316,True,False,False
First Row to Pyramids 2BDR Apt,29.9841,31.1378,4.97,162.0,4.95,4.88,4.94,4.86,81.02,True,2,1.0,170,True,False,True
Enchanting Apartment in Downtown Heritage Building,30.04745,31.24015,4.97,118.0,4.98,4.94,4.94,4.88,143.67,True,2,1.0,247,False,False,False
Rixoss Apartment Pyramids,29.9728,31.1457,4.9,98.0,4.91,4.83,4.89,4.83,67.87,True,2,1.0,144,True,False,True
VIP Jacuzzi Suite | Front Row Pyramids View,29.98471567187197,31.145669188516848,4.85,13.0,4.85,4.92,4.92,4.77,62.89,True,1,1.0,77,True,True,False
Stylish 3BR Central Stay | Near Airport | Sleeps 8,30.0458,31.3437,5.0,9.0,5.0,5.0,5.0,4.78,70.4,True,3,2.0,203,True,False,False
Apt.3 l Stunning Nile View in the Heart of Zamalek,30.0677,31.2211,5.0,3.0,4.67,5.0,5.0,5.0,159.6,True,3,2.5,153,True,False,False
"Isis suite pyramids view, jacuzzi",29.9864,31.1433,4.96,28.0,4.96,5.0,4.96,4.93,81.96,True,1,1.0,199,True,True,True
Eterna Studio Pyramids View With Bathtub,29.97178518396302,31.14641889564103,4.88,123.0,4.85,4.77,4.86,4.68,70.0,True,1,1.0,291,True,True,True
Chestnut Apt Zamalek Cairo 1 Bedroom,30.065,31.22015,5.0,4.0,5.0,5.0,5.0,5.0,67.45,True,1,1.0,59,False,False,False
Cairo Airport cozy 1 Bedroom Apartment,30.1249,31.3672,5.0,47.0,4.98,4.96,4.98,4.87,35.62,True,1,1.5,230,True,False,False
Mountain Cave Retreat: Pyramids View & Jacuzzi,29.9783,31.1463,4.54,13.0,4.46,4.46,4.38,4.46,153.38,True,1,1.0,207,False,True,False
Brassbell l DT l Hannaux Studio | Tahrir sq,30.04832278971471,31.237424157569286,4.91,90.0,4.93,4.9,4.93,4.99,57.0,True,0,1.0,57,False,False,False
Artistic Pyramids View & Hot Tub,29.9765,31.1418,4.83,115.0,4.81,4.71,4.69,4.73,116.14,True,1,1.0,64,False,True,True
Hi Pyramids,29.97934,31.14494,4.95,343.0,4.96,4.92,4.92,4.82,126.68,True,3,1.0,216,True,False,True
"Habiby, Come to Egypt!",29.98402,31.14562,4.9,77.0,4.92,4.86,4.88,4.74,55.03,True,1,1.0,75,False,False,False
The spiritual apartment pyramids view,29.9774,31.1424,5.0,17.0,4.94,4.94,5.0,5.0,47.72,True,2,1.0,398,False,False,False
Dream in Giza,29.9863,31.1432,4.89,44.0,4.93,4.93,4.84,4.68,57.37,True,1,1.0,57,False,True,True
Pyramid Duo Tub Suite | 2BDR & Rooftop Access,29.989,31.1343,5.0,21.0,5.0,4.9,5.0,4.86,115.33,True,2,2.0,203,False,False,False
grey l studio apartments DT CAI Bidair House,30.04898,31.23912,4.84,73.0,4.82,4.84,4.79,4.79,68.0,True,1,1.0,11,False,False,False
Artistic Earth Retreat | Jacuzzi & Pyramids View,29.9768,31.142,4.67,24.0,4.54,4.46,4.5,4.88,119.42,True,1,1.0,371,True,True,False
Bed Room & Jacuzzi sun pyramids,29.97776299852336,31.14683350194963,4.64,25.0,4.76,4.2,4.52,4.48,51.95,True,1,1.0,215,True,True,True
Eterna Pyramids view W bathtub,29.973067231781588,31.144488124962702,4.86,139.0,4.87,4.86,4.87,4.61,70.0,True,1,1.0,348,True,True,False
Iconic B-Villa /2Mints to Gem And Pyramids,30.00520653352528,31.10733432161687,5.0,1.0,5.0,5.0,5.0,5.0,110.06,True,3,3.0,52,False,False,False
Old House Pyramids View,29.976268143214693,31.13926811057964,4.75,4.0,4.75,4.5,4.75,5.0,27.0,True,1,1.0,177,True,False,False
Home facing Pyramids IN OLD GIZA breakfast&Jacuzzi,29.98569,31.14484,4.95,317.0,4.91,4.96,4.94,4.82,168.09,True,2,2.0,687,False,True,True
Pyramids Bay,29.9784,31.1461,4.82,330.0,4.89,4.85,4.85,4.7,84.06,True,3,1.5,291,False,False,False
Bayt Abbas Boutique Stay (The Dome Chamber),30.0083,31.1098,5.0,6.0,5.0,5.0,5.0,4.83,116.0,True,1,1.0,314,False,True,False
"16 Sukrol Limon, Old Egypt, Saleh's property",30.04519175634667,31.236020877997216,4.8925321888412014,0.0,4.880128755364806,4.831845493562232,4.815214592274679,4.830793991416309,38.0,False,2,1.0,23,False,False,False
Quiet place and close to the pyramids area,29.9835,31.09341,4.8925321888412014,0.0,4.880128755364806,4.831845493562232,4.815214592274679,4.830793991416309,56.0,False,2,1.0,11,False,False,False
"La Casa Del Rey | Prime Zamalek, near Marriott",30.0591,31.223,5.0,5.0,5.0,4.8,5.0,5.0,94.84,True,2,2.0,130,False,False,False
nasr city mohamed el nady street,30.0561,31.3523,4.8925321888412014,0.0,4.880128755364806,4.831845493562232,4.815214592274679,4.830793991416309,11.0,False,3,2.0,14,False,False,False
"Apartment for sale in Nasr City, Al-Waha neighborhood",30.07104,31.34393,4.8925321888412014,0.0,4.880128755364806,4.831845493562232,4.815214592274679,4.830793991416309,11.0,False,4,3.0,71,False,False,False
"Spacious apartment, private entrance in villa area",30.01092,31.41048,4.8925321888412014,0.0,4.880128755364806,4.831845493562232,4.815214592274679,4.830793991416309,11.0,False,3,2.0,29,False,False,False
A furnished palace in Al Rehab City for rent,30.0646,31.4882,4.8925321888412014,0.0,4.880128755364806,4.831845493562232,4.815214592274679,4.830793991416309,7.0,False,6,6.0,92,False,True,False
Apartment for sale in the eighth neighborhood at a bargain price,29.98392,30.93608,4.8925321888412014,0.0,4.880128755364806,4.831845493562232,4.815214592274679,4.830793991416309,11.0,False,2,1.5,35,False,False,False
6 October _Firdous Al-Jaish_ Building 334,29.9581,31.039,1.0,1.0,1.0,1.0,1.0,1.0,11.0,True,3,1.0,46,False,False,False
"New Maadi, Saqr Quraysh",29.9955,31.2803,4.8925321888412014,0.0,4.880128755364806,4.831845493562232,4.815214592274679,4.830793991416309,10.0,False,1,1.0,37,False,False,False
Jacuzzi 1 BDR Apt 5 min CAI Airport Self Check-in,30.1057,31.3715,5.0,4.0,5.0,5.0,5.0,5.0,54.0,True,1,1.0,343,False,True,False
Address: Al-Barajil after Al-Arabi parking lot,30.07155,31.18126,4.8925321888412014,0.0,4.880128755364806,4.831845493562232,4.815214592274679,4.830793991416309,15.0,False,1,1.0,11,False,False,False
300-meter administrative or residential headquarters for sale,30.11671,31.33668,4.8925321888412014,0.0,4.880128755364806,4.831845493562232,4.815214592274679,4.830793991416309,11.0,False,8,3.0,100,False,True,False
Luxury hotel unit for rent at St. Regis Hotel,29.91055,31.28612,4.8925321888412014,0.0,4.880128755364806,4.831845493562232,4.815214592274679,4.830793991416309,5.0,False,1,1.0,45,False,False,False
Week-end Esclusivo per Ospiti d’Élite,30.0418,31.2315,4.8925321888412014,0.0,4.880128755364806,4.831845493562232,4.815214592274679,4.830793991416309,5.0,False,2,2.0,267,True,False,False
Apartment for rent in Nasr City,30.05646,31.34376,4.8925321888412014,0.0,4.880128755364806,4.831845493562232,4.815214592274679,4.830793991416309,5.0,False,3,3.0,34,False,False,False
Villa for rent in Sheikh Zayed,30.0221,30.9966,4.8925321888412014,0.0,4.880128755364806,4.831845493562232,4.815214592274679,4.830793991416309,4.0,False,3,1.0,19,False,False,False
Townhouse for sale in Marassi Red sea,30.01606,31.44491,4.8925321888412014,0.0,4.880128755364806,4.831845493562232,4.815214592274679,4.830793991416309,15.0,False,3,2.0,15,False,False,False
Heart of Zayed | Luxury Stay,30.0258,30.9708,4.8925321888412014,0.0,4.880128755364806,4.831845493562232,4.815214592274679,4.830793991416309,11.0,False,3,2.0,67,True,False,False
Unknown,30.0554,30.9601,4.8925321888412014,0.0,4.880128755364806,4.831845493562232,4.815214592274679,4.830793991416309,7.0,False,3,3.0,1,False,False,False
Villa in Golf Al-Solaimaneyah Resort,30.16699,30.81908,4.8925321888412014,0.0,4.880128755364806,4.831845493562232,4.815214592274679,4.830793991416309,5.0,False,3,4.0,84,True,False,False
Sheikh Zayed,30.01657326531326,31.164796727492867,4.8925321888412014,0.0,4.880128755364806,4.831845493562232,4.815214592274679,4.830793991416309,4.0,False,3,3.0,11,False,False,False
Rooftop with private jacuzzi in Sodic New Cairo,30.023479068690857,31.548121378977804,5.0,43.0,4.95,4.95,4.86,4.91,124.6,True,1,1.0,254,False,True,False
Mohandessin in front of Zamale Club,30.06451,31.20322,4.8925321888412014,0.0,4.880128755364806,4.831845493562232,4.815214592274679,4.830793991416309,5.0,False,3,2.0,12,False,False,False
Special apartment in Tigris Gardens Compound,29.96093,30.92538,4.8925321888412014,0.0,4.880128755364806,4.831845493562232,4.815214592274679,4.830793991416309,8.0,False,1,1.0,95,False,False,False
Super Luxury Furnished Apartment for Rent,30.05051,31.19628,4.8925321888412014,0.0,4.880128755364806,4.831845493562232,4.815214592274679,4.830793991416309,5.0,False,3,4.0,20,False,False,False
Boulevard apartment,30.00881,31.52913,4.8925321888412014,0.0,4.880128755364806,4.831845493562232,4.815214592274679,4.830793991416309,5.0,False,3,4.0,14,False,False,False
Furnished apartment for rent in Nasr City,30.0548,31.34338,4.8925321888412014,0.0,4.880128755364806,4.831845493562232,4.815214592274679,4.830793991416309,4.0,False,2,2.0,11,False,False,False
"October, the third neighborhood, the second neighborhood, next to Najdeh",29.9578634969068,30.939721919012715,4.8925321888412014,0.0,4.880128755364806,4.831845493562232,4.815214592274679,4.830793991416309,5.0,False,0,0.0,47,False,False,False
Sheikh Zayed Apartment for daily and monthly furnished rent,30.04757,31.02503,4.8925321888412014,0.0,4.880128755364806,4.831845493562232,4.815214592274679,4.830793991416309,5.0,False,3,3.0,9,False,False,False
"6th October, 2nd District, 7th Neighborhood, Abu Bakr Mosque",29.961272204621547,30.95181885741108,4.8925321888412014,0.0,4.880128755364806,4.831845493562232,4.815214592274679,4.830793991416309,2.0,False,3,3.0,28,False,False,False
brand new cozy apartment in Doki,30.05081,31.2066,4.8925321888412014,0.0,4.880128755364806,4.831845493562232,4.815214592274679,4.830793991416309,3.0,False,3,1.0,14,False,False,False
The chill roof,30.066195426944063,31.50438774676354,4.8925321888412014,0.0,4.880128755364806,4.831845493562232,4.815214592274679,4.830793991416309,3.0,False,1,1.0,7,False,False,False
Luxurious 3 storey Palace@Tala3a,30.19445,31.65521,4.8925321888412014,0.0,4.880128755364806,4.831845493562232,4.815214592274679,4.830793991416309,3.0,False,9,1.0,77,False,True,False
"12th Street, Taksim Al-Nozha 2, Al-Salam City, Cairo",30.1599,31.4056,4.8925321888412014,0.0,4.880128755364806,4.831845493562232,4.815214592274679,4.830793991416309,2.0,False,3,2.0,8,False,False,False
Apartment 3 bedrooms 3 bathrooms for rent 350 meters,30.0016,30.9866,4.8925321888412014,0.0,4.880128755364806,4.831845493562232,4.815214592274679,4.830793991416309,7.0,False,1,3.0,37,False,True,False
Stylish Villa in Uptown Perfect for a Getaway,30.021930449971357,31.29725859731114,4.8925321888412014,0.0,4.880128755364806,4.831845493562232,4.815214592274679,4.830793991416309,2.0,False,4,4.5,29,False,False,False
37 Al-Israa Previously,30.0595,31.195,4.8925321888412014,0.0,4.880128755364806,4.831845493562232,4.815214592274679,4.830793991416309,4.0,False,1,2.0,11,False,False,False
Unknown,30.0398,31.2196,4.8925321888412014,0.0,4.880128755364806,4.831845493562232,4.815214592274679,4.830793991416309,2.0,False,3,3.0,1,False,False,False
Furnished villa with swimming pool in Aligeria Beverly Hills,30.07167,30.94588,4.8925321888412014,0.0,4.880128755364806,4.831845493562232,4.815214592274679,4.830793991416309,3.0,False,3,4.0,17,False,True,False
Unknown,30.069059692416552,31.34295160180384,4.8925321888412014,0.0,4.880128755364806,4.831845493562232,4.815214592274679,4.830793991416309,3.0,False,2,2.0,1,False,False,False
Jacuzzi pyramids and Great museum,29.990356942343684,31.12888998320942,4.8925321888412014,0.0,4.880128755364806,4.831845493562232,4.815214592274679,4.830793991416309,3.0,False,1,2.0,96,False,True,True
Brassbell l Downtown l Kasr 1BR w/ Balcony,30.04777787155161,31.23960129093433,4.8,51.0,4.84,4.71,4.78,4.86,95.5,True,1,1.0,67,True,False,False
Super Other Lux Doublex,30.0272,31.4278,4.8925321888412014,0.0,4.880128755364806,4.831845493562232,4.815214592274679,4.830793991416309,3.0,False,3,1.0,12,False,False,False
Villa Town houses Corner,29.99313,30.89185,4.8925321888412014,0.0,4.880128755364806,4.831845493562232,4.815214592274679,4.830793991416309,2.0,False,3,1.0,11,False,False,False
Apartment for rent on Shehab Street,30.0576,31.20113,4.8925321888412014,0.0,4.880128755364806,4.831845493562232,4.815214592274679,4.830793991416309,3.0,False,3,4.0,29,False,False,False
Egyptian entire unit in mohandessin,30.066,31.19696,4.8925321888412014,0.0,4.880128755364806,4.831845493562232,4.815214592274679,4.830793991416309,2.0,False,3,1.0,14,False,False,False
Cheerfully 5 bedroom villa with swimming pool,30.01072,31.46385,4.8925321888412014,0.0,4.880128755364806,4.831845493562232,4.815214592274679,4.830793991416309,2.0,False,5,3.0,9,False,False,False
Unknown,29.95493,31.27493,4.8925321888412014,0.0,4.880128755364806,4.831845493562232,4.815214592274679,4.830793991416309,2.0,False,4,3.0,1,False,False,False
"Fifth Settlement, New Cairo",29.99399,31.4171,4.8925321888412014,0.0,4.880128755364806,4.831845493562232,4.815214592274679,4.830793991416309,2.0,False,4,4.0,9,False,False,False
luxurious apartment for rent at new cairo,29.98784,31.5033,4.8925321888412014,0.0,4.880128755364806,4.831845493562232,4.815214592274679,4.830793991416309,3.0,False,3,2.0,52,False,False,False
Townhouse fully furnished,30.00833,31.54037,4.8925321888412014,0.0,4.880128755364806,4.831845493562232,4.815214592274679,4.830793991416309,2.0,False,4,4.0,14,False,False,False
Long-term apartment rentals,30.0405,31.2007,4.8925321888412014,0.0,4.880128755364806,4.831845493562232,4.815214592274679,4.830793991416309,2.0,False,3,3.0,14,False,False,False
New Cairo - Al Rahab 2,30.0687,31.4954,4.8925321888412014,0.0,4.880128755364806,4.831845493562232,4.815214592274679,4.830793991416309,2.0,False,3,1.0,47,False,False,False
Nile Corniche Maadi Direct Families Only Othman Towers,29.98604360576452,31.229597054043257,4.8925321888412014,0.0,4.880128755364806,4.831845493562232,4.815214592274679,4.830793991416309,4.0,False,3,2.0,11,False,False,False
villa in Madinty for rent,30.0738,31.639,4.8925321888412014,0.0,4.880128755364806,4.831845493562232,4.815214592274679,4.830793991416309,3.0,False,4,4.0,67,False,True,False
Fully Furnished Apartment for long Rent,29.999099556599663,31.40081058077229,4.8925321888412014,0.0,4.880128755364806,4.831845493562232,4.815214592274679,4.830793991416309,2.0,False,3,3.0,8,False,False,False
Lovely 3-bedroom condo with free-parking premises,30.00807,31.49033,4.8925321888412014,0.0,4.880128755364806,4.831845493562232,4.815214592274679,4.830793991416309,3.0,False,3,3.0,14,False,False,False
Villa for rent in a prime location,30.0083,31.4294,4.8925321888412014,0.0,4.880128755364806,4.831845493562232,4.815214592274679,4.830793991416309,2.0,False,3,2.0,9,False,False,False
Unknown,30.0546,31.3465,4.8925321888412014,0.0,4.880128755364806,4.831845493562232,4.815214592274679,4.830793991416309,2.0,False,3,2.0,1,False,False,False
"Diamond Mansion I 9BR, Indoor & Roof Pool,Sauna",30.01334066093713,31.442458467720375,5.0,1.0,5.0,5.0,5.0,5.0,2.0,True,9,8.0,95,True,True,False
Villa in Rehab,30.06533213126939,31.484774766494358,4.8925321888412014,0.0,4.880128755364806,4.831845493562232,4.815214592274679,4.830793991416309,3.0,False,4,3.5,20,False,False,False
Luxurious Pyramdis & Nile View Appartement,29.9557,31.2536,4.71,24.0,4.83,4.42,4.33,4.79,1.0,True,3,2.5,81,False,False,False
Luxurious panoramic Nile view,29.9717,31.2362,5.0,1.0,5.0,5.0,5.0,5.0,1.0,True,2,1.5,181,True,False,False
Auja Twin Estate,30.02329,31.48544,5.0,1.0,5.0,5.0,4.0,5.0,1.0,True,12,10.0,43,False,True,False
Sakkara Royal House with Big Garden and Big Pool,29.90561,31.19677,4.8925321888412014,0.0,4.880128755364806,4.831845493562232,4.815214592274679,4.830793991416309,1.0,False,6,5.0,66,False,True,True
Madinaty Villa,30.10149,31.61163,4.8925321888412014,0.0,4.880128755364806,4.831845493562232,4.815214592274679,4.830793991416309,1.0,False,5,5.0,11,False,False,False
First street of Dokki,30.03826711121137,31.21248743266294,4.8925321888412014,0.0,4.880128755364806,4.831845493562232,4.815214592274679,4.830793991416309,3.0,False,2,1.5,12,False,False,False
No rent Buy this house $16000,30.0777,31.0001,4.8925321888412014,0.0,4.880128755364806,4.831845493562232,4.815214592274679,4.830793991416309,1.0,False,1,1.0,41,False,False,False
East Town Triplex,30.01197,31.52008,4.8925321888412014,0.0,4.880128755364806,4.831845493562232,4.815214592274679,4.830793991416309,2.0,False,4,4.0,8,False,False,False
Luxurious 3-bedroom apartment at Aeon Tower,30.005605336383777,30.971129369115,5.0,1.0,5.0,5.0,5.0,5.0,1.0,True,3,3.0,50,False,False,False
Elegance Villa - Families stay only in Allegria,30.0683,30.964,5.0,4.0,5.0,5.0,5.0,5.0,1.0,True,5,6.5,54,False,True,False
"The Grand Mansion I 9BR, 2 Pools & GYM",30.00028,31.51115,5.0,2.0,5.0,4.5,5.0,5.0,1.0,True,8,10.0,89,False,True,False
luxury Villa with heating pool @Allgeria Beverly H,30.07058,30.94034,4.8925321888412014,0.0,4.880128755364806,4.831845493562232,4.815214592274679,4.830793991416309,1.0,False,6,4.5,290,False,True,False
A lovely stay with The Great Pyramid of Giza,29.97826,31.1472,4.8925321888412014,0.0,4.880128755364806,4.831845493562232,4.815214592274679,4.830793991416309,1.0,False,2,1.0,159,False,False,False
Amazing villa modern in Allegria - sodic for rent,30.07279,30.95971,4.8925321888412014,0.0,4.880128755364806,4.831845493562232,4.815214592274679,4.830793991416309,1.0,False,7,6.0,52,False,True,False
Under price Stand alone villa Hacienda Garden 512m,29.96804,31.25609,4.8925321888412014,0.0,4.880128755364806,4.831845493562232,4.815214592274679,4.830793991416309,714.2,False,5,5.0,1,False,False,False
ELITE/7BR Fully Smart Villa •A-Class Stay •Beverly,30.068021740910687,30.94632401468705,4.8925321888412014,0.0,4.880128755364806,4.831845493562232,4.815214592274679,4.830793991416309,1.0,False,7,8.0,402,False,True,False
Unknown,29.9054,30.9739,4.8925321888412014,0.0,4.880128755364806,4.831845493562232,4.815214592274679,4.830793991416309,2.0,False,3,2.0,1,False,False,False
Apartment for rent in my city in the finest stages B8,30.10218763192769,31.612067513267935,4.8925321888412014,0.0,4.880128755364806,4.831845493562232,4.815214592274679,4.830793991416309,2.0,False,3,2.0,83,False,False,False
The Royal Mansion 14 Master BR w/ 2 Pools in Cairo,30.0231,31.4829,4.8925321888412014,0.0,4.880128755364806,4.831845493562232,4.815214592274679,4.830793991416309,1.0,False,14,16.0,69,False,True,False
Luxury 6BR Villa with Private Pool | 157,30.06637,30.94737,4.8925321888412014,0.0,4.880128755364806,4.831845493562232,4.815214592274679,4.830793991416309,1.0,False,6,8.0,166,True,True,False
Lovely 3 bedroom apartment with open view,30.01102,31.53876,4.8925321888412014,0.0,4.880128755364806,4.831845493562232,4.815214592274679,4.830793991416309,1.0,False,3,2.5,11,False,False,False
Unknown,30.0939,31.6238,4.8925321888412014,0.0,4.880128755364806,4.831845493562232,4.815214592274679,4.830793991416309,1.0,False,2,1.0,1,False,False,False
Penthouse in new Cairo,30.10002,31.37363,4.8925321888412014,0.0,4.880128755364806,4.831845493562232,4.815214592274679,4.830793991416309,1.0,False,4,5.0,80,False,False,False
Al Sawah I Luxury 6BD Smart Villa with Heated Pool,30.065937191344613,30.958154131774148,4.8925321888412014,0.0,4.880128755364806,4.831845493562232,4.815214592274679,4.830793991416309,1.0,False,6,6.0,58,False,True,False
Shared pyramids view Rome 10 minutes to pyramid,29.99081,31.1283,4.8925321888412014,0.0,4.880128755364806,4.831845493562232,4.815214592274679,4.830793991416309,1.0,False,3,1.0,102,False,False,False
"A unique opportunity, a hotel apartment",29.9959,31.1652,4.8925321888412014,0.0,4.880128755364806,4.831845493562232,4.815214592274679,4.830793991416309,2.0,False,1,2.0,126,True,False,False
downtown studio,30.0393,31.2365,4.8925321888412014,0.0,4.880128755364806,4.831845493562232,4.815214592274679,4.830793991416309,2.0,False,0,1.0,12,False,False,False
Annual rent only 3 bedrooms 3 bathrooms first floor,30.0535,31.20689,4.8925321888412014,0.0,4.880128755364806,4.831845493562232,4.815214592274679,4.830793991416309,1.0,False,3,3.0,11,False,False,False
Apartment in sheraton El Matar for foreigners only,30.1048,31.365,4.8925321888412014,0.0,4.880128755364806,4.831845493562232,4.815214592274679,4.830793991416309,1.0,False,3,2.0,50,False,False,False
Cuddle warm stay,30.02077,31.49543,4.8925321888412014,0.0,4.880128755364806,4.831845493562232,4.815214592274679,4.830793991416309,1.0,False,2,2.0,34,False,False,False
Villas D'Egypte Mansoureya- Boutique Stays,30.11082,31.06395,5.0,3.0,5.0,5.0,5.0,4.33,1.0,True,7,7.0,86,False,True,False
Beautiful roof for anyone,30.10373,31.31745,4.8925321888412014,0.0,4.880128755364806,4.831845493562232,4.815214592274679,4.830793991416309,1.0,False,3,1.0,10,False,False,False
Villa 17 B Al Mansourya view 1,30.1375,31.0712,4.73,11.0,4.73,4.45,4.55,4.27,1.0,True,3,3.5,73,False,True,False
ELITE | 6BR Palace • Elegant Royal Stay,30.0258,30.9998,4.8925321888412014,0.0,4.880128755364806,4.831845493562232,4.815214592274679,4.830793991416309,1.0,False,7,10.0,9,False,False,False
Luxurious apartment in nasr city,30.0668,31.3358,4.8925321888412014,0.0,4.880128755364806,4.831845493562232,4.815214592274679,4.830793991416309,1.0,False,3,3.0,70,False,False,False
Abu Al-Feda Zamalek 3 bedrooms,30.04555,31.23643,4.8925321888412014,0.0,4.880128755364806,4.831845493562232,4.815214592274679,4.830793991416309,1.0,False,1,2.0,26,True,False,False
Alsawah | Majestic 6BR Residence | Private Oasis,30.008531485908907,31.01549079282133,4.8925321888412014,0.0,4.880128755364806,4.831845493562232,4.815214592274679,4.830793991416309,1.0,False,6,10.0,72,False,True,False
Executive Suite at 5 stars hotel in Zamalek,30.06577,31.21499,3.0,2.0,3.0,3.0,3.0,3.0,1.0,True,1,1.0,1,False,False,False
"السعر2000 فى اليوم
Price: 2000 per day",30.0638,31.2202,4.8925321888412014,0.0,4.880128755364806,4.831845493562232,4.815214592274679,4.830793991416309,2.0,False,1,1.0,18,False,False,False
Apartment with great finishing and a classy location,30.08704,31.33643,4.8925321888412014,0.0,4.880128755364806,4.831845493562232,4.815214592274679,4.830793991416309,1.0,False,3,3.0,30,False,False,False
Comfort,29.9767,31.2485,4.8925321888412014,0.0,4.880128755364806,4.831845493562232,4.815214592274679,4.830793991416309,1.0,False,1,1.0,9,False,False,False
Apartment with a view of the pyramids,29.9791,31.1608,4.8925321888412014,0.0,4.880128755364806,4.831845493562232,4.815214592274679,4.830793991416309,1.0,False,2,1.0,11,False,False,False
Unknown,30.007,31.5411,5.0,2.0,5.0,5.0,5.0,5.0,2.0,True,4,3.5,1,False,False,False
House 3 rooms and bathroom,29.9524,31.2722,4.8925321888412014,0.0,4.880128755364806,4.831845493562232,4.815214592274679,4.830793991416309,1.0,False,2,1.0,14,False,False,False
enjoy the fun in madinaty city,30.1019,31.6114,4.8925321888412014,0.0,4.880128755364806,4.831845493562232,4.815214592274679,4.830793991416309,1.0,False,3,1.0,9,False,False,False
b15 My city,30.0753,31.6585,4.8925321888412014,0.0,4.880128755364806,4.831845493562232,4.815214592274679,4.830793991416309,1.0,False,1,1.0,31,False,False,False
Amazing Rental Opportunity!,29.9642,31.2729,4.8925321888412014,0.0,4.880128755364806,4.831845493562232,4.815214592274679,4.830793991416309,1.0,False,4,3.0,52,False,False,False
Jacuzzi Studio By The Historic Pyramids (Apt.3),29.97727,31.14582,4.9,20.0,4.9,4.85,4.85,4.95,103.6,True,1,1.0,268,True,True,False
Cairo and Alex Budget Tours,30.01619,31.21482,4.8925321888412014,0.0,4.880128755364806,4.831845493562232,4.815214592274679,4.830793991416309,1.0,False,4,1.0,61,False,False,False
"Cairo, Nasr City, Abbas El-Akkad",30.06889,31.33742,4.8925321888412014,0.0,4.880128755364806,4.831845493562232,4.815214592274679,4.830793991416309,1.0,False,1,1.0,18,False,False,False
"stunning 2 bedroom flat with pool view
in Mivida",30.00689,31.53403,4.8925321888412014,0.0,4.880128755364806,4.831845493562232,4.815214592274679,4.830793991416309,1.0,False,2,1.5,100,False,True,False
Maadi Garden Compound next to the Fishing Club,30.0524,31.2305,4.8925321888412014,0.0,4.880128755364806,4.831845493562232,4.815214592274679,4.830793991416309,2.0,False,3,2.0,14,False,False,False
Luxury apartment with Nile view,30.055490679204876,31.21234135367557,4.8925321888412014,0.0,4.880128755364806,4.831845493562232,4.815214592274679,4.830793991416309,1.0,False,2,1.0,17,False,False,False
"Abbas Al-Akkad Al-Raisi, Nasr City",30.06379,31.33794,4.8925321888412014,0.0,4.880128755364806,4.831845493562232,4.815214592274679,4.830793991416309,1.0,False,1,1.0,30,False,False,False
villa in katameya dunes .new Cairo 3,29.9735938358492,31.37955091071872,4.8925321888412014,0.0,4.880128755364806,4.831845493562232,4.815214592274679,4.830793991416309,1.0,False,6,3.0,58,False,True,False
Modern villa overlooking Abu Sir Pyramids,29.89204,31.21373,4.82,45.0,4.82,4.87,4.64,4.6,715.37,True,4,4.5,30,False,True,False
"Hills Villa, Rehab city",30.06626,31.48533,4.8925321888412014,0.0,4.880128755364806,4.831845493562232,4.815214592274679,4.830793991416309,1.0,False,4,4.0,55,False,False,False
New annual legal rent,29.99661,31.01448,4.8925321888412014,0.0,4.880128755364806,4.831845493562232,4.815214592274679,4.830793991416309,1.0,False,4,4.0,97,False,True,False
Golf View Penthouse | Rooftop Jacuzzi · 5BR ·,30.0122,31.443,5.0,11.0,5.0,5.0,5.0,4.91,700.0,True,5,4.0,234,False,True,False
Abusir Pyramids Retreat,29.8995,31.2077,4.94,133.0,4.95,4.86,4.88,4.65,700.15,True,5,5.5,223,True,True,False
The Only 5 En-Suite Pool Villa Inside CFC,30.03626,31.41681,5.0,3.0,5.0,5.0,5.0,5.0,582.3,True,5,4.5,261,False,True,False
Abu Sir Pyramids & Palm view villa newly renovated,29.8918,31.2197,4.81,73.0,4.89,4.88,4.63,4.59,641.61,True,5,5.5,295,True,True,False
Rooftop Nile Duplex| Panoramic View Zamalek island,30.05115,31.23047,5.0,10.0,4.9,5.0,4.8,4.8,720.72,True,7,4.0,354,False,False,False
The best place to stay,30.05549,31.29055,4.8925321888412014,0.0,4.880128755364806,4.831845493562232,4.815214592274679,4.830793991416309,1.0,False,2,1.0,12,False,False,False
"House of Kheops ""Under the Great Pyramid""",29.98656,31.109,4.75,8.0,4.88,4.88,4.63,5.0,799.27,True,4,4.0,250,False,True,True
Lovely 3 bedroom apartment with open view,30.01074,31.54075,4.8925321888412014,0.0,4.880128755364806,4.831845493562232,4.815214592274679,4.830793991416309,1.0,False,3,3.0,11,False,False,False
Unknown,30.017398442411803,31.483336515478115,5.0,4.0,4.75,4.75,4.75,5.0,504.6,True,5,4.0,1,False,False,False
Furnished Villa for rent with private pool,30.0593,31.4875,5.0,1.0,3.0,5.0,5.0,5.0,685.41,True,3,3.0,175,False,True,False
"St. Regis, 3 Bedroom Suite, Partial Nile view",30.0629,31.2279,5.0,1.0,4.0,5.0,3.0,5.0,743.38,True,3,1.0,277,False,False,False
Luxury 5BR/ mansion with pool in New Cairo.,30.00648,31.54454,4.91,11.0,5.0,4.91,4.82,5.0,605.8,True,5,5.0,9,False,False,False
Spacious 7 Master BR Mansion with Private pool,30.023,31.4832,5.0,3.0,5.0,5.0,5.0,4.67,700.0,True,7,8.0,69,False,True,False
5 Star Zamalek Penthouse on the Nile - 3 bedrooms,30.0675,31.2222,5.0,2.0,5.0,5.0,5.0,5.0,788.67,True,4,5.0,86,False,False,False
"7 Days Budget Luxor, Hurghada & Cairo Tour",30.01599,31.21415,4.8925321888412014,0.0,4.880128755364806,4.831845493562232,4.815214592274679,4.830793991416309,1.0,False,4,1.0,68,False,False,False
"Villa I 5BR, Pool, Jacuzzi",30.0098,31.485,5.0,2.0,5.0,5.0,5.0,5.0,540.0,True,5,3.0,110,False,True,False
"Villa for daily rent, furnished with cinema",30.08432252580841,31.64819215456974,4.8925321888412014,0.0,4.880128755364806,4.831845493562232,4.815214592274679,4.830793991416309,543.26,False,3,3.0,32,False,False,False
Spacious 5 Master BR Mansion with private pool,30.022877793905398,31.482462783054608,5.0,2.0,5.0,5.0,5.0,5.0,600.0,True,5,5.5,48,False,True,False
Modern five-bedroom master villa in Sheikh Zayed,30.07078,30.94473,4.8925321888412014,0.0,4.880128755364806,4.831845493562232,4.815214592274679,4.830793991416309,592.44,False,5,5.0,9,False,False,False
"Duplex Hotel Villa in Dokki, Al-Mesaha Square",30.0362,31.2136,5.0,3.0,5.0,4.67,4.67,5.0,608.83,True,3,3.0,32,False,False,False
Luxury accommodation on the Nile directly in Zamalek,30.06966,31.22102,4.8925321888412014,0.0,4.880128755364806,4.831845493562232,4.815214592274679,4.830793991416309,537.41,False,4,5.0,101,True,False,False
Luxury condotel with a charming view of the Nile and the pyramids,29.98709,31.23052,4.8925321888412014,0.0,4.880128755364806,4.831845493562232,4.815214592274679,4.830793991416309,1.0,False,5,6.0,202,False,False,False
Spacious 6BR Villa With Swimming Pool,30.02281,31.48507,5.0,8.0,4.88,4.88,4.75,4.75,640.0,True,6,5.0,69,False,True,False
"VESTA Oriana Villas| 4BR With Pool, Cairo festival",30.0371,31.4161,4.8,5.0,4.8,4.8,4.6,4.6,541.0,True,4,3.5,305,True,False,False
Stunning Villa near The Pyramids,29.93014,31.18286,4.84,25.0,4.84,4.96,4.64,4.24,597.12,True,9,6.5,549,False,True,False
Exclusive golf view 4BD w/ Pool&Jacuzzi mansion,30.02347,31.42431,4.67,6.0,4.67,4.83,4.83,4.83,583.0,True,4,4.0,130,False,True,False
"Apartment for rent on the Nile Corniche, Pearl Towers",30.0781,31.2303,4.8925321888412014,0.0,4.880128755364806,4.831845493562232,4.815214592274679,4.830793991416309,585.41,False,3,2.5,101,True,False,False
"Villa Garnet I 5Br, Pool & GYM",30.00079,31.51073,5.0,14.0,4.86,4.86,4.79,5.0,600.0,True,5,4.5,256,True,True,False
"Villa Jade I 5BR, Pool, Jacuzzi",30.02271,31.42386,5.0,22.0,4.91,4.82,4.64,4.86,816.0,True,5,3.0,134,False,True,False
Unknown,30.010433566289496,31.43816597278476,5.0,1.0,5.0,5.0,5.0,5.0,567.85,True,9,3.0,1,False,False,False
Unknown,30.05968,31.48681,4.8925321888412014,0.0,4.880128755364806,4.831845493562232,4.815214592274679,4.830793991416309,687.45,False,3,3.0,1,False,False,False
Unknown,30.04401,31.00575,4.8925321888412014,0.0,4.880128755364806,4.831845493562232,4.815214592274679,4.830793991416309,643.95,False,8,9.0,1,False,False,False
Four Seasons Luxurious Apartment,30.03605,31.22977,4.96,28.0,4.93,4.89,4.89,5.0,641.61,True,2,2.5,176,False,True,False
Prince Naguib Palace Dahab Island,29.997700368636444,31.228639310776646,4.8925321888412014,0.0,4.880128755364806,4.831845493562232,4.815214592274679,4.830793991416309,702.49,False,3,1.0,16,False,False,False
Furnished villa for rent with swimming pool,30.05957,31.48795,4.8925321888412014,0.0,4.880128755364806,4.831845493562232,4.815214592274679,4.830793991416309,681.99,False,4,3.0,79,False,True,False
Luxury 6 Bedroom Villa heated Pool-Beverly Hills,30.0673,30.9591,5.0,13.0,5.0,4.92,5.0,5.0,948.15,True,6,6.0,269,True,True,False
Experience luxury and comfort in the heart of Al-Rehab City,30.0545,31.4673,4.8925321888412014,0.0,4.880128755364806,4.831845493562232,4.815214592274679,4.830793991416309,1.0,False,3,2.0,40,False,False,False
VIP Villa,29.9831,31.0029,4.8925321888412014,0.0,4.880128755364806,4.831845493562232,4.815214592274679,4.830793991416309,614.68,False,6,5.0,84,False,False,False
Unknown,29.98145,31.27841,4.8925321888412014,0.0,4.880128755364806,4.831845493562232,4.815214592274679,4.830793991416309,1.0,False,2,1.0,1,False,False,False
"Villa Onyx I 4BR, Indoor Pool, Sauna, Golf view",29.999593670171905,31.525099848897824,5.0,3.0,5.0,5.0,5.0,5.0,700.0,True,4,4.5,68,False,True,False
Apartment in Al-Rehab New Cairo,30.05484,31.46763,4.8925321888412014,0.0,4.880128755364806,4.831845493562232,4.815214592274679,4.830793991416309,1.0,False,3,1.0,13,False,False,False
Bohemian Luxury on the Nile/ Zamalek Loft,30.05494,31.21774,4.94,110.0,4.94,4.93,4.8,4.93,250.0,True,2,1.5,74,False,False,False
Elite Duplex | Private Pool | Lake View Residence,30.02722,31.54131,5.0,1.0,5.0,5.0,4.0,5.0,247.0,True,3,4.5,439,True,True,False
Elysian 7 Master BR Mansion with Private Pool,30.0235,31.4828,5.0,3.0,5.0,4.67,5.0,5.0,700.0,True,7,8.0,69,False,True,False
Penthouse w/ Private Rooftop Pool & Lake Views,30.02566,31.53888,5.0,4.0,5.0,5.0,5.0,5.0,343.6,True,4,3.0,444,False,True,False
Heaven Rooftop with Jacuzzi in Sarayat Maadi,29.9626,31.2659,4.98,59.0,5.0,4.98,4.97,4.97,263.43,True,1,1.5,153,True,True,False
"The most luxurious apartment in Zamalek, Aziz Abaza",30.06006353719748,31.2252921837026,4.83,6.0,4.83,4.83,4.67,5.0,665.03,True,6,6.0,100,False,False,False
Comfy stay,30.05786,31.51458,4.8925321888412014,0.0,4.880128755364806,4.831845493562232,4.815214592274679,4.830793991416309,1.0,False,3,3.0,11,False,False,False
Zamalek 5bdr Nile view rooftop,30.066627976299674,31.22208440551136,5.0,3.0,5.0,5.0,5.0,5.0,541.56,True,5,4.0,81,False,True,False
Penthouse with Private Pool in Lake View Residence,30.023,31.5414,4.86,29.0,4.9,4.69,4.79,4.93,301.4,True,4,4.5,71,False,True,False
New Cairo Lake View Residence Duplex with Pool,30.02395,31.5363,4.85,55.0,4.91,4.84,4.75,4.64,313.8,True,3,3.5,208,True,True,False
Nile View at Four Seasons 2BD with Crimson Chamber,30.03585,31.22828,4.8925321888412014,0.0,4.880128755364806,4.831845493562232,4.815214592274679,4.830793991416309,638.1,False,2,2.5,566,False,True,False
Brassbell Zamalek Om Kolthoum 3BR Central Loc 4,30.06375,31.21514,4.82,66.0,4.85,4.65,4.71,4.91,305.6,True,3,3.0,54,False,False,False
Unknown,29.98746,31.23017,4.81,74.0,4.88,4.72,4.81,4.84,292.71,True,3,3.0,1,False,False,False
Rustic Luxe Garden Villa,29.9595,31.2589,5.0,1.0,5.0,5.0,5.0,5.0,351.25,True,3,2.5,19,False,False,False
Grand 5BR Villa with Garden | By 5A at New Cairo,30.01131656386752,31.409468417597445,4.95,20.0,4.9,4.9,4.9,4.95,374.8,True,5,4.0,223,False,False,False
An amazing Apartment for rent,30.0757,31.6727,4.8925321888412014,0.0,4.880128755364806,4.831845493562232,4.815214592274679,4.830793991416309,1.0,False,2,2.0,8,False,False,False
"Madinah Al Munawarah Compound
Hadaeq Akt",29.9163,31.06,4.8925321888412014,0.0,4.880128755364806,4.831845493562232,4.815214592274679,4.830793991416309,1.0,False,2,1.0,52,False,False,False
Alsawah | Luxe 7BR All Ensuite @Palm Hills Golf Ex,29.99529243616239,31.03939316720273,5.0,2.0,5.0,5.0,5.0,5.0,690.0,True,7,7.0,791,True,False,False
Luxury 4-Floor Villa with Pyramids Panoramic view,30.0127,31.1044,4.94,18.0,4.94,4.78,4.94,4.89,251.73,True,6,10.0,248,True,True,False
Bayt Shorouk Oasis - Your Chic Green Escape-Nesty,30.0212,31.1001,5.0,2.0,5.0,5.0,5.0,5.0,271.54,True,4,4.5,607,False,True,False
Lux private home Sheikh zayed,30.037954460420423,30.961577282489856,4.92,62.0,4.89,4.94,4.89,4.92,292.71,True,4,3.0,81,False,True,False
3 Rooms l Cairo Group Stay w/ Pool & Spa Access,30.080555,30.905894,4.8925321888412014,0.0,4.880128755364806,4.831845493562232,4.815214592274679,4.830793991416309,637.83,False,3,1.0,240,False,True,False
Comfy home,30.06677,31.35597,4.8925321888412014,0.0,4.880128755364806,4.831845493562232,4.815214592274679,4.830793991416309,585.41,False,2,2.0,11,False,False,False
Unknown,29.92769709461667,31.549326419987427,4.8925321888412014,0.0,4.880128755364806,4.831845493562232,4.815214592274679,4.830793991416309,491.75,False,5,6.0,1,False,False,False
3 Bedroom and 1 Living Room Apartment,30.0692,30.939,4.8925321888412014,0.0,4.880128755364806,4.831845493562232,4.815214592274679,4.830793991416309,712.33,False,3,3.0,63,False,False,False
New Cairo's Poolside Oasis,30.02123,31.54025,4.88,67.0,4.85,4.7,4.73,4.78,256.0,True,3,3.0,352,False,True,False
Nice view and close to city stars,30.04968,31.35701,4.8925321888412014,0.0,4.880128755364806,4.831845493562232,4.815214592274679,4.830793991416309,409.79,False,3,2.5,1,False,False,False
VIP Villa in Sheikh Zayed - Al-Ajria,30.07151,30.96654,4.8925321888412014,0.0,4.880128755364806,4.831845493562232,4.815214592274679,4.830793991416309,492.68,False,5,4.0,33,False,True,False
Helmy's home,29.9758,30.9383,5.0,1.0,5.0,5.0,5.0,4.0,585.41,True,1,1.0,11,False,False,False
Stylish Villa 4BDR With Pool@ Palm Hills October,29.99267,31.02834,4.8925321888412014,0.0,4.880128755364806,4.831845493562232,4.815214592274679,4.830793991416309,602.88,False,4,5.0,152,True,True,False
6-room villa,30.0582,30.99946,4.8925321888412014,0.0,4.880128755364806,4.831845493562232,4.815214592274679,4.830793991416309,643.95,False,6,6.0,9,False,False,False
Alsawah | Luxury 5BR Villa @Green Heights compound,30.00164063502168,30.96092808429563,4.8925321888412014,0.0,4.880128755364806,4.831845493562232,4.815214592274679,4.830793991416309,705.0,False,5,4.0,33,False,True,False
Zamalek house,30.06241279062483,31.22438444926347,4.8925321888412014,0.0,4.880128755364806,4.831845493562232,4.815214592274679,4.830793991416309,702.49,False,6,4.0,14,False,False,False
Palm Hills Zayed Palace for rent,30.0082170029309,31.024295687447083,4.8925321888412014,0.0,4.880128755364806,4.831845493562232,4.815214592274679,4.830793991416309,936.66,False,7,8.0,49,False,True,False
Luxury villa in Uptown Cairo- Elite compound,30.0197,31.2987,5.0,1.0,5.0,5.0,3.0,5.0,533.0,True,4,3.5,86,True,True,False
Villa for rent,29.89093,30.8871,4.8925321888412014,0.0,4.880128755364806,4.831845493562232,4.815214592274679,4.830793991416309,643.95,False,6,7.0,56,False,True,False
Unknown,30.03926617378836,31.03550104270195,5.0,1.0,5.0,4.0,4.0,5.0,505.8,True,4,4.0,1,False,False,False
Royal Palace for daily rent inside Palm Hills Compound,29.9953,31.026,4.8925321888412014,0.0,4.880128755364806,4.831845493562232,4.815214592274679,4.830793991416309,761.04,False,7,9.0,9,False,False,False
10 full hotel rooms in Sheikh Zayed,30.038971610995603,30.98082936950036,4.8925321888412014,0.0,4.880128755364806,4.831845493562232,4.815214592274679,4.830793991416309,971.78,False,10,19.0,92,True,True,False
Lavish 4BD Apartment Nile View,30.021020845919956,31.221862764449444,4.8925321888412014,0.0,4.880128755364806,4.831845493562232,4.815214592274679,4.830793991416309,632.25,False,4,4.0,62,False,False,False
Ancient Wonders & Modern Comforts l 3 Rooms,30.080555,30.905894,4.8925321888412014,0.0,4.880128755364806,4.831845493562232,4.815214592274679,4.830793991416309,637.83,False,3,1.0,240,False,True,False
FANY Pyramids View,29.978503559419416,31.14580133169591,4.99,89.0,5.0,4.98,4.94,4.87,124.11,True,1,1.0,500,True,False,False
"Furnished apartment for rent in Mivida, 3 bedrooms",30.00797,31.5407,4.8925321888412014,0.0,4.880128755364806,4.831845493562232,4.815214592274679,4.830793991416309,684.72,False,3,3.0,34,False,False,False
"Ancient Thrills, Modern Spa & Pool l 4 Rooms",30.080555,30.905894,4.8925321888412014,0.0,4.880128755364806,4.831845493562232,4.815214592274679,4.830793991416309,661.2,False,4,1.0,236,False,True,False
Modern Villa | Mountain View October,29.99198745548937,30.88947163610252,4.8925321888412014,0.0,4.880128755364806,4.831845493562232,4.815214592274679,4.830793991416309,354.64,False,5,4.0,10,False,False,False
Grand 8BDR Villa With Garden @Beverly Hills Zayed,30.0648,30.9468,4.8925321888412014,0.0,4.880128755364806,4.831845493562232,4.815214592274679,4.830793991416309,678.13,False,8,9.0,125,False,False,False
Sheikh Zayed Promenade,30.06641924641129,30.99160253109052,4.8925321888412014,0.0,4.880128755364806,4.831845493562232,4.815214592274679,4.830793991416309,643.95,False,7,0.0,9,False,False,False
Cozy stay with Nile view in Zamalek,30.0545,31.2182,4.8925321888412014,0.0,4.880128755364806,4.831845493562232,4.815214592274679,4.830793991416309,425.0,False,3,3.0,63,False,False,False
Relaxing 4 bedroom villa-private outdoor area,30.09442,31.63577,5.0,1.0,5.0,5.0,5.0,5.0,521.02,True,4,4.5,10,False,False,False
Royal City Compound,30.06827,31.0121,4.8925321888412014,0.0,4.880128755364806,4.831845493562232,4.815214592274679,4.830793991416309,491.75,False,6,4.0,19,False,False,False
Pool house gateaway in New Zayed,30.079034062365743,30.900127661861205,4.8925321888412014,0.0,4.880128755364806,4.831845493562232,4.815214592274679,4.830793991416309,585.41,False,6,5.0,47,False,True,False
Apartment lux-rent in new cairo,30.0649,31.4497,4.8925321888412014,0.0,4.880128755364806,4.831845493562232,4.815214592274679,4.830793991416309,526.87,False,3,3.0,25,False,False,False
Al Sawah | 6BR Villa w / Private Pool in Al Karma 1,30.02722261951549,30.99687867658561,4.8925321888412014,0.0,4.880128755364806,4.831845493562232,4.815214592274679,4.830793991416309,769.0,False,6,6.0,301,False,True,False
Aura Room @Space Home,29.9567,31.2781,5.0,4.0,5.0,5.0,5.0,5.0,507.2,True,3,1.0,445,False,False,False
7-room mansion inside Palm Hills,29.99487,31.02495,4.8925321888412014,0.0,4.880128755364806,4.831845493562232,4.815214592274679,4.830793991416309,693.6,False,7,7.0,9,False,False,False
Chic Villa with Pool | 154,30.03008,31.45124,4.8925321888412014,0.0,4.880128755364806,4.831845493562232,4.815214592274679,4.830793991416309,817.46,False,5,7.0,165,False,True,False
A royal palace for daily rent in Sheikh Zayed,30.05769,31.00005,4.8925321888412014,0.0,4.880128755364806,4.831845493562232,4.815214592274679,4.830793991416309,643.95,False,6,6.0,21,False,False,False
Villa in the community for daily rent,30.01181,31.48074,4.8925321888412014,0.0,4.880128755364806,4.831845493562232,4.815214592274679,4.830793991416309,962.89,False,5,5.0,42,True,True,False
3-bedroom apartment in Maadi,29.9597,31.264,4.8925321888412014,0.0,4.880128755364806,4.831845493562232,4.815214592274679,4.830793991416309,585.41,False,3,2.5,15,False,False,False
Luxurious Townhouse With Pool,30.0689044895959,30.945093548014007,4.8925321888412014,0.0,4.880128755364806,4.831845493562232,4.815214592274679,4.830793991416309,738.83,False,4,4.0,78,False,True,False
6-bedroom villa for daily rent in Sheikh Zayed,30.07131,30.94438,4.8925321888412014,0.0,4.880128755364806,4.831845493562232,4.815214592274679,4.830793991416309,690.79,False,6,5.5,9,False,False,False
Royal Room @Space Home,29.9567,31.2781,5.0,3.0,5.0,5.0,5.0,5.0,501.0,True,3,1.0,461,False,False,False
5|BR Mansion in sheikh zayed city,30.0587,31.0004,4.8925321888412014,0.0,4.880128755364806,4.831845493562232,4.815214592274679,4.830793991416309,643.95,False,5,6.0,7,False,False,False
Villa for rent with private pool,30.00076,31.17602,4.8925321888412014,0.0,4.880128755364806,4.831845493562232,4.815214592274679,4.830793991416309,679.08,False,5,3.0,91,False,True,False
Golf-Front 7BR Villa + Private Pool | Al Rabwah,29.955120993702053,30.92256993886449,4.8925321888412014,0.0,4.880128755364806,4.831845493562232,4.815214592274679,4.830793991416309,496.43,False,7,6.0,150,False,True,False
Luxury Mansion In Sheikh Zayed,30.08252643877542,30.98587604736013,4.8925321888412014,0.0,4.880128755364806,4.831845493562232,4.815214592274679,4.830793991416309,679.08,False,5,6.0,32,False,True,False
VIP hotel villa for rent,30.0702,30.94751,4.8925321888412014,0.0,4.880128755364806,4.831845493562232,4.815214592274679,4.830793991416309,585.41,False,5,6.0,31,True,True,False
Alsawah | Luxe 5BR @Palm Hills Bamboo Ex.,30.006145716685037,31.0221210996691,4.8925321888412014,0.0,4.880128755364806,4.831845493562232,4.815214592274679,4.830793991416309,552.4,False,5,5.0,63,False,True,False
Modern 3 BR amazing location fifth settlement,30.06324,31.52063,4.8925321888412014,0.0,4.880128755364806,4.831845493562232,4.815214592274679,4.830793991416309,526.87,False,3,1.0,104,True,False,False
Special apartment for rent,30.07429298148537,31.553874245318656,4.8925321888412014,0.0,4.880128755364806,4.831845493562232,4.815214592274679,4.830793991416309,585.41,False,3,2.0,49,False,False,False
Unknown,30.080555,30.905894,4.8925321888412014,0.0,4.880128755364806,4.831845493562232,4.815214592274679,4.830793991416309,661.2,False,4,1.0,1,False,False,False
palace in compound @elsheikh zayed 6 bedrooms,30.0366,31.0258,4.8925321888412014,0.0,4.880128755364806,4.831845493562232,4.815214592274679,4.830793991416309,503.45,False,6,7.0,59,False,True,False
palace in Beverly Hills.zayed 8 bedrooms with pool,30.06721,30.94253,4.8925321888412014,0.0,4.880128755364806,4.831845493562232,4.815214592274679,4.830793991416309,707.18,False,8,12.0,64,False,True,False
Hotel apartment close to nile,30.0393,31.2151,4.8925321888412014,0.0,4.880128755364806,4.831845493562232,4.815214592274679,4.830793991416309,591.75,False,3,2.0,18,False,False,False
Al-Jawhara Hotel Apartment,30.0564,30.982,4.8925321888412014,0.0,4.880128755364806,4.831845493562232,4.815214592274679,4.830793991416309,585.41,False,3,3.0,14,False,False,False
7 bedrooms palace-sheikh zayed,29.995777380736342,31.0376956161168,4.8925321888412014,0.0,4.880128755364806,4.831845493562232,4.815214592274679,4.830793991416309,679.08,False,7,7.0,20,False,True,False
Palm Hills House,29.9916,31.029,4.8925321888412014,0.0,4.880128755364806,4.831845493562232,4.815214592274679,4.830793991416309,777.61,False,4,2.0,84,False,False,False
Beautiful Furnished Doplex,29.9974,31.4243,4.8925321888412014,0.0,4.880128755364806,4.831845493562232,4.815214592274679,4.830793991416309,585.41,False,3,2.0,80,False,False,False
Alsawah|Luxury 6BR Villa with Private Pool,30.04262,31.00669,4.8925321888412014,0.0,4.880128755364806,4.831845493562232,4.815214592274679,4.830793991416309,505.0,False,6,5.0,70,False,True,False
Golden Paradise Villa,29.992,30.8862,4.8925321888412014,0.0,4.880128755364806,4.831845493562232,4.815214592274679,4.830793991416309,613.43,False,4,5.0,467,False,True,False
"Villa of Dreams, 3 Bedrooms, 3 Bathrooms, Luxury 7 Stars",30.0066,30.9754,4.8925321888412014,0.0,4.880128755364806,4.831845493562232,4.815214592274679,4.830793991416309,629.9,False,3,3.0,119,False,True,False
Unknown,29.95903,31.2525,5.0,3.0,4.67,4.0,5.0,5.0,600.63,True,3,1.5,1,False,False,False
Luxury 7BDR with Pool@ Palm Hills Sheikh Zayed,29.9916,31.029,4.8925321888412014,0.0,4.880128755364806,4.831845493562232,4.815214592274679,4.830793991416309,675.1,False,7,8.0,216,True,True,False
Unknown,30.0269,31.2174,4.8925321888412014,0.0,4.880128755364806,4.831845493562232,4.815214592274679,4.830793991416309,526.87,False,4,3.0,1,False,False,False
Relaxing Villa 7BDR&Pool @Palm Hills ElSeikh Zayed,29.99252,31.0278,4.8925321888412014,0.0,4.880128755364806,4.831845493562232,4.815214592274679,4.830793991416309,904.33,False,7,8.0,119,True,False,False
"Villa for rent with private pool, a masterpiece",30.00177,31.1749,4.8925321888412014,0.0,4.880128755364806,4.831845493562232,4.815214592274679,4.830793991416309,655.66,False,5,4.0,85,False,False,False
Unknown,30.17164,31.46058,4.8925321888412014,0.0,4.880128755364806,4.831845493562232,4.815214592274679,4.830793991416309,761.04,False,4,3.0,1,False,False,False
Luxury standalone villa with private pool,30.0253,31.4764,4.8925321888412014,0.0,4.880128755364806,4.831845493562232,4.815214592274679,4.830793991416309,822.86,False,5,4.0,9,False,False,False
"107 sqm apartment, two rooms for hotel rent in my city",30.09551,31.63167,4.8925321888412014,0.0,4.880128755364806,4.831845493562232,4.815214592274679,4.830793991416309,1.0,False,2,2.0,48,False,False,False
Villa for daily & monthly Ren,30.07056,30.94806,4.8925321888412014,0.0,4.880128755364806,4.831845493562232,4.815214592274679,4.830793991416309,561.99,False,6,5.0,42,True,True,False
"Villa Joleen
Villa Joleen",30.0767,30.97638,5.0,1.0,5.0,5.0,5.0,5.0,818.39,True,5,6.0,97,False,True,False
Alsawah | Lux Villa w/Private Pool in Sheikh Zayed,30.06916,30.94808,5.0,1.0,5.0,5.0,5.0,5.0,565.0,True,5,5.0,126,False,True,False
Soul Room @SpaceHome,29.95727,31.27693,5.0,3.0,5.0,5.0,5.0,4.67,501.0,True,3,1.0,444,False,False,False
Abu Ghaliaa l Sh. Zayed l Green Revolution,30.0587,31.0004,4.8925321888412014,0.0,4.880128755364806,4.831845493562232,4.815214592274679,4.830793991416309,702.49,False,5,7.0,60,False,True,False
Stylish 5BDR Villa @ Green Revolution - Sheikh Zayed,30.05905,30.99965,4.8925321888412014,0.0,4.880128755364806,4.831845493562232,4.815214592274679,4.830793991416309,843.46,False,5,8.0,181,True,True,False
Luxurious palace for rent in Sheikh Zayed,30.00433274374348,31.035223254041757,4.8925321888412014,0.0,4.880128755364806,4.831845493562232,4.815214592274679,4.830793991416309,702.49,False,5,6.0,63,False,True,False
"Dar Misr Compound, Al-Qarnfil, 2nd floor, 3 rooms, owner",30.0077,31.42939,5.0,1.0,5.0,5.0,5.0,5.0,841.13,True,3,2.0,14,False,False,False
Villa Eltayeb,30.1809,30.8522,4.8925321888412014,0.0,4.880128755364806,4.831845493562232,4.815214592274679,4.830793991416309,577.92,False,9,12.0,89,False,False,False
Bright & Modern 4BR Flat | Nasr City,30.0602,31.3404,4.8925321888412014,0.0,4.880128755364806,4.831845493562232,4.815214592274679,4.830793991416309,684.72,False,4,2.0,64,False,False,False
"2bedrooms
1bathroom 
garden view",30.03541322221993,31.47489606017647,4.8925321888412014,0.0,4.880128755364806,4.831845493562232,4.815214592274679,4.830793991416309,604.15,False,2,1.0,8,False,False,False
Mivida emaar twin house,30.0033,31.5383,4.8925321888412014,0.0,4.880128755364806,4.831845493562232,4.815214592274679,4.830793991416309,409.79,False,3,1.0,117,False,False,False
be close to everything,29.97237439277063,31.32318910172757,4.8925321888412014,0.0,4.880128755364806,4.831845493562232,4.815214592274679,4.830793991416309,608.83,False,2,1.0,62,False,False,False
Hotel rooms in Sheikh Zayed City,30.03704,30.96845,4.8925321888412014,0.0,4.880128755364806,4.831845493562232,4.815214592274679,4.830793991416309,762.25,False,10,18.0,33,False,True,False
Nassimah_Lodge,29.87035,31.22489,5.0,3.0,5.0,5.0,5.0,5.0,936.66,True,8,6.0,156,False,False,False
Hotel apartment,30.03839,31.2157,4.8925321888412014,0.0,4.880128755364806,4.831845493562232,4.815214592274679,4.830793991416309,603.45,False,2,2.0,11,False,False,False
"Luxury villa with private pool, sauna and Jacuzzi",30.07118,30.96004,4.8925321888412014,0.0,4.880128755364806,4.831845493562232,4.815214592274679,4.830793991416309,602.43,False,5,7.0,33,False,True,False
Elysian 5 Master BR Mansion with Private Pool,30.0234,31.4829,5.0,1.0,5.0,5.0,5.0,5.0,612.0,True,5,5.5,48,False,True,False
ELITE | 5BR Palace • Platinum-Class • VIP Guests,30.05764,31.00126,4.8925321888412014,0.0,4.880128755364806,4.831845493562232,4.815214592274679,4.830793991416309,626.39,False,5,6.5,451,False,True,False
Palace with a private pool for daily rent inside Sheikh Zayed,30.0587,31.0004,4.8925321888412014,0.0,4.880128755364806,4.831845493562232,4.815214592274679,4.830793991416309,643.95,False,6,5.0,12,False,False,False
Hotel-Furnished 4BR Townhouse | Allegria,30.080226302510816,30.96076385309065,4.8925321888412014,0.0,4.880128755364806,4.831845493562232,4.815214592274679,4.830793991416309,505.8,False,4,3.5,74,False,True,False
A very special villa for rent in Marina 7,29.8840488344584,31.29051058936457,4.8925321888412014,0.0,4.880128755364806,4.831845493562232,4.815214592274679,4.830793991416309,819.58,False,6,5.0,29,False,False,False
Fourseason  apartment  nile view snap /b2c336,30.038,31.2329,4.8925321888412014,0.0,4.880128755364806,4.831845493562232,4.815214592274679,4.830793991416309,776.02,False,2,2.5,108,False,False,False
Furnished Duplex for Rent in Garden City,30.03075,31.23202,4.8925321888412014,0.0,4.880128755364806,4.831845493562232,4.815214592274679,4.830793991416309,936.66,False,2,2.0,71,False,False,False
ELITE/7BR Palace • VIP Stay • Palm Hills Golf Ex,29.99984367929904,31.034905661396134,4.8925321888412014,0.0,4.880128755364806,4.831845493562232,4.815214592274679,4.830793991416309,607.66,False,7,9.0,859,False,True,False
Private villa at a gated community,30.14392,31.00681,3.67,3.0,3.67,3.0,3.67,3.67,538.58,True,5,5.0,151,False,True,False
"New Cairo villa
Spacious featuring 4 bedrooms_pool",29.99892,31.40019,4.8925321888412014,0.0,4.880128755364806,4.831845493562232,4.815214592274679,4.830793991416309,643.95,False,4,6.0,24,False,False,False
Royal City,30.038142056414323,31.02589023785744,4.8925321888412014,0.0,4.880128755364806,4.831845493562232,4.815214592274679,4.830793991416309,509.59,False,6,4.0,11,False,False,False
4 Garden-view Rooms near to Ancient Wonders,30.080555,30.905894,4.8925321888412014,0.0,4.880128755364806,4.831845493562232,4.815214592274679,4.830793991416309,895.2,False,4,1.0,240,False,True,False
ELITE/5BR Villa • Ultra-Luxury • Green Heights,30.010864182328785,30.975093059644543,4.8925321888412014,0.0,4.880128755364806,4.831845493562232,4.815214592274679,4.830793991416309,567.85,False,6,6.5,540,False,True,False
A royal palace for daily rent in Sheikh Zayed,30.05822,30.99972,4.8925321888412014,0.0,4.880128755364806,4.831845493562232,4.815214592274679,4.830793991416309,725.91,False,6,9.0,49,True,True,False
Dina’s home,29.9611,30.9296,4.8925321888412014,0.0,4.880128755364806,4.831845493562232,4.815214592274679,4.830793991416309,681.99,False,3,1.0,8,False,False,False
Beverly Hills,30.0648,30.9468,4.8925321888412014,0.0,4.880128755364806,4.831845493562232,4.815214592274679,4.830793991416309,496.43,False,4,4.0,9,False,False,False
villa 5 bedrooms in fifth settlement in new cairo,30.00855781712367,31.42800285104134,4.8925321888412014,0.0,4.880128755364806,4.831845493562232,4.815214592274679,4.830793991416309,828.94,False,5,5.0,9,False,True,False
Centre of Madinaty Next Mall,30.0887,31.6487,4.8925321888412014,0.0,4.880128755364806,4.831845493562232,4.815214592274679,4.830793991416309,776.02,False,2,1.0,26,False,False,False
Villa With Pool-Sheikh Zayed,30.068786811228744,30.95169562629153,4.8925321888412014,0.0,4.880128755364806,4.831845493562232,4.815214592274679,4.830793991416309,550.29,False,5,5.0,34,False,True,False
“Elegant Family Haven in Alrehab City”,30.0662,31.5152,5.0,2.0,5.0,5.0,5.0,5.0,1.0,True,3,1.0,44,True,False,False
Luxury Villa 6BDR W Pool@Green Revolution Sheikh Zayed,30.05936,30.99956,4.8925321888412014,0.0,4.880128755364806,4.831845493562232,4.815214592274679,4.830793991416309,930.34,False,6,8.5,182,True,True,False
Solana's exclusive 6BR  villa w/pool,29.977817318691503,31.554199413540715,4.8925321888412014,0.0,4.880128755364806,4.831845493562232,4.815214592274679,4.830793991416309,603.0,False,5,5.0,11,False,False,False
Hossry 3BR house,29.97504,30.94545,4.8925321888412014,0.0,4.880128755364806,4.831845493562232,4.815214592274679,4.830793991416309,632.25,False,2,1.0,17,False,False,False
Furnished villa for rent in Aljeria with swimming pool,30.0707,30.947,4.8925321888412014,0.0,4.880128755364806,4.831845493562232,4.815214592274679,4.830793991416309,684.72,False,3,4.0,10,False,False,False
Double or single in the heart of Cairo downtown,30.04758,31.23396,4.5,2.0,4.0,4.0,5.0,5.0,585.41,True,1,1.0,12,False,False,False
Luxury 7BR Villa w/ Pool | Palm Hills Zayed | 109,29.9944,31.02498,4.8925321888412014,0.0,4.880128755364806,4.831845493562232,4.815214592274679,4.830793991416309,902.71,False,7,7.0,176,False,True,False
Amazing villa in new cairo,30.01406,31.5386,4.8925321888412014,0.0,4.880128755364806,4.831845493562232,4.815214592274679,4.830793991416309,470.62,False,3,3.5,73,False,True,False
Luxury villa in my city,30.095036988221462,31.636126604970105,4.8925321888412014,0.0,4.880128755364806,4.831845493562232,4.815214592274679,4.830793991416309,819.58,False,3,2.0,10,False,False,False
Villa-luxury is a state of mind,30.0136,31.0726,4.8925321888412014,0.0,4.880128755364806,4.831845493562232,4.815214592274679,4.830793991416309,1.0,False,3,5.0,9,False,False,False
luxury Villa with swimming pool,30.01066,31.48434,5.0,1.0,5.0,5.0,5.0,5.0,632.25,True,4,4.0,84,False,True,False
Unknown,30.0697,30.9532,4.8925321888412014,0.0,4.880128755364806,4.831845493562232,4.815214592274679,4.830793991416309,526.87,False,3,3.0,1,False,False,False
"Best location in Maadi, 2 BR for 3 guests",29.9614,31.2769,4.65,85.0,4.78,4.71,4.68,4.85,650.98,True,2,1.0,41,False,False,False
Luxury Palace -Sheikh Zayed,29.999619931926265,31.032418146277266,4.8925321888412014,0.0,4.880128755364806,4.831845493562232,4.815214592274679,4.830793991416309,727.08,False,5,5.0,54,False,True,False
Luxury House in Egypt - 15min from the pyramids ;),29.97694,31.03308,4.8925321888412014,0.0,4.880128755364806,4.831845493562232,4.815214592274679,4.830793991416309,746.28,False,3,3.0,35,False,False,False
Nile View 4BR Apartment in Giza | 137,30.04395,31.21855,4.8925321888412014,0.0,4.880128755364806,4.831845493562232,4.815214592274679,4.830793991416309,622.0,False,4,2.0,136,True,False,False
Luxury 6BR Villa with Private Garden & Pool | 155,30.03625197059529,31.026072596476816,4.8925321888412014,0.0,4.880128755364806,4.831845493562232,4.815214592274679,4.830793991416309,726.53,False,6,4.0,180,False,True,False
A palace for those who love luxury only,30.04569,30.99447,4.8925321888412014,0.0,4.880128755364806,4.831845493562232,4.815214592274679,4.830793991416309,1.0,False,6,8.0,52,False,True,False
Hotel apartment,30.03531,31.23,4.8925321888412014,0.0,4.880128755364806,4.831845493562232,4.815214592274679,4.830793991416309,961.15,False,4,3.5,57,False,True,False
Al-Obour Villas for daily rent,30.180713992288855,31.51062955128805,4.8925321888412014,0.0,4.880128755364806,4.831845493562232,4.815214592274679,4.830793991416309,909.33,False,3,1.0,14,False,False,False
Villa Ultra Modern (Smart Home),30.0692,30.9479,4.8925321888412014,0.0,4.880128755364806,4.831845493562232,4.815214592274679,4.830793991416309,550.29,False,4,3.0,15,False,False,False
"5-room independent villa with a swimming pool, modern furniture in Sheikh Zayed",30.071,30.94497,4.8925321888412014,0.0,4.880128755364806,4.831845493562232,4.815214592274679,4.830793991416309,643.95,False,5,5.0,9,False,False,False
"New Cairo Villa–7 master bedrooms, all en-suite.",30.022137943884832,31.48507702213758,4.8925321888412014,0.0,4.880128755364806,4.831845493562232,4.815214592274679,4.830793991416309,936.66,False,7,10.0,25,False,True,False
Spacious Palace Stay with Private Pool | 100,30.058333846880487,30.999679361496447,4.8925321888412014,0.0,4.880128755364806,4.831845493562232,4.815214592274679,4.830793991416309,902.71,False,5,5.0,158,False,True,False
Bright & Stylish 4-BR Apartment with Balcony | 144,30.02182835107764,31.22369361473568,4.8925321888412014,0.0,4.880128755364806,4.831845493562232,4.815214592274679,4.830793991416309,707.0,False,5,3.5,172,False,True,False
Hotel Villa with Pool in Sheikh Zayed,30.0559,30.9809,4.8925321888412014,0.0,4.880128755364806,4.831845493562232,4.815214592274679,4.830793991416309,882.8,False,8,11.0,25,False,True,False
The tallest towers of Cairo on the Nile,30.0217,31.223,1.0,1.0,1.0,1.0,1.0,3.0,550.29,True,4,4.0,74,False,False,False
Zayed's Retreat,30.0391,30.9607,4.8925321888412014,0.0,4.880128755364806,4.831845493562232,4.815214592274679,4.830793991416309,585.41,False,3,3.0,74,False,False,False
High End Luxury Villa,30.0721,31.4927,4.8925321888412014,0.0,4.880128755364806,4.831845493562232,4.815214592274679,4.830793991416309,594.61,False,5,6.5,45,False,True,False
Luxurious Four Seasons residential apartment 2BDR,30.03512,31.22971,4.8925321888412014,0.0,4.880128755364806,4.831845493562232,4.815214592274679,4.830793991416309,592.44,False,2,2.5,350,True,True,False
Cozy Palace in Sheikh Zayed,30.0824,30.9869,4.8925321888412014,0.0,4.880128755364806,4.831845493562232,4.815214592274679,4.830793991416309,701.32,False,5,6.0,23,False,True,False
"Eplannera tour العنزي للسياحة 
3-room apartment",30.07028,31.20355,4.8925321888412014,0.0,4.880128755364806,4.831845493562232,4.815214592274679,4.830793991416309,585.41,False,3,3.0,23,False,False,False
Luxury Hotel-Furnished Villa | Al Karma 1,30.02457,31.00233,4.8925321888412014,0.0,4.880128755364806,4.831845493562232,4.815214592274679,4.830793991416309,585.41,False,6,6.0,185,False,True,False
Medinaty Apartment,30.01608,31.43033,4.8925321888412014,0.0,4.880128755364806,4.831845493562232,4.815214592274679,4.830793991416309,1.0,False,2,1.0,13,False,False,False
ELITE/Modern 6BR Villa • Prv Pool • Royal City,30.03363592300892,31.02402292039675,4.8925321888412014,0.0,4.880128755364806,4.831845493562232,4.815214592274679,4.830793991416309,496.43,False,6,4.0,508,False,True,False
Nassimah RetreatSpace-Half Board,29.87074,31.22832,4.8925321888412014,0.0,4.880128755364806,4.831845493562232,4.815214592274679,4.830793991416309,965.93,False,7,4.0,42,False,False,False
The second neighborhood is 7 behind Abu Bakr Al-Siddiq Mosque,29.961428332952732,30.951813515598023,4.8925321888412014,0.0,4.880128755364806,4.831845493562232,4.815214592274679,4.830793991416309,2.0,False,3,2.0,11,False,False,False
Lux 5BR Villa w/ Garden & Pool Palm Hills | 115,30.00411139951748,31.04277558634422,4.8925321888412014,0.0,4.880128755364806,4.831845493562232,4.815214592274679,4.830793991416309,639.01,False,5,5.0,523,False,True,False
Cozy family mansion with garden and pool in Royal City,30.0522,30.9862,5.0,1.0,5.0,5.0,5.0,5.0,707.18,True,6,7.0,100,True,True,False
New Cairo,29.97675,31.39948,4.8925321888412014,0.0,4.880128755364806,4.831845493562232,4.815214592274679,4.830793991416309,1.0,False,1,1.0,9,False,False,False
Hotel Studio Towers Z Mall Arabia,30.01207,30.97668,4.8925321888412014,0.0,4.880128755364806,4.831845493562232,4.815214592274679,4.830793991416309,1.0,False,1,1.0,27,False,False,False
Relaxing studio private garden,30.08554,31.64752,4.5,4.0,5.0,5.0,4.5,5.0,1.0,True,1,1.0,18,False,False,False
The most luxurious hotel Twin House in Madinaty,30.09620991064873,31.63456567895842,4.8925321888412014,0.0,4.880128755364806,4.831845493562232,4.815214592274679,4.830793991416309,916.6,False,3,3.0,59,True,True,False
Duplex for monthly rent.,30.01641,30.98174,4.8925321888412014,0.0,4.880128755364806,4.831845493562232,4.815214592274679,4.830793991416309,1.0,False,5,3.0,74,False,False,False
Apartment in Zamalek,30.0615,31.2243,5.0,2.0,5.0,5.0,5.0,5.0,290.0,True,2,2.0,77,False,False,False
Cozy APT N4 in Amazing Zmalek Island,30.0604,31.2224,4.79,95.0,4.81,4.73,4.69,4.82,557.31,True,2,1.0,173,False,False,False
Abu Al-Fida Street - Zamalek,30.0652,31.2183,4.8925321888412014,0.0,4.880128755364806,4.831845493562232,4.815214592274679,4.830793991416309,1.0,False,3,1.0,20,False,False,False
Family house hotel,30.0169,31.0174,4.93,14.0,5.0,4.93,4.79,4.93,253.13,True,5,7.0,83,True,True,False
Nilefront 3BR–Steps fromTahrir Sq & Zamalek island,30.0519,31.2309,4.64,36.0,4.56,4.39,4.5,4.69,265.14,True,4,2.0,381,True,False,False
Elegant 4BR Apartment Full Nile View & Modern Vibe,30.0207,31.2177,5.0,43.0,4.91,5.0,4.81,4.91,277.2,True,4,2.0,263,True,False,False
Casa Royal/Zamalek Nile Loft,30.05483,31.21758,4.94,18.0,4.89,4.89,4.83,4.83,268.0,True,3,1.5,166,False,False,False
Spacious 6BR with private swimming pool,30.02313668027731,31.484195708734127,5.0,10.0,5.0,5.0,5.0,4.9,600.0,True,6,5.0,61,False,False,False
Wisal Views Apartment Cairo,30.1295,31.6479,4.8925321888412014,0.0,4.880128755364806,4.831845493562232,4.815214592274679,4.830793991416309,863.86,False,3,2.5,77,True,False,False
Alsawah | 5BR Luxurious Palace w/Pool & Garden,30.082336682978188,30.98538409225569,4.8925321888412014,0.0,4.880128755364806,4.831845493562232,4.815214592274679,4.830793991416309,626.0,False,5,6.0,164,False,True,False
Luxury Living with Full Nile Views: 4BR Gem,30.0699,31.2271,4.96,51.0,4.96,4.96,4.86,4.92,277.2,True,4,3.0,139,False,False,False
Palace for daily rent in Sheikh Zayed,30.058446491117717,31.00110130720351,4.8925321888412014,0.0,4.880128755364806,4.831845493562232,4.815214592274679,4.830793991416309,784.45,False,5,8.0,50,True,True,False
Luxury Flat w/ Nile River Views,30.066082475759583,31.221082776058037,5.0,17.0,4.88,4.94,4.88,5.0,263.43,True,3,2.5,688,True,False,False
Luxurious 3BR Apartment with Stunning Nile Views,30.01916,31.21713,4.95,62.0,4.95,4.87,4.94,4.87,247.0,True,3,2.5,116,False,False,False
Bayt Abbas Experience - The Grand Egyptian Museum,30.0037,31.1126,5.0,1.0,5.0,4.0,5.0,5.0,280.74,True,3,3.5,317,False,True,False
Golda Pyramids Bay firm Pyramids View Jacuzzi,29.9791,31.1461,4.84,139.0,4.91,4.86,4.82,4.65,111.23,True,0,1.0,506,True,False,False
Serviced Apartment Nile View at 4 Seasons Hotel,30.053952248857783,31.22908669626204,4.8925321888412014,0.0,4.880128755364806,4.831845493562232,4.815214592274679,4.830793991416309,643.95,False,2,3.0,151,False,True,False
Ginger cozy apartment 1008 O,30.06131,31.22163,5.0,3.0,4.67,5.0,4.33,5.0,45.0,True,1,1.0,78,False,True,False
Unknown,29.9785,31.146,4.89,273.0,4.88,4.75,4.83,4.77,93.67,True,2,1.0,1,False,False,False
Amigos Amarena. Lovely healing Experience,29.9686,31.1061,4.88,125.0,4.88,4.87,4.76,4.58,152.21,True,1,1.0,247,True,True,False
Soulful Garden Studio in Lush Cairo Neighborhood,29.95906,31.26202,4.98,195.0,4.97,4.97,4.87,4.93,127.62,True,1,1.5,433,False,True,False
Villa with a hotel for more than 8 people,30.0027,30.9736,4.8925321888412014,0.0,4.880128755364806,4.831845493562232,4.815214592274679,4.830793991416309,681.99,False,3,3.0,50,False,True,False
Khan El Hekma | Ancient khan,29.991150957012795,31.13995315755205,4.96,57.0,4.95,4.88,4.88,4.61,282.18,True,3,2.0,267,False,True,True
Brassbell Zamalek 1BR Diplomatic Zone No. Marriott,30.05652443941861,31.22129373184889,4.85,34.0,4.88,4.74,4.82,4.88,134.0,True,1,1.0,48,False,False,False
Chic 2Rooms Suite with private pool&large garden,30.0786,30.9852,4.98,87.0,4.97,4.94,4.93,4.83,187.33,True,1,2.0,152,False,True,False
compound moon land El sheikh Zayed Egypt,30.0368,31.0174,5.0,1.0,5.0,5.0,5.0,5.0,795.66,True,4,8.0,104,False,True,False
Ancient Bohemian Khan: Memphis Oasis,29.9909994164828,31.13918506364608,4.95,20.0,4.95,5.0,4.9,4.85,321.16,True,6,5.0,268,False,True,True
LUX Nile View Zamalek Loft,30.05294,31.21795,4.98,99.0,4.97,4.95,4.83,4.94,229.0,True,2,1.0,78,False,False,False
Panoramic Luxury Nile & Skyline View in Zamalek,30.06894,31.22057,4.9,174.0,4.91,4.8,4.75,4.92,187.2,True,2,1.5,126,False,False,False
"Scarbaeus suite pyramids view, jacuzzi & balcony",29.9857,31.144,5.0,27.0,5.0,5.0,4.96,4.89,134.65,True,1,1.0,212,False,True,True
WG Luxury w Garden near Cairo Festival Mall / 216,29.984063991874397,31.391151210172698,5.0,18.0,4.94,5.0,4.78,4.39,125.0,True,3,2.0,62,False,False,False
cozy and comfy apartment in Madinaty,30.095820719896047,31.63549258415095,4.8925321888412014,0.0,4.880128755364806,4.831845493562232,4.815214592274679,4.830793991416309,838.63,False,2,1.0,61,False,False,False
The 2 BDR Pyramids Vista w/ Bathtub,29.99127,31.1353,4.79,130.0,4.83,4.82,4.72,4.44,125.6,True,2,1.0,326,True,False,False
Unknown,30.068,31.2209,5.0,4.0,5.0,5.0,5.0,5.0,199.0,True,3,1.0,1,False,False,False
Whispers Of The Nile I Nesty Hospitality,30.0665,31.2161,4.92,36.0,4.89,4.94,4.56,4.89,177.2,True,1,2.0,514,False,False,False
Luxury Flat Pyramids View,29.9816,31.1472,4.83,146.0,4.92,4.82,4.79,4.54,131.72,True,3,1.5,130,False,True,True
"15th floor, Zamalek Nile view Apartment",30.06621,31.22061,5.0,3.0,5.0,5.0,5.0,5.0,185.83,True,3,2.0,72,False,False,False
The Grand Tree House I Nesty Hospitality,30.0664,31.2199,4.97,32.0,4.94,4.94,4.84,4.91,160.64,True,2,2.0,542,False,False,False
Unique Villa by the Pyramids & Grand Museum | B&B,29.997,31.1231,4.94,33.0,4.97,4.88,4.88,4.82,279.21,True,3,2.5,79,False,True,False
"Glasshouse Games, Private Heated Pool & Jacuzzi",30.0295,31.4388,4.94,125.0,4.86,4.9,4.77,4.86,175.62,True,2,3.0,43,False,True,False
Nile & Pyramids View Penthouse•Jacuzzi •31st Floor,29.9644,31.2459,4.93,15.0,4.93,5.0,4.93,5.0,140.5,True,4,2.0,166,True,True,True
"5 Al-Tawhid and Al-Nour Street, Helwan Corniche",29.8971,31.304,4.8925321888412014,0.0,4.880128755364806,4.831845493562232,4.815214592274679,4.830793991416309,1.0,False,3,3.0,50,True,False,False
Spacious 3 bedroom in cozy location in maadi,29.96085,31.27733,4.76,59.0,4.78,4.66,4.76,4.88,655.66,True,2,2.0,39,False,False,False
Brassbell Zamalek Studio Near Marriott & Emb.,30.056428400158754,31.221965772082125,5.0,21.0,4.9,4.9,4.9,5.0,123.0,True,0,1.0,51,False,False,False
Spacious 450 sqm 3-BR + Maid’s Room |Prime View|SP,30.048,31.4762,4.79,33.0,4.79,4.79,4.82,4.73,149.0,True,4,4.5,673,True,True,False
VESTA - Luxury 6BR Pool Villa - New Cairo,30.0071,31.4817,4.81,16.0,5.0,4.88,4.88,4.88,314.08,True,6,4.5,300,True,False,False
Zamalek Boho House | Oriental Charm & Comfort,30.072,31.2217,5.0,97.0,5.0,4.93,4.97,4.98,159.23,True,2,2.0,301,False,False,False
First-Row Nile 3BR Tahrir Square • Panoramic Views,30.052312681429356,31.23060278082563,4.93,14.0,4.93,4.64,4.86,5.0,303.3,True,3,2.0,41,False,False,False
Luxury 3 Master Bedrooms Nile& Pyramids open View,29.9875,31.2296,4.96,28.0,4.96,4.89,4.68,4.61,284.51,True,3,3.0,82,False,False,False
Saffron 1 Bedroom high ceiling Number FIVE Zamalek,30.0667,31.2187,5.0,16.0,5.0,5.0,4.88,5.0,292.71,True,1,2.0,140,True,False,False
Elegant 3BR Nile View in Maadi,29.972141673713917,31.236209445861995,5.0,3.0,5.0,5.0,5.0,5.0,257.58,True,4,3.0,74,False,False,False
Unknown,30.0083,31.1098,5.0,3.0,5.0,5.0,5.0,4.67,281.77,True,2,2.5,1,False,False,False
The Magnificent Retro Nile Loft/ Zamalek View,30.0339,31.2297,4.99,71.0,4.99,4.99,4.9,4.92,196.0,True,3,2.0,171,False,False,False
Villa for rent in my city at an attractive price,30.1018,31.6413,4.8925321888412014,0.0,4.880128755364806,4.831845493562232,4.815214592274679,4.830793991416309,1.0,False,2,1.0,40,False,False,False
280 m penthouse prime location 3 big bed rooms,30.02209,31.49307,4.93,73.0,4.95,4.93,4.85,4.92,351.25,True,3,3.0,61,False,False,False
Casa Nile/ BOHO Zamalek loft,30.0543,31.219,4.98,100.0,5.0,4.98,4.79,4.95,149.88,True,2,1.0,125,False,False,False
Luxury Nile Queen Palace,30.026383049364856,31.217334221682936,4.6,5.0,5.0,5.0,4.8,5.0,368.81,True,5,5.5,75,False,False,False
villa Yasser Ezzat,30.07635,31.49051,4.8925321888412014,0.0,4.880128755364806,4.831845493562232,4.815214592274679,4.830793991416309,684.93,False,4,3.0,31,False,True,False
Standalonevilla,30.006946973064387,31.54009551376287,4.8925321888412014,0.0,4.880128755364806,4.831845493562232,4.815214592274679,4.830793991416309,1.0,False,5,5.0,72,False,False,False
500 Meter house، Great location 4 rooms,30.041059630811823,31.435051623859508,5.0,29.0,4.97,4.97,4.97,4.97,362.95,True,4,4.0,96,False,False,False
palace in Sheikh Zayed 6 bedrooms,30.0648,30.9468,4.8925321888412014,0.0,4.880128755364806,4.831845493562232,4.815214592274679,4.830793991416309,587.75,False,0,0.0,58,True,True,False
5 Tahrir Square - 4BR,30.04528,31.23699,4.89,64.0,4.89,4.88,4.81,4.89,310.27,True,4,3.0,267,False,False,False
The Pyramids Cave,29.9694,31.1071,4.95,93.0,4.96,4.94,4.9,4.72,145.55,True,1,1.0,70,False,False,True
Pyramids & GEM Panorama | Retro,29.997419925409663,31.122302861929168,5.0,8.0,5.0,5.0,5.0,4.88,93.67,True,2,1.5,100,False,False,False
GITILounge  Pyramids View Hot Tub,29.9791,31.1461,4.89,83.0,4.94,4.95,4.86,4.7,87.81,True,3,1.0,539,True,False,False
K Cribs • Nile + City View • 2BR • Zamalek,30.0592,31.2216,4.85,40.0,4.88,4.78,4.78,4.83,220.91,True,2,2.0,214,False,False,False
2BR Penthouse in Prime Maadi | Rooftop & Terrace,29.957456310468626,31.26031564584281,5.0,12.0,5.0,5.0,5.0,5.0,126.45,True,2,1.5,74,True,False,False
Huge Skyline Private Terrace Luxury Stay,30.0252,31.4203,5.0,35.0,5.0,4.94,5.0,4.94,140.03,True,3,2.5,82,False,False,False
Serene New Cairo Villa | Pool & Stylish Living,30.0233,31.4877,5.0,31.0,4.97,4.9,4.94,4.97,246.34,True,4,4.0,503,True,True,False
Elite Apartments for Rent,30.08857,31.64814,4.8925321888412014,0.0,4.880128755364806,4.831845493562232,4.815214592274679,4.830793991416309,1.0,False,2,1.0,8,False,False,False
"10 Al-Mokhtar Street, Maadi,",29.9753,31.2755,4.8925321888412014,0.0,4.880128755364806,4.831845493562232,4.815214592274679,4.830793991416309,681.99,False,4,2.0,3,False,False,False
Wonderful palace in Sheikh Zayed,30.0382,30.9794,4.8925321888412014,0.0,4.880128755364806,4.831845493562232,4.815214592274679,4.830793991416309,585.41,False,7,7.0,42,False,True,False
Downtown Glass & Glory | Heritage Stay,30.0559,31.2419,4.97,31.0,4.97,5.0,4.97,4.94,166.26,True,3,2.0,187,True,False,False
rehab villa relax,30.06833,31.48383,4.8925321888412014,0.0,4.880128755364806,4.831845493562232,4.815214592274679,4.830793991416309,913.24,False,4,3.0,71,False,False,False
Sheikh Zayed Palace behind Kebabji Menoufia,30.03515,30.96788,4.8925321888412014,0.0,4.880128755364806,4.831845493562232,4.815214592274679,4.830793991416309,580.73,False,6,4.0,9,False,False,False
J.W. Marriot residence penthouse,30.0709,31.4347,4.8925321888412014,0.0,4.880128755364806,4.831845493562232,4.815214592274679,4.830793991416309,587.75,False,2,2.5,9,False,False,False
Apartment in Manial,30.02306,31.22819,4.8925321888412014,0.0,4.880128755364806,4.831845493562232,4.815214592274679,4.830793991416309,967.8,False,3,1.0,23,False,False,False
Pyramids view 3BR penthouse with private rooftop,30.013,31.0714,4.96,27.0,5.0,5.0,5.0,4.85,202.0,True,3,5.0,82,False,True,False
sequoia pyramids view,29.97742846795848,31.14003929306042,4.8925321888412014,0.0,4.880128755364806,4.831845493562232,4.815214592274679,4.830793991416309,795.66,False,5,5.0,11,False,False,False
شقه,30.0204,31.1845,4.8925321888412014,0.0,4.880128755364806,4.831845493562232,4.815214592274679,4.830793991416309,755.18,False,2,1.5,17,False,False,False
Pyramids (T/A/K) cozy&friendly HOUSE/Free pick up?,29.987,31.1341,4.99,165.0,4.99,4.96,4.97,4.96,200.79,True,3,2.0,555,False,False,True
A hotel apartment on the main street,30.00911,30.99228,4.8925321888412014,0.0,4.880128755364806,4.831845493562232,4.815214592274679,4.830793991416309,585.41,False,1,1.0,9,False,False,False
An amazing apartment Madinaty B6,30.0363,31.4758,4.8925321888412014,0.0,4.880128755364806,4.831845493562232,4.815214592274679,4.830793991416309,844.16,False,3,1.0,8,False,False,False
Ancient Wonders & Modern Amenities l 4 Rooms,30.080555,30.905894,4.8925321888412014,0.0,4.880128755364806,4.831845493562232,4.815214592274679,4.830793991416309,850.44,False,4,1.0,240,False,True,False
2 bedroom 2 bathroom+ garden,30.0212,31.4938,4.8925321888412014,0.0,4.880128755364806,4.831845493562232,4.815214592274679,4.830793991416309,1.0,False,2,2.0,12,False,False,False
Apartment for rent Nasr City3 bR,30.05934,31.39682,4.8925321888412014,0.0,4.880128755364806,4.831845493562232,4.815214592274679,4.830793991416309,822.86,False,3,1.0,38,False,False,False
at least rent 6 month or 1 year,30.0622,31.48228,4.8925321888412014,0.0,4.880128755364806,4.831845493562232,4.815214592274679,4.830793991416309,936.66,False,2,2.0,28,False,False,False
The second neighborhood is next to 7 behind Abu Bakr Al-Siddiq Mosque,29.95906,30.95131,4.8925321888412014,0.0,4.880128755364806,4.831845493562232,4.815214592274679,4.830793991416309,1.0,False,3,2.0,11,False,False,False
"5 Al-Amin Ahmed Orabi Street, Mohandessin",30.069601572880977,31.20275109274129,4.8925321888412014,0.0,4.880128755364806,4.831845493562232,4.815214592274679,4.830793991416309,893.19,False,3,2.0,115,False,False,False
Villa 8 rooms all master hotel furniture,30.063348691935325,30.94768649470908,4.8925321888412014,0.0,4.880128755364806,4.831845493562232,4.815214592274679,4.830793991416309,632.25,False,8,12.0,22,False,True,False
Apt. 1 | 1BR by Amal Morsi Designs | Private Pool,30.018,31.4935,5.0,98.0,4.99,4.98,4.96,4.97,124.6,True,1,1.5,231,True,True,False
Frida Cairo,30.0446,31.2386,4.8925321888412014,0.0,4.880128755364806,4.831845493562232,4.815214592274679,4.830793991416309,594.78,False,3,1.0,59,False,False,False
Unique apartment in B6 for rent,30.036051250714305,31.475107818575484,4.8925321888412014,0.0,4.880128755364806,4.831845493562232,4.815214592274679,4.830793991416309,723.57,False,2,2.0,16,False,False,False
"Luxurious & modern 3 bedroom In Nerco 5th, Maadi",29.965057256210624,31.28171638895709,4.8925321888412014,0.0,4.880128755364806,4.831845493562232,4.815214592274679,4.830793991416309,742.01,False,3,2.0,64,False,False,False
Penthouse 4 Bedroom Ensuite Private Pool,30.02564,31.5352,4.91,65.0,4.88,4.71,4.71,4.58,311.0,True,4,4.0,205,True,True,False
Classy Flat with private garden fully furnished,30.0696,31.4768,4.8925321888412014,0.0,4.880128755364806,4.831845493562232,4.815214592274679,4.830793991416309,725.64,False,3,2.0,14,False,False,False
Kove Hotel Superior Suite,29.987,31.1341,4.64,11.0,4.36,4.64,4.64,4.64,130.0,True,1,1.5,77,False,False,True
Private house Sheikh Zayed Egypt,30.0496,30.96,4.93,92.0,4.97,4.92,4.79,4.99,234.17,True,3,2.0,85,False,False,False
"Zamalek, 2BD Panoramic Nile View",30.0723,31.2223,4.7,10.0,5.0,4.8,4.5,4.9,213.0,True,2,3.5,132,True,False,False
Nile Panorama Apartment,30.01970857977963,31.223529144101796,5.0,1.0,5.0,5.0,5.0,5.0,238.85,True,3,3.0,144,False,False,False
The Nile Vintage Haven,30.0537,31.2183,4.86,73.0,4.89,4.84,4.81,4.92,219.5,True,2,2.0,408,False,False,False
K Cribs • Nile View + Air Hockey • 3BR • Zamalek,30.072,31.2217,4.96,28.0,4.96,4.89,4.79,4.96,319.28,True,3,3.0,146,False,False,False
Sup. 2BDR Apt. Nile View - Prime Residence Arkadia,30.06944,31.22764,4.84,19.0,4.79,4.68,4.74,4.95,193.0,True,2,2.0,28,True,False,False
The Vintage Sunshine I Nesty Hospitality,30.0644,31.2169,4.84,45.0,4.93,4.82,4.8,4.84,185.66,True,3,2.5,385,False,False,False
The Luxury Duplex-Foreigners & Arabs Only Families,29.987,31.397,4.94,65.0,4.88,4.88,4.82,4.58,411.54,True,4,4.5,429,False,True,False
Luxury Nile View Sauna Suite – Zamalek,30.06936,31.21924,4.8925321888412014,0.0,4.880128755364806,4.831845493562232,4.815214592274679,4.830793991416309,273.93,False,1,1.0,50,False,False,False
Narjis 7 near Mustafa Mosque,30.00591,31.4603,4.8925321888412014,0.0,4.880128755364806,4.831845493562232,4.815214592274679,4.830793991416309,1.0,False,2,4.0,10,False,False,False
Classy 4BDR Flat by Homely in Gezirat El Arab,30.0566,31.2006,4.96,45.0,4.98,4.98,4.96,4.89,150.43,True,4,3.5,64,False,False,False
Luxury Villa Zayed Khan Family Stay,30.0275,30.9908,4.86,14.0,4.79,4.71,4.79,4.93,225.46,True,4,4.5,394,True,True,False
Duplex 2 | 4BR Private Pool by Amal Morsi Designs,30.01698,31.49317,5.0,24.0,5.0,5.0,4.92,5.0,231.6,True,4,3.0,230,True,True,False
Royal Nile Apartment,30.01769,31.22394,5.0,1.0,5.0,5.0,5.0,5.0,215.43,True,3,3.0,145,False,False,False
Retro Oasis in the heart of Downtown,30.0453,31.2378,4.92,26.0,4.96,4.96,4.96,4.88,390.06,True,3,2.0,647,True,True,False
Luxury 3BR | Prime Location in Sodic Eastown,30.01191,31.51973,4.86,7.0,4.86,5.0,4.71,4.71,205.0,True,3,2.0,122,True,False,False
V9 l 4BR Duplex by Amal Morsi Designs | Iconic,30.013321361295592,31.43908537436013,5.0,10.0,5.0,4.7,4.8,4.9,231.6,True,4,3.5,246,True,True,False
Sheikh Zayed House & Pool (Giza).,30.02583,30.98145,4.98,63.0,4.95,4.92,4.86,4.89,245.0,True,3,2.0,135,False,True,False
Boho Chic Zamalek Nileview Loft,30.05464,31.22542,4.91,128.0,4.88,4.8,4.63,4.9,193.72,True,2,2.5,83,False,False,False
Luxury Villa 5BDR W Pool@Green Revolution Sheikh Zayed,30.0587,31.0004,4.8925321888412014,0.0,4.880128755364806,4.831845493562232,4.815214592274679,4.830793991416309,952.58,False,5,8.0,11,False,False,False
Four Seasons Nile View Apartment-4BR 4BA,30.02730926979713,31.21850275634553,5.0,1.0,5.0,5.0,4.0,5.0,276.0,True,4,4.0,87,False,False,False
Exclusive 4-BR Nilefront | Best View in Cairo,30.003120585417783,31.225922219370176,4.8925321888412014,0.0,4.880128755364806,4.831845493562232,4.815214592274679,4.830793991416309,241.61,False,4,4.5,70,False,False,False
Relaxing Nile Views + Prime Cairo Location,30.0305,31.2169,4.8925321888412014,0.0,4.880128755364806,4.831845493562232,4.815214592274679,4.830793991416309,285.0,False,4,3.0,65,False,False,False
Zamalek Loft |Bohemian Luxury | Nile view,30.067220257713192,31.21562393565684,5.0,28.0,5.0,4.93,4.89,4.96,200.21,True,3,2.5,75,False,False,False
"Uphill villa, El Sheikh Zayed Palm Hills district",30.0105,31.017,5.0,49.0,5.0,4.92,4.98,4.94,256.07,True,5,5.0,253,False,False,False
Zamalek Nile view luxury 5BR,30.0697998015918,31.220949739881675,4.8,15.0,4.87,4.67,4.87,4.93,220.05,True,5,3.0,14,False,False,False
Luxury Villa in Madinaty,30.0828,31.6349,4.97,33.0,5.0,4.94,5.0,4.94,215.43,True,4,4.0,75,False,False,False
Luxury Nile View • 2 Master Bedrooms • High Floor,30.0176,31.2227,5.0,3.0,5.0,5.0,5.0,5.0,184.11,True,2,3.0,163,False,False,False
Luxury Nile View Gem | Direct River View,30.0169,31.2178,4.8925321888412014,0.0,4.880128755364806,4.831845493562232,4.815214592274679,4.830793991416309,228.24,False,3,2.0,69,False,False,False
"sunny, spacious, clean room in maadi, cairo..",29.95084,31.26303,4.98,498.0,4.98,4.93,4.96,4.95,51.28,True,3,1.0,242,True,True,False
VESTA  - Luxury APT - 2BR - Merghany,30.0848,31.3314,4.87,78.0,4.88,4.92,4.76,4.92,93.6,True,2,2.0,286,True,False,False
Esfera Celeste. Unique Luxury Dome w/pyramids view,29.9856,31.1442,4.82,51.0,4.78,4.55,4.75,4.59,101.86,True,3,1.0,425,True,True,False
Capital Grand Princes Suite,29.984569055176376,31.143665808139485,4.87,30.0,4.93,4.97,4.9,4.53,56.03,True,1,1.0,666,True,False,False
Brassbell l Downtown l Kasr Studio,30.04715809215746,31.239356397574056,4.84,43.0,4.72,4.84,4.79,4.77,73.5,True,0,1.0,66,True,False,False
Great Pyramids View Studio & Jacuzzii,29.976757876310405,31.142884068623044,4.8925321888412014,0.0,4.880128755364806,4.831845493562232,4.815214592274679,4.830793991416309,73.88,False,1,1.0,100,False,True,False
Zamalek Apartment,30.0701,31.2219,4.93,42.0,4.95,4.93,4.93,4.9,92.5,True,2,1.0,99,False,False,False
Furnished apartment for rent,29.91995,30.90018,4.8925321888412014,0.0,4.880128755364806,4.831845493562232,4.815214592274679,4.830793991416309,596.75,False,3,2.0,70,False,False,True
Isis Gate Double Suite | Dream Inn Pyramids View,29.98693,31.13542,5.0,2.0,5.0,5.0,5.0,5.0,35.13,True,1,1.0,168,False,False,True
Historic Boutique Apartment in Downtown Cairo,30.04165,31.24171,4.86,144.0,4.83,4.79,4.74,4.77,87.8,True,2,1.0,581,True,False,False
Floating 3BR Luxury Apartment | Maadi Nile View,29.973946748968604,31.234116828961085,5.0,14.0,5.0,4.71,4.86,4.93,163.62,True,3,1.5,300,True,False,False
Luxury Penthouse + 160m² Rooftop,30.10078,31.37848,4.98,57.0,4.98,4.77,4.95,4.95,111.0,True,2,2.0,356,True,False,False
"Furnished apartment 2 bathrooms, 2 halls, and 2 rooms",30.00057,31.17978,4.8925321888412014,0.0,4.880128755364806,4.831845493562232,4.815214592274679,4.830793991416309,585.41,False,3,2.0,6,False,False,False
The Ever Flowing /Zamalek Nile Loft,30.05436,31.21888,4.91,64.0,4.91,4.89,4.81,4.88,190.0,True,2,1.5,139,False,False,False
The Zamalek Skyline w/ Nile View,30.06862063703128,31.22134874317569,4.98,50.0,4.94,5.0,4.84,5.0,264.96,True,2,1.5,77,False,False,False
Eclectic Oasis in the Heart of Downtown Cairo,30.04699,31.24143,4.97,420.0,4.97,4.94,4.9,4.91,140.5,True,2,1.0,178,False,False,False
A room with pyramid view in horse farm,29.96767181974939,31.143030661865136,4.99,71.0,4.94,4.92,4.96,4.8,36.29,True,3,1.0,1163,True,False,True
Cosy Boho at DownTown,30.039193465959837,31.236287121124903,5.0,2.0,5.0,5.0,5.0,5.0,681.99,True,4,1.0,12,False,False,False
Fully furnished luxury apartment in the complex,30.07252,31.28131,4.8925321888412014,0.0,4.880128755364806,4.831845493562232,4.815214592274679,4.830793991416309,587.75,False,3,1.0,8,False,False,False
Roof of Comfort & Calm in Maadi,29.9608,31.2511,4.96,112.0,4.97,4.91,4.98,4.86,40.98,True,1,1.0,206,False,False,False
Best View in Town |Suite at JW Marriott Residences,30.03572,31.47693,5.0,13.0,4.85,5.0,4.92,4.77,103.6,True,1,1.5,52,False,True,False
The Great Pyramid view Khan D,29.9902,31.1309,4.75,12.0,4.75,4.5,4.75,4.75,115.7,True,2,1.0,259,True,False,False
Unknown,30.0499,31.2169,5.0,5.0,4.8,5.0,5.0,5.0,117.08,True,1,1.0,1,False,False,False
Beyond The Greens/ Nile View Zamalek Loft,30.05489,31.21777,4.93,43.0,4.91,4.95,4.65,4.95,188.0,True,2,1.5,74,False,False,False
Unknown,30.00829,31.41325,5.0,2.0,5.0,5.0,5.0,5.0,136.4,True,1,2.0,1,False,False,False
Besides Hilton Nile View studio ES5,30.05063651120714,31.230297231948374,5.0,17.0,5.0,4.65,5.0,5.0,105.8,True,1,1.0,77,True,False,False
"WG Luxury+Garden near 5A, Cairo Festival Mall/215",29.9844,31.392,4.89,27.0,5.0,4.93,4.89,4.56,121.0,True,3,1.0,62,False,False,False
Elegant Apartment in Zamalek,30.0591,31.2227,4.94,33.0,4.88,4.82,4.88,4.97,117.08,True,2,2.0,135,False,False,False
Panoramic Nile & Pyramids View 4BR – Maadi,29.97313971588404,31.23473561106059,5.0,4.0,5.0,4.75,5.0,5.0,227.14,True,4,3.0,64,False,False,False
Jacuzzi 2BDR By The Historic Pyramids (Apt.6),29.97957,31.14812,4.9,77.0,4.94,4.79,4.88,4.61,111.0,True,2,2.0,254,True,True,False
Marvelous Serviced Apartment in Heart of Cairo,30.05552,31.20103,5.0,2.0,5.0,5.0,5.0,5.0,110.2,True,3,3.5,267,True,False,False
'1611' Newly Furnished 2BR by Haven - Central,30.06122,31.22141,5.0,4.0,5.0,5.0,5.0,5.0,110.0,True,3,1.0,135,False,False,False
Brassbell l Zamalek l About Kolthoom 2BR Nile View,30.064996450016874,31.21644155813671,4.78,23.0,4.7,4.65,4.74,4.83,266.0,True,3,1.0,54,False,False,False
"Nawafiz, Nile view two bedroom apartment",30.05233,31.23151,4.7,23.0,4.7,4.65,4.61,4.7,179.29,True,2,1.0,17,False,False,False
Unknown,30.057209107909067,31.21884231087357,4.91,22.0,5.0,5.0,4.91,4.95,217.0,True,3,3.0,1,False,False,False
Jacuzzi Studio By The Historic Pyramids (Apt.1),29.97889,31.14515,5.0,11.0,4.91,4.73,5.0,4.64,114.4,True,1,1.0,250,True,True,False
"Wujoud, Nile View — 5 Bedroom Apartment",30.05312,31.22957,4.74,19.0,4.79,4.68,4.74,4.47,443.63,True,5,3.0,81,False,False,False
Luxury 3-bedroom hotel apartment with Nile River view,29.989,31.2293,5.0,1.0,5.0,5.0,5.0,5.0,350.0,True,3,4.0,63,False,False,True
Private apartment & heated pool,30.00933,31.41527,5.0,23.0,5.0,5.0,4.96,5.0,270.46,True,2,2.5,75,True,True,False
Ancient Pyramids View Retreat with Jacuzzi 806,29.9788,31.1468,4.53,32.0,4.66,4.16,4.19,4.47,99.52,True,0,1.0,456,True,False,False
Vintage 2BR Apt in Downtown - Mint 69,30.0491,31.2434,4.95,120.0,4.95,4.8,4.88,4.93,87.81,True,2,2.0,203,True,False,False
Huge 5BR Zamalek Duplex • 11 Beds • Central Area,30.06404,31.22066,4.88,17.0,4.94,4.59,4.76,4.94,297.4,True,5,5.5,165,False,False,False
Nilefront Cozy Escape • River & Skyline Views,30.0253,31.2166,4.96,24.0,5.0,5.0,4.96,4.92,227.33,True,2,2.0,34,False,False,False
One Gate Pyramids View Inn,29.9773,31.1325,4.8925321888412014,0.0,4.880128755364806,4.831845493562232,4.815214592274679,4.830793991416309,352.36,False,2,1.0,59,False,True,True
Unknown,30.05055,31.23181,5.0,2.0,5.0,5.0,5.0,5.0,32.78,True,1,1.0,1,False,False,False
Designer Villa 5th Settlement,29.987953996756097,31.41908124781676,5.0,4.0,5.0,5.0,5.0,5.0,247.51,True,4,3.0,51,True,False,False
Madinaty villa fully furnished for rent,30.01566562310721,31.543101070795625,4.8925321888412014,0.0,4.880128755364806,4.831845493562232,4.815214592274679,4.830793991416309,821.58,False,4,4.0,6,False,False,False
Palace for rent in Marina Egypt,30.0688,31.2056,4.8925321888412014,0.0,4.880128755364806,4.831845493562232,4.815214592274679,4.830793991416309,1.0,False,6,5.0,9,False,False,False
Fancy pyramids | Pyramids & Gem View,29.99199,31.12902,4.93,73.0,4.96,4.82,4.9,4.63,262.0,True,4,3.0,263,False,False,False
"Maadi, Maadi City, Carrefour",29.9827,31.3158,4.8925321888412014,0.0,4.880128755364806,4.831845493562232,4.815214592274679,4.830793991416309,952.52,False,3,2.0,40,False,False,False
Huge Nile View Apartment | Ideal for big groups,30.01706899003163,31.22179830025527,4.8925321888412014,0.0,4.880128755364806,4.831845493562232,4.815214592274679,4.830793991416309,380.0,False,6,4.0,53,False,False,False
Pyramids Oasis Suite 201,29.98801,31.1403,4.79,33.0,4.85,4.79,4.88,4.76,57.14,True,1,1.0,80,False,False,False
Unknown,30.1089436698344,31.372169756826963,5.0,3.0,5.0,5.0,5.0,5.0,54.0,True,1,1.0,1,False,False,False
grey l studio apartments DT CAI Bidair House,30.05022,31.23968,4.96,25.0,4.96,4.96,4.92,4.92,57.0,True,1,1.0,55,False,False,False
Aura Pyramids 803 (Breakfast Included),29.975,31.1495,5.0,2.0,5.0,5.0,5.0,4.0,54.56,True,1,1.0,59,False,False,False
Jacuzzi Studio By The Historic Pyramids (Apt. 2),29.977810141757967,31.147112554291898,4.68,25.0,4.88,4.64,4.56,4.56,111.0,True,1,1.0,243,True,True,True
Pyramids view apartment,29.9791,31.1461,5.0,4.0,5.0,4.25,5.0,5.0,50.2,True,1,1.0,28,False,False,True
The green khan Grand museum pyramids view,29.99061,31.12978,5.0,19.0,5.0,4.95,4.89,4.84,54.3,True,1,1.0,300,False,False,False
Cozy & Co.,30.027,31.4215,5.0,2.0,5.0,5.0,5.0,5.0,36.06,True,1,1.0,69,True,False,False
Sunny studio in zamalek 1003,30.06318,31.22057,4.96,23.0,4.87,4.83,4.96,4.96,59.71,True,1,1.0,78,False,True,False
Quaint and cozy Apartment in the Heart of zayed,29.9545,31.275,5.0,2.0,5.0,5.0,5.0,5.0,1.0,True,3,2.0,162,False,False,False
Madinaty B15,30.00633663173913,31.44449417742611,4.8925321888412014,0.0,4.880128755364806,4.831845493562232,4.815214592274679,4.830793991416309,561.99,False,2,2.0,15,False,False,False
Stylish 2BR Retreat-Private Patio-Hotel Comfort”,30.04716872121396,30.989211882192656,5.0,1.0,5.0,5.0,5.0,3.0,46.0,True,2,1.0,131,True,False,False
"Azure 203 Studio | Pool, Garden & Roof - New Cairo",30.0533,31.4193,4.93,27.0,5.0,4.93,4.89,4.78,34.3,True,1,1.0,206,True,True,False
First Site OF Pyramids View 2 Beds & Jacuzzi,29.9786,31.14457,4.91,22.0,4.82,4.68,4.95,4.73,49.18,True,1,1.0,221,True,True,True
Amazing pyramids view,29.97785,31.14671,4.89,173.0,4.89,4.69,4.84,4.64,47.43,True,1,1.0,11,False,False,True
First Row to Pyramids Studio,29.9847,31.1389,4.94,197.0,4.96,4.91,4.89,4.86,80.08,True,1,1.0,152,True,False,True
Pyramids Moon View Studio With Jacuzzi,29.9756,31.1437,5.0,1.0,5.0,4.0,5.0,5.0,104.2,True,1,1.0,100,False,True,False
Spacious Modern Apartmant- Trendy,29.95586,31.26433,4.8925321888412014,0.0,4.880128755364806,4.831845493562232,4.815214592274679,4.830793991416309,384.7,False,3,2.5,42,False,False,False
Apartment for rent families only,29.96743,30.96237,4.8925321888412014,0.0,4.880128755364806,4.831845493562232,4.815214592274679,4.830793991416309,585.41,False,3,2.0,13,False,False,False
Artistic Leaf Retreat | Bathtub & Pyramids View,29.9768,31.142,4.73,26.0,4.85,4.65,4.65,4.77,76.78,True,1,1.0,371,True,True,True
"Furnished apartment for rent in Madinaty B7, modern and ready furniture",30.08755846536585,31.64942932908673,4.8925321888412014,0.0,4.880128755364806,4.831845493562232,4.815214592274679,4.830793991416309,1.0,False,2,2.0,35,False,False,False
Cozy well furnished studio,29.98273,30.93216,4.8925321888412014,0.0,4.880128755364806,4.831845493562232,4.815214592274679,4.830793991416309,1.0,False,3,1.0,24,False,False,False
Unknown,30.0381299209765,31.23454128304061,4.96,54.0,4.94,5.0,4.94,4.93,23.42,True,3,1.0,1,False,False,False
Vintage Loft StudioGarden & Pool View Retreat 1014,30.06233,31.22195,4.82,28.0,4.71,4.79,4.86,4.86,45.0,True,1,1.0,69,False,True,False
Highest Jacuzzi By Pyramids View & RoofTop Access,29.97746873069671,31.14691388922662,4.67,45.0,4.73,4.53,4.71,4.71,57.84,True,1,1.0,266,True,True,True
Pyramids Jacuzzi View & Rooftop access & Breakfast,29.97593,31.14405,4.85,102.0,4.82,4.73,4.82,4.71,42.0,True,1,1.0,281,False,True,True
"15th floor, Zamalek 2Bdr Apartment",30.0672,31.2214,4.62,26.0,4.73,4.62,4.65,4.85,203.0,True,2,2.0,69,False,False,False
Palm Dreams Khan: Pyramids view,29.99117753961881,31.139868738496386,4.97,34.0,5.0,4.94,4.91,4.88,114.6,True,2,2.0,267,False,True,True
Tales of the Nile/Panoramic Nile View Zamalek Loft,30.0539,31.2182,4.88,103.0,4.85,4.87,4.86,4.95,165.0,True,2,2.0,154,False,False,False
Brassbell Giza Studio Nile View Near Saudi Emb,30.03072,31.21659,4.82,97.0,4.76,4.7,4.65,4.76,95.5,True,1,1.0,64,False,False,False
Owner of the Pyramids,29.984615277153143,31.149787259100385,4.83,65.0,4.82,4.72,4.82,4.52,58.54,True,3,1.0,61,False,False,False
Anuket Queen of the Nile Escape,30.069,31.2218,4.94,51.0,4.98,4.94,4.71,4.92,325.29,True,4,2.5,200,False,False,False
Twin house,29.9543,31.5382,4.8925321888412014,0.0,4.880128755364806,4.831845493562232,4.815214592274679,4.830793991416309,492.86,False,4,3.5,11,False,False,False
K Cribs • Nile View • 3BR • Zamalek,30.0713,31.2219,4.96,25.0,4.96,4.84,4.72,4.96,237.88,True,3,1.5,187,False,False,False
Amazing villa in new Cairo,30.03388,31.49902,4.8925321888412014,0.0,4.880128755364806,4.831845493562232,4.815214592274679,4.830793991416309,807.87,False,4,4.0,14,False,False,False
Unknown,29.97908,31.14678,4.78,166.0,4.8,4.78,4.69,4.48,93.43,True,1,1.0,1,False,False,False
Jacuzzi Pharaoh's Pyramids View,29.9818,31.1471,4.92,77.0,4.94,4.9,4.9,4.69,119.42,True,3,1.5,131,False,False,False
Luxury Studio with Bathtub | Near City Stars,30.06623,31.35185,4.94,17.0,4.88,4.94,4.94,4.94,64.39,True,1,1.0,68,True,False,False
Brassbell l Zamalek l About Kolthoom 2BR Nile View,30.06412,31.21511,4.74,65.0,4.72,4.58,4.43,4.74,293.5,True,2,3.0,54,False,False,False
Hidden Gem (#49) 22 by Spacey in Maadi Cairo,29.95646,31.25283,4.96,27.0,4.96,4.96,4.89,4.74,50.0,True,1,1.0,266,True,True,False
Spacious Apartment for big Groups with Nile View,30.0278,31.2243,4.8925321888412014,0.0,4.880128755364806,4.831845493562232,4.815214592274679,4.830793991416309,312.0,False,3,4.0,80,False,False,False
Family super luxury apartment,30.0748,31.346,5.0,14.0,5.0,4.93,5.0,5.0,237.21,True,3,2.0,144,False,False,False
Unknown,29.9541,31.1565,5.0,3.0,5.0,5.0,5.0,5.0,23.43,True,1,1.0,1,False,False,False
Comfy Room Downtown,30.03506598072826,31.24077211643333,5.0,5.0,5.0,5.0,5.0,5.0,19.9,True,1,1.0,87,False,False,False
Unknown,30.05236,31.24124,4.85,196.0,4.84,4.84,4.85,4.84,40.5,True,0,1.0,1,False,False,False
Full Pyramids View with Jacuzzi,29.977144443561983,31.14515424649684,4.43,7.0,4.43,4.57,4.71,4.43,51.08,True,1,1.0,66,False,True,True
Brassbell Zamalek Taha Hussein – Central Studio,30.06332,31.22088,4.62,330.0,4.65,4.71,4.57,4.51,40.5,True,1,1.0,146,True,False,False
deluxe king suite with pyramids view,29.97322,31.14311,5.0,1.0,5.0,5.0,5.0,5.0,300.0,True,1,1.0,19,False,False,False
EZ Residence - Rooftop Apt. overlooking the Nile,30.0514,31.2158,4.95,245.0,4.93,4.93,4.88,4.75,70.48,True,1,1.0,51,False,False,False
The White Pent - Palm Hills I Nesty Hospitality,30.011,31.496,5.0,10.0,4.9,4.6,5.0,4.8,82.68,True,2,2.5,366,False,True,False
Private Spacious Loft 1BR with Terrace in NewCairo,30.00478,31.40556,4.96,211.0,4.96,4.93,4.85,4.93,68.24,True,1,1.0,89,False,False,False
Unknown,29.98801,31.23093,4.57,14.0,4.71,4.79,4.71,4.86,189.0,True,4,3.0,1,False,False,False
Artistic Home with Pyramids View,29.97575,31.14192,4.72,89.0,4.74,4.65,4.67,4.64,87.11,True,1,1.0,204,True,True,False
Twin Room with Balcony & Partial Pyramid View,29.980742074284223,31.14134624702536,4.94,16.0,4.88,4.81,4.88,4.63,22.25,True,1,1.0,225,False,False,True
EZ Residence - Superior Rooftop Studio,30.05065,31.21651,4.99,94.0,4.97,4.97,4.93,4.78,82.9,True,1,1.0,39,False,False,False
Brassbell Zamalek Daoud Studio w/ shared garden 2,30.06232,31.22221,4.89,99.0,4.9,4.86,4.86,4.93,62.5,True,1,1.0,101,False,False,False
Brassbell Zamalek Daoud Studio w/ shared garden 7,30.06324,31.22022,5.0,29.0,4.97,4.9,4.76,5.0,57.0,True,1,1.0,100,False,False,False
The 2 BDR Pyramids Pictorial Place in Giza,29.99024,31.1353,4.79,71.0,4.94,4.85,4.82,4.56,78.8,True,2,1.0,324,True,False,False
Tropical Apt | 10 Min Airport,30.1087,31.3309,5.0,34.0,4.85,4.71,4.82,4.79,40.0,True,1,1.0,71,True,False,False
Zayed Mansion - Indoor Pool Villa,30.02964600370593,31.0086636470326,5.0,5.0,5.0,5.0,4.8,5.0,264.0,True,3,4.0,96,True,True,False
Luxury Pyramids View Apartment,29.99,31.1413,4.8925321888412014,0.0,4.880128755364806,4.831845493562232,4.815214592274679,4.830793991416309,79.57,False,2,1.0,69,False,False,False
Grand Family Suite,29.98518,31.1423,5.0,23.0,5.0,5.0,5.0,4.91,66.74,True,2,1.0,118,False,False,True
Jacuzzi Studio By The Historic Pyramids (Apt.5),29.97952,31.14857,4.84,83.0,4.89,4.71,4.8,4.6,91.0,True,1,1.0,253,True,True,False
W suites (2),30.059253232287944,30.96013616847418,4.87,52.0,4.96,4.87,4.69,4.79,79.62,True,1,1.0,91,False,False,False
StayBee -Artists Gateway Room Nile View Downtown,30.05121,31.23544,4.93,28.0,4.96,5.0,4.96,4.86,69.27,True,1,1.0,218,True,False,False
1BR Massage jacuzzi studio 5minCairport self check,30.1054,31.3722,4.86,43.0,4.84,4.77,4.72,4.74,65.75,True,1,1.0,431,True,True,False
K Cribs • Balcony + Nile Glimpse • 2BR • Zamalek,30.06721,31.21722,5.0,1.0,5.0,5.0,5.0,5.0,134.4,True,2,1.0,117,True,False,False
grey l studio apartments DT CAI Bidair House 3011,30.04926,31.24121,4.81,32.0,4.78,4.84,4.91,4.88,68.0,True,1,1.0,11,False,False,False
"Deluxe Studio. Spacious, Prime Location & bathtub",30.039739064640283,31.236462587964844,4.96,68.0,4.99,5.0,4.91,4.76,83.46,True,1,1.0,315,False,False,False
High Ceiling Sulaiman khan Downtown 7 Balconies,30.05571,31.24057,4.78,98.0,4.84,4.83,4.77,4.61,170.88,True,3,2.0,370,False,False,False
Zahir - 401,30.0498,31.2088,5.0,1.0,5.0,5.0,5.0,5.0,117.08,True,3,3.0,14,False,False,False
Hi Pyramids,29.97795,31.14514,4.96,366.0,4.96,4.93,4.92,4.85,118.72,True,3,1.0,204,True,False,True
Noya By Dhara Hotels,30.0041,31.1073,5.0,14.0,5.0,5.0,5.0,4.93,116.23,True,1,1.0,63,False,False,False
Direct Pyramids & Sphinx View with Private Bathtub,29.9727,31.1456,5.0,1.0,5.0,5.0,5.0,5.0,79.57,True,2,1.0,127,False,False,True
Pyramids View Room • places,29.98156,31.13852,4.76,25.0,4.8,4.72,4.76,4.4,67.0,True,1,1.0,55,False,False,True
Bright cozy apartment in the heart of Zamalek,30.06414,31.21954,4.93,243.0,4.92,4.9,4.84,4.91,114.27,True,2,1.0,109,True,False,False
AB L603 std,30.04252,31.21984,4.9,111.0,4.92,4.9,4.79,4.87,41.0,True,0,1.0,263,False,False,False
Downtown View,30.047,31.2412,5.0,11.0,5.0,4.91,5.0,5.0,98.15,True,2,1.0,72,False,False,False
Elegant Apartment with Nile view,29.95683335092507,31.252497646207743,5.0,14.0,4.93,4.86,4.79,4.79,231.82,True,2,2.0,10,False,False,False
Cairo Homes Manial | Direct Nile Studio / Balcony,30.01949825227495,31.22473955876248,5.0,1.0,5.0,5.0,5.0,5.0,62.52,True,1,1.0,78,True,False,False
Lotus room ‘House of Kheops’,29.9809,31.1401,4.79,14.0,4.86,4.79,4.57,4.5,236.79,True,3,1.0,459,False,True,False
Unknown,30.0575,31.2195,5.0,1.0,5.0,5.0,5.0,5.0,233.0,True,3,2.5,1,False,False,False
The Great Pyramid Duo Khan,29.9903,31.1309,4.73,11.0,4.55,4.55,4.82,4.82,122.54,True,2,1.0,304,True,False,False
Spacious Modern Baron Palace 4 BD Garden Duplex,30.0855,31.3303,4.95,37.0,4.95,4.89,4.89,4.92,278.09,True,4,4.0,96,False,False,False
Oud Studio at Number FIVE Zamalek Cairo,30.0646,31.21627,4.98,53.0,4.94,4.96,4.91,4.96,117.08,True,1,1.0,160,True,False,False
K Cribs • Panoramic Nile View • 3BR • Zamalek,30.0654,31.2158,4.84,44.0,4.82,4.75,4.7,4.82,233.69,True,3,2.0,170,False,False,False
Direct Nile View | Luxury Apt | Private Balcony,30.0306,31.2167,4.8925321888412014,0.0,4.880128755364806,4.831845493562232,4.815214592274679,4.830793991416309,284.17,False,4,3.0,106,False,False,False
Luxurious 3 bedrooms with Private Sauna & Jacuzzi,30.0928,31.32529,4.78,18.0,4.78,4.78,4.78,4.72,243.53,True,3,3.0,76,False,True,False
Maryse Unique Studio,30.0459,31.2402,4.76,37.0,4.89,4.62,4.84,4.78,33.49,True,1,1.0,52,False,False,False
Unknown,30.03932,31.04611,5.0,2.0,5.0,5.0,5.0,5.0,231.12,True,7,6.0,1,False,False,False
Taskeen 2 · Nile-View 3 Master Bedrooms · Zamalek,30.0654,31.2158,4.91,23.0,4.91,4.87,4.83,4.96,223.39,True,3,3.5,214,False,False,True
Unknown,30.0283,31.218,4.8925321888412014,0.0,4.880128755364806,4.831845493562232,4.815214592274679,4.830793991416309,285.53,False,3,3.0,1,False,False,False
Vivid & Spacious Apartment in Lush Cairo District,29.953787258105763,31.26325551829857,5.0,14.0,5.0,5.0,4.93,4.93,156.19,True,3,2.0,278,False,False,False
"NEW Luxurious apartment in Sodic EastTown
NewCairo",30.0105,31.5157,5.0,26.0,5.0,4.96,4.96,4.96,224.8,True,3,3.0,399,False,True,False
Taskeen 1 · 3 Bedrooms overlooking the Nile – Zamalek,30.0703,31.2193,5.0,15.0,4.93,5.0,4.93,5.0,224.33,True,3,2.0,356,True,False,False
"Zen stays, The Lux Nest 3BR Lakeview residence",30.02584,31.53706,5.0,15.0,5.0,4.93,4.93,5.0,216.84,True,3,2.5,101,False,False,False
Artistic Natural Retreat | Hot Tub & Pyramids,29.9768,31.142,4.88,26.0,4.81,4.77,4.85,5.0,81.02,True,1,1.0,422,True,True,False
Guest Favorite | Panoramic Nile View & Cafés,30.0241,31.2234,4.6,5.0,4.6,4.4,3.6,4.2,231.8,True,3,2.0,150,False,False,False
Villa with private pool,30.003204144128745,31.495318866904537,5.0,5.0,5.0,5.0,5.0,4.6,231.82,True,3,3.0,46,False,True,False
Sunny Hills - Central Cairo: Golf+Pool+Gym 3,30.0192,31.3145,4.83,23.0,4.83,4.52,4.78,4.74,239.6,True,3,2.5,312,False,True,False
"Hotel apartment for rent, first residence 
B10
View Mall",30.08564,31.64799,4.8925321888412014,0.0,4.880128755364806,4.831845493562232,4.815214592274679,4.830793991416309,815.89,False,3,2.0,27,False,False,False
A Great Nile View Apartment - 4,30.01102,31.22318,4.8,54.0,4.72,4.72,4.63,4.67,228.31,True,3,2.0,74,True,False,False
Cozy Apartment 3BR | Adorable Nile View,30.0517,31.2081,4.8925321888412014,0.0,4.880128755364806,4.831845493562232,4.815214592274679,4.830793991416309,312.0,False,3,3.0,69,False,False,False
Spacious 4BDR Apartment | Nile View,30.0517,31.2081,4.8925321888412014,0.0,4.880128755364806,4.831845493562232,4.815214592274679,4.830793991416309,312.0,False,4,4.0,68,False,False,False
Villa view pool and private pool in sheikh zayed,30.07732,30.97951,4.8925321888412014,0.0,4.880128755364806,4.831845493562232,4.815214592274679,4.830793991416309,270.28,False,5,4.0,170,True,True,False
Unknown,29.97477,31.14165,4.4,15.0,4.47,4.4,4.2,4.47,220.0,True,1,1.0,1,False,False,False
Queen Bedroom with the pyramids view,29.9853,31.1491,4.8,50.0,4.8,4.76,4.84,4.68,13.0,True,2,1.0,150,True,False,True
Old House Pyramids View | 1 minute for pyramids,29.975726122935104,31.14024380214633,5.0,3.0,5.0,5.0,5.0,5.0,26.4,True,1,1.0,175,True,False,False
Desert Window,29.98043,31.14551,4.8,44.0,4.75,4.68,4.89,4.5,22.15,True,1,1.0,54,False,False,False
Horus,29.978356808820266,31.144452173936816,4.71,28.0,4.79,4.79,4.75,4.64,20.14,True,1,1.0,213,False,False,True
4 BDRs Apt. Nile View - Prime Residence Arkadia,30.06834,31.22652,4.74,80.0,4.71,4.51,4.68,4.77,270.0,True,4,2.5,50,False,False,False
Imperial Pyramids View Hotel B&B Room 104,29.9842,31.146,4.8925321888412014,0.0,4.880128755364806,4.831845493562232,4.815214592274679,4.830793991416309,34.1,False,1,1.0,60,True,False,False
Luxury Studio Near City Stars Jacuzzi | Prime Spot,30.06795,31.35313,5.0,9.0,5.0,4.89,5.0,4.78,58.54,True,1,1.0,272,True,False,False
Private room with breakfast 3,29.972890146776763,31.143739973250888,5.0,34.0,4.91,4.76,4.97,4.88,14.28,True,3,1.0,115,True,False,True
Zahraa Maadi,29.9669,31.3122,4.8925321888412014,0.0,4.880128755364806,4.831845493562232,4.815214592274679,4.830793991416309,1.0,False,2,2.0,11,False,False,False
Cozy and warm room in the center of Cairo,30.033865226817024,31.241611758062792,4.97,68.0,4.97,4.94,4.96,4.81,23.42,True,3,1.0,77,True,False,False
Radiant Room No. 2 in Bayt Yakan Historic Cairo,30.03650249616993,31.257776254102534,4.91,56.0,4.89,4.95,4.88,4.7,51.52,True,3,1.0,335,False,False,False
Old House Pyramids View | 1 minute for pyramids,29.97692313397547,31.14088717847221,5.0,2.0,5.0,5.0,5.0,5.0,25.2,True,1,1.0,174,True,False,False
park Unit :Quiet & Cozy Maadi Escape,29.9624,31.2813,4.9,29.0,4.86,4.86,4.79,4.9,56.0,True,2,1.5,64,False,False,False
New Panoramic Nilefront 4BR • Boats & activities,30.018052518774635,31.22245273746757,4.43,7.0,4.57,4.14,4.43,4.57,317.0,True,4,2.0,279,True,False,False
"Cairo Citadel View | Downtown, Tahrir & Museum",30.0415,31.2412,5.0,61.0,4.98,4.95,4.97,4.9,41.21,True,1,1.0,77,False,False,False
Private Villa in Mountain View Compound,29.99609,31.55362,5.0,4.0,5.0,5.0,5.0,5.0,210.75,True,3,3.0,71,False,True,False
Unknown,29.9837,31.1507,5.0,4.0,5.0,5.0,5.0,4.75,52.1,True,3,2.0,1,False,False,False
Brassbell Sh. Zayed Aeon Towers 3BR Garden View,30.00881252281272,30.97042036264473,5.0,27.0,4.96,4.89,4.93,4.96,186.8,True,3,3.0,62,False,False,False
The Signature Suite • 2 MBRs w/ Pool access,30.048583228766503,31.47687992166198,4.81,21.0,4.81,4.95,4.67,4.81,193.89,True,2,2.5,71,False,True,False
Private room in Villa Layla,30.036,31.2352,5.0,22.0,5.0,5.0,4.91,4.91,67.0,True,1,1.0,88,False,False,False
Villa 60 Royal City Sheikh Zayed,30.04229995797668,31.031608608471057,4.8925321888412014,0.0,4.880128755364806,4.831845493562232,4.815214592274679,4.830793991416309,450.53,False,6,4.0,12,False,False,False
Abu Ghaliaa | Luxe 4BR apt.W\Nile View,30.0221,31.2228,5.0,1.0,5.0,5.0,5.0,5.0,484.72,True,4,4.0,100,False,False,False
Aparthotel for rent on the Nile,30.01802,31.2165,4.8925321888412014,0.0,4.880128755364806,4.831845493562232,4.815214592274679,4.830793991416309,439.06,False,3,4.0,27,True,False,False
Hotel apartment in Hilton Nile Maadi Residential Nile View,29.989,31.2293,4.8925321888412014,0.0,4.880128755364806,4.831845493562232,4.815214592274679,4.830793991416309,520.59,False,3,4.0,57,False,False,False
"A 3-bedroom, 3-bathroom apartment",30.0678,31.2214,4.8925321888412014,0.0,4.880128755364806,4.831845493562232,4.815214592274679,4.830793991416309,461.43,False,3,3.0,11,False,False,False
Brassbell l DT l Hannaux Studio | Tahrir sq,30.04712,31.23861,4.9,136.0,4.96,4.87,4.85,4.91,62.5,True,0,1.0,57,False,False,False
7 bedrooms luxury duplex 21 guests private entranc,30.00954,31.44128,5.0,1.0,5.0,5.0,5.0,5.0,435.55,True,7,4.0,23,False,False,False
Unknown,30.03629,31.02577,4.8925321888412014,0.0,4.880128755364806,4.831845493562232,4.815214592274679,4.830793991416309,570.6,False,6,4.0,1,False,False,False
4 bedroom Nile view apartment,30.0523,31.2306,5.0,3.0,5.0,5.0,5.0,5.0,473.01,True,4,4.0,76,False,False,False
Limoncello Rooftop Jacuzzi Number FIVE Zamalek,30.0649,31.2167,5.0,37.0,5.0,4.89,4.81,4.97,468.33,True,2,2.0,175,True,True,False
Premium apartment,30.03379,31.4679,4.8925321888412014,0.0,4.880128755364806,4.831845493562232,4.815214592274679,4.830793991416309,379.35,False,2,1.0,8,False,False,False
Four-bedroom villa for daily rent in Sheikh Zayed,30.07771,30.95669,4.8925321888412014,0.0,4.880128755364806,4.831845493562232,4.815214592274679,4.830793991416309,396.91,False,4,3.0,55,True,True,False
Four Seasons Apartment Living,30.03653,31.22904,4.92,13.0,4.92,4.46,4.85,4.92,454.28,True,1,1.5,145,False,False,False
Serviced studio apartment-Villa Belle Epoque Hotel,29.9567,31.2649,5.0,3.0,5.0,5.0,5.0,5.0,386.37,True,1,1.0,51,True,False,False
Four Seasons Private 1BR | Nile View,30.03648,31.23017,4.8925321888412014,0.0,4.880128755364806,4.831845493562232,4.815214592274679,4.830793991416309,475.35,False,1,1.5,479,True,True,False
Unknown,30.0678,31.2214,4.87,23.0,4.96,4.87,4.91,4.87,384.03,True,4,3.5,1,False,False,False
Luxury villa with pool in Allegria Golf compound,30.0677,30.9494,4.69,13.0,4.62,4.62,4.46,4.85,391.06,True,3,1.0,75,False,True,False
Luxury 3BR w/ Private Pool | Lake View New Cairo,30.0273,31.5365,5.0,3.0,5.0,5.0,4.33,4.67,386.37,True,3,2.5,69,False,True,False
Direct Nile View 5-master Suites Apartment,30.05082,31.23022,4.8925321888412014,0.0,4.880128755364806,4.831845493562232,4.815214592274679,4.830793991416309,454.66,False,5,4.0,47,False,False,False
Rotana Jacuzzi Pyramids view,29.9842,31.1455,4.88,160.0,4.88,4.73,4.82,4.73,88.28,True,1,1.0,140,False,False,True
The Palace Residence with pool   11BR 7min to CFC,30.01525,31.42207,4.96,26.0,4.96,4.96,5.0,4.85,471.84,True,11,14.0,82,False,False,False
"Luxury mansion and stunning pool
+ Free breakfast",30.0131,31.45856,4.76,29.0,4.76,4.69,4.62,4.76,416.81,True,6,8.5,73,True,True,False
VIP Luxury apartment - Nile view,29.95692029938306,31.25091644906042,4.86,36.0,5.0,4.81,4.47,4.78,286.85,True,2,2.0,38,False,False,False
Family Sparkling 2BR Facing CityStar,30.07080676743854,31.345522528692573,5.0,9.0,5.0,5.0,5.0,5.0,130.94,True,2,1.0,109,False,False,False
"Zen stays, The Zen House, Lakeview residence 3BR",30.0269,31.53713,4.8925321888412014,0.0,4.880128755364806,4.831845493562232,4.815214592274679,4.830793991416309,356.54,False,3,2.5,68,False,True,False
Villa for Rent -First Occupancy in Patio Al Zahraa,30.0781,30.9793,4.8925321888412014,0.0,4.880128755364806,4.831845493562232,4.815214592274679,4.830793991416309,343.73,False,3,1.0,57,False,True,False
Unknown,30.0536,31.2184,4.95,61.0,4.93,4.93,4.87,4.97,119.42,True,1,1.0,1,False,False,False
Luxury hotel villa without a pool in the finest place in Zayed,30.07852,30.98005,5.0,1.0,5.0,5.0,5.0,5.0,342.36,True,4,4.0,97,False,True,False
Giza Pyramids View Inn Double Room with Jacuzzi,29.9748,31.1411,4.8925321888412014,0.0,4.880128755364806,4.831845493562232,4.815214592274679,4.830793991416309,320.0,False,1,1.5,73,True,False,True
"Wonderful family Villa on a hill, 5 bedrooms.",30.07071,31.39978,4.64,11.0,4.64,4.27,4.82,4.55,289.19,True,0,6.0,62,False,True,False
Cleopatra,30.06701,31.22116,4.76,78.0,4.63,4.74,4.58,4.58,38.64,True,1,1.0,170,True,False,False
Unknown,30.004613282337324,31.09040057180262,4.8925321888412014,0.0,4.880128755364806,4.831845493562232,4.815214592274679,4.830793991416309,341.0,False,3,3.0,1,False,False,False
K Cribs • Two Connected Apartments • 5BR • Zamalek,30.067,31.21752,4.8925321888412014,0.0,4.880128755364806,4.831845493562232,4.815214592274679,4.830793991416309,357.39,False,5,3.0,50,False,False,False
Villa for rent in Sheikh,30.03853810325593,30.979788817668265,4.8925321888412014,0.0,4.880128755364806,4.831845493562232,4.815214592274679,4.830793991416309,354.64,False,5,4.0,9,False,False,False
Penthouse facing Pyramids with Jacuzzi &breakfast,29.985,31.1441,4.95,38.0,4.89,4.95,4.92,4.76,79.45,True,2,2.0,690,False,True,True
Relaxing 3Bedroom Retreat in El Manial,30.0086,31.227,4.8925321888412014,0.0,4.880128755364806,4.831845493562232,4.815214592274679,4.830793991416309,342.36,False,3,2.0,32,False,False,False
Two story old world villa,29.9581,31.2647,4.8925321888412014,0.0,4.880128755364806,4.831845493562232,4.815214592274679,4.830793991416309,292.71,False,3,2.5,9,False,False,False
Mivida twin walking lake and CH,30.02487,31.47677,5.0,1.0,5.0,5.0,5.0,5.0,292.71,True,3,1.0,11,False,False,False
"Nasr City, Ahmed Fakhry Street, Al-Fursan Building, in front of the Inter",30.07055194175523,31.347831460871795,4.8925321888412014,0.0,4.880128755364806,4.831845493562232,4.815214592274679,4.830793991416309,294.11,False,4,3.0,27,False,False,False
Horizon Pyramids View – Suite 203,29.9839,31.1457,5.0,2.0,5.0,5.0,5.0,5.0,279.88,True,1,1.0,211,True,False,False
نايل هاوس Nail House,30.0036,31.2269,4.8925321888412014,0.0,4.880128755364806,4.831845493562232,4.815214592274679,4.830793991416309,280.51,False,4,5.0,62,False,False,True
Apartment on the Nile next to the Four Seasons Hotel,30.0202,31.2159,4.8925321888412014,0.0,4.880128755364806,4.831845493562232,4.815214592274679,4.830793991416309,281.94,False,3,2.0,47,False,False,False
"VIP villa, 4 bedrooms, all master, with a swimming pool",30.06506,30.94653,4.8925321888412014,0.0,4.880128755364806,4.831845493562232,4.815214592274679,4.830793991416309,469.21,False,4,5.0,36,False,True,False
"The Poolside Glass Haven Private,Heated, jacuzzi",30.0464,31.4495,4.97,38.0,4.97,4.97,4.92,4.95,217.77,True,3,1.0,78,False,True,False
Luxury Villa with Hotel Furniture without Pool,30.08000087248664,30.969951458242004,4.8925321888412014,0.0,4.880128755364806,4.831845493562232,4.815214592274679,4.830793991416309,356.0,False,4,4.0,89,False,True,False
villa Private pool at Beverly Hills. Giza,30.06417181390873,30.947132232135637,4.8925321888412014,0.0,4.880128755364806,4.831845493562232,4.815214592274679,4.830793991416309,366.07,False,4,4.0,64,False,True,False
Unknown,30.0451,31.2185,5.0,1.0,5.0,5.0,5.0,5.0,382.86,True,3,1.0,1,False,False,False
Modern Nile View Retreat in the Heart of Cairo,30.0195,31.2174,4.8925321888412014,0.0,4.880128755364806,4.831845493562232,4.815214592274679,4.830793991416309,285.0,False,3,2.0,62,False,False,False
Plaza Signature Nile Residence | 1 BDR,30.03528,31.23049,4.8925321888412014,0.0,4.880128755364806,4.831845493562232,4.815214592274679,4.830793991416309,475.35,False,1,1.5,483,True,True,False
Villa with a private swimming pool in Beverly Hills Sheikh Zayed Compound,30.0702,30.9456,4.8925321888412014,0.0,4.880128755364806,4.831845493562232,4.815214592274679,4.830793991416309,352.65,False,4,4.0,14,False,False,False
Unknown,30.06480015664178,31.219365020455776,5.0,1.0,5.0,5.0,3.0,5.0,233.0,True,0,1.0,1,False,False,False
Apartment with a direct view of Zamalek Nile | Quiet and comfortable,30.07210091993048,31.22207689092036,4.8925321888412014,0.0,4.880128755364806,4.831845493562232,4.815214592274679,4.830793991416309,408.62,False,3,3.0,107,True,False,False
Spacious Apartment with Stunning Nile Views,30.031,31.2184,4.8925321888412014,0.0,4.880128755364806,4.831845493562232,4.815214592274679,4.830793991416309,427.0,False,4,4.0,70,False,False,False
Zamalek Nile view prime location 5BR,30.0691,31.2218,4.92,50.0,4.86,4.78,4.76,4.98,306.8,True,5,3.0,76,False,False,False
Versace Suite By The Nile River,30.0292,31.21856,5.0,18.0,4.94,4.94,4.78,5.0,333.69,True,4,3.0,148,True,False,False
Beautiful Villa with Pool in Palm Hills near Arkan,30.00411543548008,31.0360628692996,4.8,5.0,4.8,4.8,4.8,4.8,319.87,True,3,2.5,92,False,True,False
Royal Villa with private pool,30.009,31.4776,5.0,10.0,5.0,5.0,5.0,5.0,355.93,True,2,1.0,92,False,True,False
"Special Villa in Palm Hills Sheikh Zayed 
 Family and youth",30.004455666141983,31.02799588111177,4.8925321888412014,0.0,4.880128755364806,4.831845493562232,4.815214592274679,4.830793991416309,311.44,False,4,4.5,61,False,True,False
New Cairo Lake View Residence 4BR Penthouse + Pool,30.02234,31.53566,4.61,44.0,4.66,4.43,4.48,4.61,311.0,True,4,6.0,201,True,True,False
Nile-Front Elegance | Zamalek View and  Downtown,30.0519,31.2309,4.71,31.0,4.71,4.52,4.58,4.87,331.56,True,3,2.0,501,False,False,False
1BR Apart-Hotel Nile View | Holiday Inn Maadi,29.9608,31.2476,4.8925321888412014,0.0,4.880128755364806,4.831845493562232,4.815214592274679,4.830793991416309,306.76,False,1,1.0,72,True,True,True
Maadi nile view,29.95625,31.25134,4.8925321888412014,0.0,4.880128755364806,4.831845493562232,4.815214592274679,4.830793991416309,351.25,False,2,2.0,15,True,False,False
New Cairo Golf Estate Duplex with Golf View,30.071268459981336,31.434998662804635,4.67,9.0,4.89,4.56,4.67,4.89,273.0,True,2,3.0,185,True,False,False
Luxury Apt with Nile & Pyramid Views,29.96503255783915,31.24483843578972,5.0,3.0,5.0,5.0,5.0,4.67,329.42,True,5,4.5,340,False,False,True
8 Ensuite Bedrooms Private Villa ideal for groups,30.0356,31.4616,5.0,81.0,5.0,5.0,4.96,4.95,357.66,True,8,8.0,95,False,False,False
6BRs with private entrance -Three Sisters Villa,30.0122,31.443,4.86,22.0,4.82,4.91,4.82,4.77,317.29,True,6,3.0,9,False,False,False
"Boutique Hotel Villa Belle Epoque Extension, Maadi",29.95977,31.26315,4.68,59.0,4.56,4.83,4.42,4.53,333.69,True,10,8.0,100,False,False,False
Villa Beverly Hills Sheikh Zayed,30.063622486666528,30.942916336532992,4.8925321888412014,0.0,4.880128755364806,4.831845493562232,4.815214592274679,4.830793991416309,365.3,False,4,5.0,9,False,False,False
"Al-Ahlam Villa, Eng. Mahmoud Khalid",29.97462,31.10982,4.8925321888412014,0.0,4.880128755364806,4.831845493562232,4.815214592274679,4.830793991416309,351.25,False,4,3.0,79,True,True,False
Hotel apartment Hilton nile tower Maadi 3 bedroom,29.98728986534542,31.23055807634743,5.0,4.0,5.0,5.0,5.0,5.0,365.3,True,3,3.5,193,False,False,False
Unknown,29.9908,30.8897,4.8925321888412014,0.0,4.880128755364806,4.831845493562232,4.815214592274679,4.830793991416309,399.65,False,4,4.0,1,False,False,False
The Palm Terrace Penthouse 3BR - 280 sqm,30.02074,31.49323,4.92,12.0,5.0,4.42,4.83,4.75,234.17,True,3,3.0,54,False,False,False
Nile Paradise,30.0169,31.21802,5.0,1.0,5.0,5.0,5.0,5.0,397.83,True,4,3.0,14,False,False,False
VESTA - Luxury APT - 4BR - CFC,30.033901490887654,31.40891117568753,4.8925321888412014,0.0,4.880128755364806,4.831845493562232,4.815214592274679,4.830793991416309,350.0,False,4,2.0,327,True,False,False
Ismailia house - downtown Cairo,30.0445,31.2353,5.0,1.0,5.0,5.0,5.0,5.0,32.96,True,1,1.0,63,False,False,False
Boho 1006 gn,30.06225,31.2215,4.8925321888412014,0.0,4.880128755364806,4.831845493562232,4.815214592274679,4.830793991416309,51.52,False,1,1.0,78,False,True,False
Luxury Pyramids City,29.9784,31.1457,4.83,6.0,4.83,5.0,5.0,5.0,18.73,True,1,1.0,9,False,False,False
Homey Room Downtown,30.03453,31.24063,4.97,36.0,4.94,4.92,4.92,4.83,19.67,True,3,1.0,198,False,False,False
Group luxury stay ffrom the GEM& Pyramids,29.988971783319325,31.130645203255646,4.96,23.0,4.96,4.91,4.91,4.74,346.12,True,5,6.0,254,False,False,False
Downtown Cairo Modern Vintage Stay,30.03498,31.23743,4.92,25.0,4.96,4.72,5.0,4.84,12.57,True,2,1.0,9,False,False,False
TAJ pyramids View Hotel Suite 301,29.9784,31.1463,5.0,2.0,5.0,5.0,5.0,5.0,29.27,True,1,1.0,63,False,False,True
Apartment on the Nile near Sheraton,30.044,31.2189,5.0,1.0,5.0,5.0,5.0,5.0,382.06,True,5,4.5,26,False,False,False
Private Room w/ Balcony | Downtown Cairo | Museum,30.04771,31.24209,4.77,141.0,4.79,4.8,4.74,4.83,21.54,True,1,1.0,523,True,False,False
The Lavish Sunshine,30.0584,31.2226,4.84,31.0,4.77,4.81,4.61,4.9,112.76,True,2,2.0,362,False,False,False
Desert Spirit,29.9795,31.1447,4.73,22.0,4.55,4.36,4.68,4.77,18.55,True,1,1.0,70,False,False,True
private jacuzzi & pyramids view at moonlight,29.9763,31.146,5.0,1.0,3.0,5.0,5.0,5.0,23.64,True,1,1.0,74,True,True,True
Dreamy maadi Khan,29.957045581333933,31.252021153215505,4.74,47.0,4.89,4.68,4.79,4.64,135.4,True,2,2.0,392,True,False,False
Photo gallery stay in Downtown Cairo - سراب Sarab,30.0383,31.2403,4.65,80.0,4.7,4.61,4.71,4.51,15.63,True,3,1.0,80,False,False,False
Unknown,30.059,31.2229,5.0,12.0,5.0,4.92,4.92,4.92,116.4,True,1,1.0,1,False,False,False
Apt 3 bedrooms-Nile view with delicious breakfast,29.9862,31.2299,5.0,2.0,5.0,5.0,5.0,5.0,351.25,True,3,3.5,148,True,False,False
Tranquil Prime Suite Palacio Pyramids with Hot Tub,29.97717,31.14225,4.8925321888412014,0.0,4.880128755364806,4.831845493562232,4.815214592274679,4.830793991416309,196.2,False,2,1.0,21,False,False,True
Luxury apartment with pool view in mivida compound,30.0063,31.5357,4.5,4.0,4.5,4.0,4.25,5.0,252.9,True,3,3.0,46,False,True,False
فيلا داخل الجريا بيفرلي هيلز,30.0707,30.9472,4.8925321888412014,0.0,4.880128755364806,4.831845493562232,4.815214592274679,4.830793991416309,257.58,False,4,4.0,6,False,False,False
the best Nile view in Zamalek,30.06616,31.2161,4.8925321888412014,0.0,4.880128755364806,4.831845493562232,4.815214592274679,4.830793991416309,249.38,False,4,4.0,60,False,False,False
Al Saraya Apartment 4 Hotel Rooms Nile View,30.04208,31.21941,4.8925321888412014,0.0,4.880128755364806,4.831845493562232,4.815214592274679,4.830793991416309,258.52,False,4,4.0,80,False,False,False
Villa in Beverly Hills Compound - Zayed,30.0626,30.9432,4.8925321888412014,0.0,4.880128755364806,4.831845493562232,4.815214592274679,4.830793991416309,257.58,False,4,3.0,45,False,False,False
Arcadia 2 in front of Egypt Walkway,30.082748024941665,31.231879275502312,4.8925321888412014,0.0,4.880128755364806,4.831845493562232,4.815214592274679,4.830793991416309,319.61,False,4,2.5,45,False,False,False
Luxury Villa in Mivida Perfect for Families,30.0035,31.5377,4.8925321888412014,0.0,4.880128755364806,4.831845493562232,4.815214592274679,4.830793991416309,409.79,False,4,4.0,62,False,False,False
Family house,29.977,30.9935,4.8925321888412014,0.0,4.880128755364806,4.831845493562232,4.815214592274679,4.830793991416309,268.12,False,3,3.0,39,False,False,False
Spacious apartment in mivida compound,30.008,31.534,5.0,1.0,5.0,5.0,5.0,5.0,301.92,True,3,3.0,51,False,True,False
"Fully furnished apartment in Zamalek for rent, overlooking the Nile",30.0187,31.2175,5.0,1.0,5.0,5.0,3.0,5.0,332.47,True,3,3.0,9,False,False,False
The Cat Gallery: A Whimsical One-Room Art Retreat,29.9572,31.2609,4.93,14.0,4.93,4.93,4.93,4.93,33.95,True,1,1.0,80,False,False,False
Spacious 3 bedrooms apartment in mivida compound,30.005,31.5319,5.0,1.0,5.0,5.0,5.0,5.0,298.22,True,3,3.0,62,False,False,False
Cozy stay in downtown!,30.050492073695292,31.23591876908393,4.78,37.0,4.73,4.54,4.68,4.86,36.09,True,2,1.0,22,False,False,False
Cairo Stays Hotel - Double Room,30.0355,31.4415,5.0,5.0,5.0,5.0,5.0,5.0,32.78,True,1,1.0,207,True,True,False
Villa for rent in Madinaty,30.10122,31.62527,4.8925321888412014,0.0,4.880128755364806,4.831845493562232,4.815214592274679,4.830793991416309,485.89,False,3,3.0,34,False,True,False
hotel watches the pyramids,29.9835,31.1464,4.97,34.0,5.0,5.0,5.0,4.88,34.84,True,1,1.0,68,False,False,False
Soul Escape Double Suite |Dream Inn Pyramids View,29.9873,31.1343,4.8925321888412014,0.0,4.880128755364806,4.831845493562232,4.815214592274679,4.830793991416309,39.78,False,1,1.0,160,False,False,True
Family Pyramids Studio - Free Break Fast RoofTop,29.97817,31.14716,5.0,2.0,5.0,4.0,5.0,5.0,33.02,True,1,1.0,155,False,False,True
"Azure 201 Studio | Pool, Garden & Roof - New Cairo",30.0534,31.4193,5.0,25.0,5.0,5.0,5.0,4.88,36.2,True,1,1.0,206,True,True,False
Elite Pyramids & Gem View,29.99881012272161,31.118150681216367,4.8925321888412014,0.0,4.880128755364806,4.831845493562232,4.815214592274679,4.830793991416309,45.47,False,1,1.0,27,False,True,False
Green View Room • Cozy Stay in the Heart of Cairo,30.0356,31.2308,4.95,39.0,4.9,4.74,4.92,4.97,33.95,True,3,1.0,712,True,False,False
"VESTA Oriana Villas – 4BR, Cairo Festival City",30.0348,31.4122,4.64,22.0,4.77,4.68,4.45,4.82,439.53,True,4,3.5,304,True,False,False
Deluxe double room in galaxy hostel,30.0438,31.24,5.0,5.0,5.0,5.0,5.0,5.0,31.11,True,3,1.0,21,False,False,False
Cairo Stays Hotel - Double Room,30.0355,31.4415,4.9,10.0,4.7,5.0,4.9,4.7,32.31,True,1,1.0,207,True,True,False
The Rooftop boutique apartment 16D,30.10735,31.33251,4.75,8.0,5.0,4.5,4.75,4.75,37.58,True,0,1.0,9,False,False,False
Unknown,30.05074,31.23186,4.69,39.0,4.77,4.69,4.69,4.67,38.0,True,1,1.0,1,False,False,False
A room in horse farm with pyramid view and spa,29.9679,31.1437,5.0,30.0,4.97,4.9,4.97,4.77,37.69,True,3,1.0,1121,True,False,True
Lotus signature hotel 604,29.9843,31.1459,4.9,10.0,4.9,5.0,4.9,4.9,36.7,True,1,1.0,75,False,False,False
Smart Tiny Home Studio – Boho Vibes in Zamalek,30.0659,31.22,5.0,2.0,5.0,5.0,5.0,5.0,37.12,True,1,1.0,484,False,False,False
Beautiful DBL Room (Breakfast).,30.04343,31.24038,4.96,24.0,5.0,4.92,4.92,4.88,35.13,True,1,1.0,169,True,False,False
Villa with a private pool @Allgeria Beverly 5 room,30.0707,30.9469,5.0,1.0,5.0,5.0,5.0,5.0,450.77,True,5,6.0,57,False,True,False
Unknown,29.984822229755597,31.15036759155017,4.73,49.0,4.69,4.45,4.86,4.59,35.13,True,3,2.0,1,False,False,False
Luxury apartment with elegant finishing and exceptional experience,30.08958,31.34288,5.0,1.0,5.0,5.0,5.0,4.0,286.85,True,3,1.0,30,False,False,False
Stylish Villa @ Mivida Emaar,30.0167,31.5356,4.8925321888412014,0.0,4.880128755364806,4.831845493562232,4.815214592274679,4.830793991416309,200.21,False,4,2.5,14,False,False,False
Arabia studio @sunlit rustic horizon home,30.0493507099461,31.23533170262072,4.97,32.0,4.84,4.91,4.91,4.88,35.59,True,1,1.0,591,True,False,False
Stylish 2-Bedroom Apartment | Silver Palm,30.048,31.4764,5.0,16.0,4.88,4.75,4.81,4.81,109.0,True,2,2.0,492,True,True,False
Walnut Apt. - 2br in the heat of Cairo - Zamalek,30.065117565484712,31.221780481207304,4.95,59.0,4.9,4.8,4.86,4.97,111.0,True,2,1.5,181,True,False,False
Hilton Maadi Hotel Apartment 3 Rooms Nile Corniche 4,29.9862,31.2299,5.0,2.0,5.0,5.0,5.0,5.0,298.56,True,3,4.0,132,True,False,True
Nile Inn 605- Cozy Studio Steps Away From the Nile,30.04089,31.21809,4.96,46.0,4.98,4.89,4.96,4.91,36.53,True,1,1.0,85,False,False,False
Spacious Luxury Apartment - Near CFC Mall,30.02405201576172,31.42004244273216,4.99,72.0,4.99,5.0,4.93,4.92,124.21,True,4,2.5,74,False,False,False
Unknown,30.0025,30.9456,4.92,39.0,4.95,4.9,4.95,4.54,113.0,True,3,2.0,1,False,False,False
Spacious Suite with Bathtub & Iconic Pyramids view,29.966,31.1476,5.0,2.0,5.0,5.0,5.0,5.0,108.9,True,1,1.0,41,False,False,False
"Apartment of magic and beauty, Zamalek",30.0657,31.217,5.0,48.0,4.98,4.96,4.98,4.96,150.01,True,3,2.0,111,False,False,False
Mid-Century Vibes. Modern Convenience. CasaMayouie,30.04,31.2161,5.0,30.0,4.97,4.97,4.97,4.9,111.35,True,2,2.0,380,True,False,False
Luxury Nile View Apartment in Zamalek – First Row,30.06946,31.2171,4.8925321888412014,0.0,4.880128755364806,4.831845493562232,4.815214592274679,4.830793991416309,353.73,False,3,3.0,70,False,False,False
Elite Lake View Residence,30.0253,31.5391,5.0,23.0,4.96,4.96,5.0,4.96,135.2,True,2,2.0,327,False,False,False
Luxury 2-BDR Hotel Apt Garden View | By RAHA HOME,30.0549,31.2086,5.0,18.0,5.0,5.0,4.94,4.94,130.65,True,3,1.0,144,True,False,False
AB N902 2br,30.04152,31.22018,4.87,313.0,4.89,4.84,4.71,4.94,114.0,True,2,2.0,174,False,False,False
Cozy 2BR Apartment in Degla Maadi,29.96525,31.27766,4.92,119.0,4.83,4.87,4.86,4.78,114.27,True,2,1.5,264,False,False,False
"3BR WS Luxury, 222 Private Garden in Elegant Area",29.9799392897571,30.97444244167184,5.0,4.0,5.0,5.0,4.5,4.75,112.0,True,3,2.0,69,False,False,False
Two Bedrooms Apartment M Residence By Brassbell,30.06004611128288,31.22289116064919,4.8925321888412014,0.0,4.880128755364806,4.831845493562232,4.815214592274679,4.830793991416309,137.0,False,1,1.0,69,True,False,False
"2 bedroom apartment, Maadi, Villa Belle Epoque",29.95782,31.26428,4.73,26.0,4.77,4.92,4.5,4.54,468.33,True,2,1.0,66,False,True,False
Luxurious Modern Design,30.0537,31.3293,4.95,19.0,4.95,4.74,4.89,4.74,121.6,True,3,3.0,90,False,False,False
Baron Empain Palace Royal Stay-Heliopolis,30.0874662122142,31.329756035985834,5.0,18.0,5.0,5.0,5.0,5.0,110.0,True,2,2.5,124,True,True,False
"A very elegant, beautiful, and unique villa in a truly lovely location.",30.06368,30.94779,4.8925321888412014,0.0,4.880128755364806,4.831845493562232,4.815214592274679,4.830793991416309,375.1,False,3,1.0,61,False,False,False
Cozy 3 bedrooms apartment,30.0062,31.53474,4.8925321888412014,0.0,4.880128755364806,4.831845493562232,4.815214592274679,4.830793991416309,257.58,False,3,3.0,17,False,False,False
Luxury Pool View Suite at JW Marriott Residences,30.0357,31.4759,4.95,20.0,4.9,4.9,4.8,4.75,110.0,True,1,1.5,486,True,True,False
