room_id,rating,comments,sentiment_score,sentiment_type
1508718511630646313,5.0,"The room looked like the photos and was very clean. The view was amazing!The breakfast was also very good. It is a nice place to stay in Cairo and close to the museum and pyramids.Adel and his Co-hosts were very welcoming, friendly and always responsive. They gave local recommendations and helped us when we needed something. A great host! Would absolutely recommend.",0.4702083333333334,Positive
1508718511630646313,5.0,"We had a lovely stay. The hosts were very kind, helpful, hospitable and responsive. The room is located really close to the Great Pyramids so you get a wonderful view of them, just like the pictures. The room was also clean. There are local shops and stores nearby so buying necessities is not a problem. Overall, really great value for money. Can’t recommend this place enough.",0.4446666666666667,Positive
1508718511630646313,5.0,"Axel’s space is beautiful and spotlessly clean, and Adel, Rona and Samira are exceptional hosts. They all received us with such warmth and kindness, were incredibly helpful with check in, made a fabulous early morning breakfast for us before our ride to the airport (which they organized for us). Adel is super responsive with messages making our experience smooth and easy. Highly recommend this beautiful Airbnb",0.455,Positive
1508718511630646313,5.0,"Our stay was amazing! The suite looks exactly as described, it was very clean and the whirlpool was so nice. The view of the pyramid was great and just like the pictures. Breakfast was also very good. The communication with the host was very good, he answers very quick and helps you immediately with everything you need. Would definitely recomment staying here!",0.5700000000000001,Positive
1508718511630646313,5.0,"The place was amazing, looks exactly like the photos and was magical! The hosts are so kind and very responsive, greeted us at the door. Rona took us to the pyramids and a lovely restaurant, she knew all the spots and was lovely. Would definitely go back!",0.40937500000000004,Positive
1508718511630646313,5.0,Was an amazing stay here. The host was very friendly and responsive. They even microwaved our leftovers for us which was very helpful. The view of the pyramids was stunning. I enjoyed my morning cup of coffee on the balcony with such a stunning view. The bathtub was great with jets as well. The tv had YouTube which was also a plus. They provide breakfast and coffee in the morning. The entire family was so friendly. Definitely recommend staying here.,0.3602272727272728,Positive
1508718511630646313,5.0,"Cinthya
Mexico
Rating, 5 stars
,
·
February 2026
,
·
Stayed one night
Adel was such a host! 
He and his staff were always amiable and giving recommendations.
His place has an amazing view and is just walking distance from the pyramids.
I’ll definitely come back again :)",0.22000000000000003,Positive
1508718511630646313,5.0,Adel was very welcoming. The room was very good. The staff was friendly. The Khufu’s Pyramid view was great. The area is noisy and a bit uncomfortable for a female foreigner. Overall experience after checking in was great.,0.323125,Positive
1508718511630646313,5.0,The view is absolutely stunning and the location is convenient close to Carrefour. The place was clean and the hosts were extremely sweet and responsive. The only minor issue was that the shower drain was a bit slow but hot water worked well👍 I would definitely stay here again if I'm back in Cairo.,0.12407407407407407,Positive
1508718511630646313,5.0,"The crew was always there, asking if we needed anything and fulfilling every wish. When we didn’t have the energy to haggle for a taxi price, the host personally took us to the pyramids, which was greatly appreciated. The view from the rooftop is breathtaking, and the whirlpool is a very nice bonus. Highly recommended!",0.43600000000000005,Positive
1508718511630646313,5.0,"The room was beautiful, clean, and had an amazing view of the Pyramids.The host family was extremely kind, respectful, and welcoming.Special thanks to Rona, who was very helpful and took us on an incredible sightseeing tour.They also offer a breakfast service with a stunning Pyramid view, which was a great experience.I would definitely visit again.",0.5015151515151516,Positive
1508718511630646313,5.0,"We had a wonderful stay with an incredible view. Breakfast was delicious every day, and the whole family was genuinely warm and welcoming. 🤍 The highlight of our trip was when my husband lost his wallet in the desert during a quad-bike tour—Ibraheem went out of his way, searching with a torch late into the evening, and miraculously found it. We were so grateful for his time 🤣",0.5666666666666668,Positive
1508718511630646313,5.0,"It was perfect! The boys were always helpful and always there for us when we had any questions. Also thank you for the perfect birthday surprise with a cake and sweets, it was the perfect birthday for me. The family was so nice and friendly, we really felt like home and we would come definitely a second time. The perfect trip to Giza for us. Thank you 🙏",0.646875,Positive
1508718511630646313,5.0,"Honestly the best stay ever. So hospitable, so nice and caring. Referred to my every single need within minutes. The room was exactly how described. Beautiful and immaculate. Highly recommend to anyone visiting and definitely will be visiting again. All the hosts are amazing! Special thanks to Omar, Adel, Ibraheem, Mohammed and their family for being so amazing.",0.4413095238095239,Positive
1508718511630646313,5.0,Beautiful place and friendly staff! They helped us with everything we needed the whole stay. We also booked driver the whole day and we felt very taken care of and safe. Great Experience,0.45982142857142855,Positive
1508718511630646313,5.0,"Angela Fabiola
Olympia, Washington
Rating, 5 stars
,
·
2 weeks ago
,
·
Stayed a few nights
We had a great time! 
 The view is spectacular,  the attention was amazing.  We did a tour to the pyramids and we had a wonderful guide. 
 Definitely recommend  Adel’s place !",0.5,Positive
1508718511630646313,5.0,Zeina and her cousins were great! They greeted us on the road and helped us up with our luggage and were on hand whenever we needed something. We enjoyed our stay here and would definitely recommend this place to stay. It is close to the Pyramids and has a great view of them too.,0.575,Positive
1508718511630646313,5.0,I was really suprised by the hospitality and responsiveness! Mohamed and his family are great people very friendly and helpfull and make you feel right at home!  Its in a great area aswell and I would reccomend to anybody everything is close by!,0.5789285714285715,Positive
1508718511630646313,5.0,"Staying here was truly a once-in-a-lifetime experience. The view of the Pyramids from my room was absolutely unbelievable. The hosts were incredibly kind and welcoming, it really felt like staying with family.They arranged airport pickup, which made everything so easy, and also organized a tour of the Pyramids that I’ll remember forever. Their hospitality and attention to detail exceeded every expectation.If you want an unforgettable stay in Giza with breathtaking views and a genuinely warm family, this is the place. Highly, highly recommend!",0.4479166666666667,Positive
1508718511630646313,5.0,"I cannot say enough good things about them!  They were lovely! Fresh mango juice. breakfast, cheesecake... they even went to a cafe with us and introduced us to Egyptian culture. I'm planning on coming back and I will be staying with them again!",0.36,Positive
1508718511630646313,5.0,"Adel and his family are so welcoming!They’re the definition of hospitality.They constantly checked in on my wife and I making sure we had everything.There was an incident where our uber driver couldn’t speak English and he offered to get on the call with the driver and Ruba (sister) even made my wife and I a photo frame of us. Super sweet family. Zamira, the other sister cleaned our bathroom the moment we spotted something off in the drainage.I love their availability and responsiveness.Amazing view of one of the pyramids. I will return here in a heartbeat when I return to Cairo.",0.22261904761904758,Positive
1508718511630646313,5.0,That was amazing! It’s a very nice appartement with a wonderful vieuw! The place is  very relaxing and host are very nice and friendly! ✨☀️,0.6631250000000001,Positive
1508718511630646313,5.0,"It offers breakfast , which could offer a bit more variety,  a bit of fruit would be good .",0.4333333333333333,Positive
1508718511630646313,5.0,"Amazing view!! The pictures are accurate. it is tucked away on a sketchy street but the hosts are very accommodating, welcoming and responsive. 10/10 would recommend",0.5125000000000001,Positive
1297327219631789358,,"You can see the Pyramids right from your room! Being on the top floor offered nice privacy from the rest of the building.While the internet was a bit slow, the host was incredibly responsive; even though I had some trouble finding the place initially, he came to meet me personally to ensure a smooth check-in.",0.2507936507936508,Positive
1297327219631789358,,"The location is very close to the pyramids; you can clearly see them from the bedroom and the balcony. The room was very clean and well organized. Whenever we needed anything, the host responded to our messages quickly and was very helpful. We were welcomed in a tolerant, respectful, and generous manner. Thank you very much for everything. We hope to have the opportunity to stay at your place again.🙏🏻❤️",0.29571428571428576,Positive
1297327219631789358,,"I had a great stay at this studio. It’s very clean, quiet, and located in a safe area close to all essential services. The hosts are incredibly friendly and helpful. Highly recommended",0.3302380952380953,Positive
1297327219631789358,,"We enjoyed our stay. The view of the pyramids is quite nice. The photos of the room look like maybe they were taken a long time ago, as it is a little aged now. Ghoneim was kind and communicated well.",0.22708333333333333,Positive
1297327219631789358,,"The view of the pyramids was absolutely astonishing, and the apartment was also really nice and clean. The host was very friendly too, so definitely recommended! Only the neighborhood was very loud (also at night) but that is just usual in the area near the pyramids.",0.21490740740740744,Positive
1297327219631789358,,"The entrance was a bit hard to find, but the host came out to greet us. The room was clean and spacious. We could see the pyramids from the room, making it a great location. We had a wonderful stay in Cairo.",0.46875,Positive
1297327219631789358,,"It was an absolutely wonderful experience staying at this Airbnb. The location is truly unbeatable, offering breathtaking views of the pyramids right from the window. We found the accommodation to be comfortable and very well-maintained throughout our stay. The host was gracious and ensured we had everything we needed for a pleasant visit. We would highly recommend this fantastic place to anyone looking for an unforgettable experience.",0.5532275132275132,Positive
1297327219631789358,,"I was genuinely impressed with the flat. The design and décor are beautiful, and the place feels really spacious and comfortable. It honestly exceeded my expectations.If you’re coming to Giza or planning to visit the pyramids, this is definitely one of the best places you can stay. Highly recommended!",0.4694444444444445,Positive
1297327219631789358,,"If I could, I’d give this place 100 out of 10!Such a nice, cozy, and clean place even more beautiful than in the photos, with a lovely view. The owner is very nice, polite, and extremely hospitable. Highly recommended and absolutely worth the money you pay.It definitely won’t be the last time I’ll always book there! 💛",0.3109722222222222,Positive
1297327219631789358,,"Beautiful unit with a stunning view of the pyramids. Ghoneim was an excellent host - very responsive, helped with my luggage, and always made sure everything went smoothly during my stay. I’ll definitely be coming back in the future.",0.38333333333333336,Positive
1297327219631789358,,"We had a great time staying here and I absolutely do recommend everyone to do so. We felt like home from day one. Ghoneim and his family are such a great people and they took good care of us with everything we needed. The place itself is even better than on the photos. Clean and private, well equipped and with the direct view on the pyramids. To wake up and have a breakfast with a view like that is just something you do not experience every day :) One of the best places to stay in Cairo in my opinion and definitely best in Giza. Thank you for making our stay the best we could have. We will definitely come back one day.",0.46444444444444444,Positive
1297327219631789358,,Ghoneim's place is easy to find at an easy location. We felt right at home. Thank to him and his father for their hospitality and thanks again to his father for small gift for my daughter ❤️,0.22047619047619044,Positive
1297327219631789358,,"I loved the stay. The family was so hospitable and treated me like family. Thanks for the beautiful view, the wonderful bedroom, the food, and help. I really enjoyed staying there and would highly recommend this place.",0.5683333333333334,Positive
1297327219631789358,,"The host was very good and communicative throughout our stay. The place was exactly as described, and the view of the pyramids is undoubtedly awesome. A great experience overall!",0.592,Positive
1297327219631789358,,"I had a great stay! The room was clean, cozy, and had everything I needed. The view was absolutely stunning, and it made the experience even better. Yassin was very kind and helpful throughout my stay — he made everything easy and smooth. I would definitely recommend this place and would love to come back again!🥰",0.3890909090909092,Positive
1297327219631789358,,The best host and view! Comfortable beds and clean apartment. Thanks so much!,0.44333333333333336,Positive
1297327219631789358,,"Best option for Egypt …. Amazing people , incredible space . And he has US outlets ! A huge perk . Great family , great people . Cant reccomend it enough",0.6571428571428571,Positive
1297327219631789358,,"This place was great. A beautiful view of the pyramids. The host was great at helping me throughout my stay, making sure I had everything I needed.",0.7375,Positive
1297327219631789358,,"Orion charter Township, Michigan",0.0,Neutral
1297327219631789358,,Beautiful Apartment with a good View of the Pyramids. Ghoneim was helpful and Overall a good host.,0.5625,Positive
1297327219631789358,,The room with pyramid view was great. Good to spend time at the rooftop seating with the pyramid view. Had a good time and rested stay. Beautifully put up property.,0.7625000000000001,Positive
1297327219631789358,,"I had an amazing stay. The host and his father were truly awesome — very kind, welcoming, and attentive. They went out of their way to make sure I was comfortable and had everything I needed. Their hospitality made a big difference. I highly recommend staying here and would definitely come back.",0.384,Positive
1297327219631789358,,Responsive host and very comfortable stay with a stunning pyramids view. Most suitable to light suitcase or solo travellers as you have to climb up to the rooftop. The view is impressive.,0.5783333333333334,Positive
1297327219631789358,,"Jassein and family.. Thank you so much for everything …They are very kind and friendly people 👍We’re very happy and pleasent to be in this place that we recomend 100%. Nice view, very clean and modern studio.We really appreciate your help and hospitality…Hope to see you again",0.4789583333333334,Positive
1606001853199411128,,Thank you so much to all the amazing hosts. Probably the best place in Giza where you can enjoy an amazing jacuzzi with the best view of all the 3 pyramids. The room is cave style which gives you the feeling of ancient Egypt. Everything was perfect. Will definitely be back. Great job guys. You accommodated all my requests and very promptly.,0.5800000000000001,Positive
1606001853199411128,,This was one of coolest spots I've ever stayed in. Absolutely insane view of the pyramids. Looking out the window blew my mind every morningAlso really enjoyed walking around in the area and was able to order food delivery when I needed to,0.0,Neutral
1606001853199411128,,"I've been traveling the world for seven years now, and this was easily the best airbnb I've ever stayed at. Everything from the view of the pyramids through to the hospitality from the host was incredible. I strongly recommend staying here. You won't regret it!",0.71875,Positive
1606001853199411128,,"Very good and clean apartment, amazing views from the bed / jakuzi.10/10i can only recomend, will definitly come back !",0.37533333333333335,Positive
1606001853199411128,,"Stayed here with my husband for our anniversary and it was so nice and cozy. We live in Cairo, but this was truly a nice get away!",0.3215909090909091,Positive
1606001853199411128,,The place is well designed and clean the view was awesome,0.6833333333333333,Positive
1606001853199411128,,It was an amazing stay. The caretaker was flexible and waited for us at 1:00 a.m. The Airbnb was exactly as shown in the photos; the view was breathtaking—waking up to it every day and getting ready. The location is also fantastic. 10/10. I highly recommend it.,0.322,Positive
1606001853199411128,,"Very distinctive room, and the housekeeper is also great!Very nice to prepare a hot tub for us to use.",0.35000000000000003,Positive
1606001853199411128,,"We chose this place to stay because of its hot tub with a view of the pyramids, but in the end, we couldn't use it because the hot tub never heated up. We were a bit disappointed because we chose this place for the hot tub... The host was understanding and offered us a discount, which we really appreciated. It is located a 10-minute walk from the pyramids and the rooftop, so it's great, and also close to the new museum by car. The room isn't very well soundproofed, but I think it's like that everywhere in Egypt... The view from the room of the pyramids is as described and amazing; you never get tired of it. The bedding is excellent, and the hosts are responsive at all times, which is great. The staff in the building are also very friendly. It would have been a 10/10 if the hot tub had been able to heat up...",0.3049242424242424,Positive
1606001853199411128,,"Very cute, a peaceful atmosphere, and the views are magical... wow!",0.38125,Positive
1606001853199411128,,"Mélyssa5 years on AirbnbRating, 5 stars,  · March 2026,  · Stayed one nightAmazing stay! I recommend it.Translated  Show original",0.375,Positive
1606001853199411128,,Wonderful accommodation!! Clean and spacious!,0.7291666666666667,Positive
1314833467096489875,,I had a warm welcoming to Pyramids hotel. The rooftop restaurant had a breath taking view of the Pyramids. The room was very nice and organized. The front desk concierge was helpful & organized with different ideas of locations to visit. They offer a pickup for visitors coming to Giza and offered a chofer to any location you wish to visit & they stay close by when you’re ready to leave. I enjoyed my stay very much.,0.38999999999999996,Positive
1314833467096489875,,"I absolutely loved my stay here! The room was incredible and the staff were so friendly and welcoming! Sammy from the restaurant was so so kind to me and the lobby staff were so accommodating! I loved all of the tours I booked through the hotel and felt incredibly safe, my tour guide Mak was the highlight of my trip! Don’t skip out on this place I will %100 book here when I come back to Egypt!",0.6169642857142856,Positive
1314833467096489875,,"Absolutely amazing. Host was very accommodating and sweet. Location is amazing, and the room is exactly what you need. The shower water pressure was perfect too. Would 100% recommend!!",0.5,Positive
1314833467096489875,,"I enjoyed a peaceful stay and was pleased with the room's cleanliness. A big thank you to Ibrahim for his kindness and assistance, especially in communicating with the Uber driver in Arabic, which made my Uber ride to the airport feel safe and comfortable.",0.3071428571428571,Positive
1314833467096489875,,This was a great stay! I really enjoyed casually sitting in the cafe and watching pyramids every once in a while. The room had all the essentials and it was in a great location for the main sights in Giza. Definitely recommend it!,0.3277777777777778,Positive
1314833467096489875,,"this was such a great stay! the team is so kind, the rooms were amazing and the rooftop views and food are so good, especially recommend the mushroom pizza and mango smoothies. very close to the pyramids too. would definitely stay again, loved this place.",0.4222222222222223,Positive
1314833467096489875,,"this was such a great stay! the team is so kind, the rooms were amazing and the rooftop views and food are so good, especially recommend the mushroom pizza and mango smoothies. very close to the pyramids too. would definitely stay again, loved this place.",0.4222222222222223,Positive
1314833467096489875,,"this was such a great stay! the team is so kind, the rooms were amazing and the rooftop views and food are so good, especially recommend the mushroom pizza and mango smoothies. very close to the pyramids too. would definitely stay again, loved this place.",0.4222222222222223,Positive
1314833467096489875,,"Overall a good hotel for the price paid. Still some area of the hotel are  in construction thought, so aspect some noise. Plus when I was there a rodent must have managed to get inside the air cond probably from outside as my room was next to this high wall of earth , in fact you can’t even open the window, resulting in lots of noise made by the rat trying to scratch something inside the cooler. 🤨",0.14333333333333334,Positive
1314833467096489875,,On the first day I was given a large room with three beds. The following day they changed my room to a small but adequate room on a different floor. I had to repack all my stuff and go to the other room.  laundry service is $1.00 per article and there's no laundry shops. I used the bathroom sink to wash my underwear.,0.06037414965986395,Neutral
1314833467096489875,,"Great stay overall with a few things to be mindful of. The rooftop balcony view is absolutely incredible and easily the highlight of the property. Rooms are clean, well-presented, and the shower has excellent hot water pressure. Staff throughout the hotel are kind and welcoming.However, I’d strongly recommend skipping the breakfast — it’s poor quality and overpriced. The restaurant is also disappointing, with staff being overly pushy and even taking change as assumed tips, sometimes up to 50% of the bill. I also booked a tour through the hotel which turned out to be significantly overpriced and didn’t deliver what was promised.Overall, a good stay for the room and views, but avoid the restaurant and don’t book tours through the hotel.",0.33273809523809517,Positive
1314833467096489875,,"I stayed here for one night, when I got into Cairo. My flight came in around midnight and they offered to provide transportation from the airport, which was nice for a solo female traveler arriving so late at night. While I was only there for a few hours to sleep (immediately went on a pyramid tour first thing in the morning and checked out), they were very kind and responsive. The sink in my bathroom was leaking, and since it was in the middle of the night, they couldn’t bring anyone in to fix it. That was fine for me though since I was just staying for such a short time.Overall, it’s a good spot to sleep if you’re checking out Giza and the pyramids.",0.1872222222222222,Positive
1314833467096489875,,"Such a great budget-friendly place near the Pyramids of Giza, rooms are basic but cleam,just an 8-minute walk away. The rooftop view is absolutely serene, offering a  stunning and uninterrupted view of the pyramids.Most importantly, the people,Abadu and Dida were excellent. I felt very safe throughout my stay. I booked my tour with them, and everything went perfectly.A special mention to Samy at the rooftop restaurant, absolutely fabulous service and experience. only one thing they need to work is on wifi everything else spot on",0.33901098901098903,Positive
1314833467096489875,,Great location. Rooftop offers an amazing view of the Pyramids. The staff are friendly. There were noises from the busy street and next door but otherwise I’ll recommend.,0.32916666666666666,Positive
1314833467096489875,,"Amazing place to visit Pyramid's, friendly staff and nice view during the day and night time, on the rooftop...Samy has many good options to eat and drink, highly recommended.",0.48916666666666675,Positive
1314833467096489875,,"Had a very lovely stay. Was there for a week. There’s so much activity going on in the area, which I appreciated. It was not difficult to find food or things to do at all. Many pharmacies and grocery stores nearby. Also a hospital not too far away, which made me feel comfortable. The food in the restaurant was very good. The staff were incredibly helpful and friendly with literally everything I needed. They also set up some really great tours for me which I really appreciated. The room was very clean and a great accommodation. The Wi-Fi did go out sometimes, not often. But as soon as I let the reception know, they were on it!!!!The pictures of the rooftop aren’t really as pictured, but still very beautiful nonetheless less. It fits about 7, 4-tops comfortably.The hotel staff, Yusuf specially, helped me to set up a few tours including an overnight trip to the desert,  that included transportation and food included. The company they work with, were really great men! I’m a female sol",0.4262925170068027,Positive
1314833467096489875,,"Nice location, good staff. Cleanliness can be slightly improved though. Overall good value for money.",0.3666666666666666,Positive
1314833467096489875,,The place was good but their responses were bad. I was staying in 406 and the telephone & hot water were not working. I tried to contact them but they didn’t fix it. I didn’t shower it because of cold water. Apart from this everything is good.,0.07000000000000002,Neutral
1314833467096489875,,"Picture a place that is located on the door step of the great pyramids, where you are greeted with the biggest and brightest smiles from staff who go the extra mile to ensure you have the best experience, from booking tours for you to ensuring your room is what you imagine it to be they go the extra mile to creating the perfect experience in Egypt for you… I want to give special recognition to Mr Gabre.   His customer service and overall interactions with me were beyond amazing, he listened to my questions and supported me with everything I needed every day of my trip going over and beyond all the time. My trip would not be what it was if it had not been for him so Mr Gabre…… I say “THANK YOU” .",0.46964285714285714,Positive
1314833467096489875,,I am very thankful with all of the people that were always available and friendly. Made me feel safe and the room was perfect.The food and the view is spectacular.Im very pleased about how they treated me and all of them were very professional in their service and behavior.I recommend this place 100% . Perfect location!,0.46499999999999997,Positive
1314833467096489875,,"The Airbnb was great, and the view from the rooftop terrace was absolutely beautiful. The sight of the pyramids was 100% worth it. The hosts were always very friendly and helpful, and the tours they organized were wonderful — I got to see a lot of Cairo. The only thing that bothered me a little was the noise inside and around the hotel.",0.4642857142857143,Positive
1314833467096489875,,"I enjoyed my stay here very much.  The staff was very nice and helpful with my needs like getting rides, the room was very clean and had everything I needed, the food was excellent and the view from the rooftop was the best I've ever seen anywhere.  I highly recommend this place and when I come back to Cairo I will absolutely stay here again if I can.",0.48629629629629634,Positive
1314833467096489875,,"So, here's the thing, this is a great hotel with a pyramid view. It has a wonderful shuttle service from the airport and lots of tours to go on. I did the tours and the pyramids tour was wonderful, the Alexandria and coptic/Islamic Cairo weren't great so, you know, hedge your bets. I was safe here as a solo female traveler and the staff was kind.",0.6714285714285714,Positive
1314833467096489875,,"Certainly fine for a couple days stay in Cairo. That being said, the Airbnb is located in Giza and a distance from Cairo (20-30 min uber drive pending traffic). The market around the corner was super fair with water/beverage pricing. You’ll find in downtown Cairo price gouging specifically for being a tourist.",0.48333333333333334,Positive
1325995807818486852,,"Our stay was perfect, we would always recommend this unique place. You wake up to the view of the pyramids and the relaxing sound of galloping horses. It’s a very authentic and clean place. Also the communication and service with Malika was always super friendly and easy.We hope we can come back, thank you so much for our stay.",0.41111111111111115,Positive
1325995807818486852,,"What a beautiful place! I loved my stay, thank you so much! Everyone very friendly and nice, the room was amazing, clean, comfortable and loved the decor, the terraces with the most amazing view of the pyramids, I spent lots of time just chilling there with their sweet cat :) will definitely recommend it!",0.4033854166666667,Positive
1325995807818486852,,"RomanKharkiv, UkraineRating, 5 stars,  · February 2026,  · Stayed one nightGizaWe came for one night and extended twice. Stunning pyramid views, especially from the corner rooms. Cozy rooms with panoramic windows, wide beds, soft yellow lighting, and spacious bathrooms. Quiet inside, even with the city outside. Shared kitchen on every floor.Malika is a wonderful host — everything was arranged easily, from sightseeing to horse riding. Riding horses in the desert under the stars was unforgettable. Lovely animals too — horses, cats, dogs, even a raven.A truly magical stay. We will definitely return.",0.2523809523809524,Positive
1325995807818486852,,"We spent two amazing nights here. The view of the pyramids right outside the window is simply fantastic! The apartment is very cozy and clean. At our request, they brought us a very good breakfast, which we enjoyed on the terrace outside the room. We loved passing through the stables downstairs and seeing all the beautiful horses. The first night they were doing some roadworks and we didn't sleep well, but trust us: it's worth it. Malika's place is something different—it's unique and special.",0.35215773809523804,Positive
1325995807818486852,,"We stayed at the Pharaoh’s room and the experience was breathtaking. Waking up to the view of the great pyramids of Giza and witnessing the sunset from here was surreal.Malika is a lovely host, she has designed the rooms tastefully and she personally takes care of the property and guests so the experience is very personalised. Getting homemade fresh breakfast, a beautiful decorated Christmas dinner with the best view ever were the highlights.I highly recommend this place for people who are looking for a local and authentic experience.",0.4827272727272728,Positive
1325995807818486852,,"Malika’s rooms are a haven in comparison to the hustle and bustle of Giza outside. The rooms themselves are spotless, modern and comfortable with fantastic views overlooking the pyramids. As a host I couldn’t fault her. The only downside is the area it is located in can be intimidating with poorly treated camels and horses from the other stables nearby. Access can be a bit of a challenge for Ubers as google maps takes you to the wrong location (Malika is very clear about this) so if you are a lone traveller, you may wish to avoid arriving late at night.",-0.0195,Neutral
1325995807818486852,,"Abu Dhabi, United Arab Emirates",0.0,Neutral
1325995807818486852,,"The property offers breathtaking, unobstructed views of the pyramids. The private terrace and rooftop are peaceful and serene, making them perfect for watching the sunrise and sunset against a stunning pyramid backdrop. The host is responsive, helpful, and ensures a smooth and enjoyable stay.",0.46875,Positive
1325995807818486852,,"Our stay with Malika was a dream! Her creative spirit is everywhere and her attention to details is incredible!  The location is 35 meters from the fence of the Pyramids area.  Her place is perched above a large stables which adds to the flavor and excitement of the location.  But rest assured,  once you walk through the gate of her ""compound"", it's completely peaceful.  The horses and riders are amazing to watch in the foreground of the best view of the pyramids.  Her place is kept immaculate and she offers meals as well.  We only took advantage of breakfast,  but it was wonderful!  She presents the breakfast beautifully and makes meals traditional Egyptian style. We truly loved our time there and,  on top of everything else,  we feel like we made a new friend.  Details......The walk to the gate of  the Pyramids is about a 10 minute walk. Coming to her place is best if you contact one of her favorite drivers.  There will be no question about finding the place. Thank you Malika!!",0.5077587853323148,Positive
1325995807818486852,,"Thank you so much for the wonderful hospitality! I arrived quite late, so I asked Malika's driver to pick me up from the airport. He was incredibly friendly, arrived early to wait for me, and carried my heavy luggage up several flights of stairs. Malika's adorable kitten greeted me too—so cute that I couldn't resist playing with it before going to sleep.The room was spotless and beautifully designed. Every detail, from the charming brick walls, windowsill, furniture to the bathroom, showed Malika's great taste and care. Despite Egypt being full of flies, I saw none in the room or terrace—everything was perfectly clean. The bed was just right, springy and comfortable, and I slept wonderfully.Because it was cold, Malika kindly arranged my dinner in a warm, beautiful indoor room instead of the terrace. Even though she was feeling unwell that day, she still got up to arrange everything and take great care of me. I was deeply touched. Truly wish I could give more than five stars!",0.3827122153209109,Positive
1325995807818486852,,We had a wonderful time here for our honeymoon! Most amazing view of the pyramids you could imagine - waking up to seeing this was like a dream!!We took the horses from the stables below for a sunset ride into the desert and also to the pyramids - a must do!!Malika and the family Breesh are very friendly hosts.Highly recommended!,0.67734375,Positive
1325995807818486852,,"An amazing stay, exactly like the photos - it’s an incredible view of the pyramids and the home and rooms are beautifully decorated and very clean and a great shower. We went with the airport pickup and it made the checkin experience really easy, so helpful with bags. We’re coming back to Cairo again so will be booking again for sure!",0.5483333333333333,Positive
1325995807818486852,,"Malika and Karim were such wonderful hosts, as were the amazing people helping out. I love them all! After staying 6 days, it already feels like they’ve become family. I’ll definitely be back—not just for the stay and the hospitality, but especially for the people. Thank you Malika, for giving me such beautiful memories at your place. I already miss everyone, including your lovely pets 🤍",0.39722222222222225,Positive
1325995807818486852,,"Malika’s Airbnb was lovely, had gorgeous views of the pyramids, and was a lovely clean space to hybernate from the hectic- ness of the city. She was also a very attentive host and answered any questions we had.However I do have to comment that I’m not sure how well the horses are treated in the stable below/ in the area. Although nothing to do with malika, we did see two dead horses thrown on the rubbish piles outside.",0.2670833333333333,Positive
1325995807818486852,,"A+++++++++++++ An experience I’ll never forget with the loveliest of hosts. Malika is the go-to person for any activity in Giza whether it’s a relaxing spa experience or an exciting desert excursion. Without a doubt would book again. We felt safe, at home, and completely looked after - I would recommend this to family and friends in a heartbeat. The view and the building are even better in-person.",0.35,Positive
1325995807818486852,,"Fenna13 years on AirbnbRating, 5 stars,  · May 2025,  · Stayed a few nightsThis vieuw is worth a million.it's even better than on the pictures.you can almost touch the pyramids.add the cosy terras and the tastefull rooms.Makika and her crew are the friendliest people and the horses where treated really well.what else can you wish.if you love a panoramic vieuw and you like horses, this is your place.",0.26,Positive
1325995807818486852,,"Everything is beautiful, only the access was confusing for some of the taxi drivers I used 🫶we  loved this place,We will surely return.",0.35,Positive
1325995807818486852,,Such a beautiful Airbnb with one of the best views of the pyramids. Malika was a fantastic host with great communication.,0.61,Positive
1325995807818486852,,"Such a beautiful property and stay. You can immediately tell Malika has a background in interior design as our room (and the others we glanced at) were impeccably arranged and detailed. We loved the location by the horses and had fun buying some carrots and apples for them everyday of our stay. The property itself (outside the room) is quite spacious with large courtyards on each floor level and a beautiful upper terraced lounge. Was so great to lie up top and daydream in perfect view of the splendor of the pyramids. Highly recommend to all. Great water pressure and heat on the shower as well which have found to be a challenge in other Egypt air B n Bs in the past. There is no wi-fi would be only very minor negative, but it was honestly great to unplug still and enjoy the simple life away from devices during such a beautiful stay. Easy entry with the keyless lock and good location for walking around for shopping, food and snacks. A+++",0.3417006802721088,Positive
1325995807818486852,,"Had a great stay. Such an experience, everything was as described. Highly recommend bringing earplugs to sleep, this made everything perfect for us.",0.49,Positive
1325995807818486852,,We stayed in the Pharaoh suite at Malik’s Qasr for our time in Giza (above the stables). We had a quaint domed brick room with a comfortable king sized bed and an excellent view of the Pyramids from bed! The owner was so thoughtful remembering I was arriving for my birthday and leaving a card and some sweets. There is a shared kitchen with a spout for filtered water. Horses neigh just below the terrace and if you want a horse or camel to ride to the pyramids or into the desert FB Stables  is on site and convenient to book. We took horses to the pyramids with a guide who took photos and camels to watch the sunset in the Sahara. These are memories we will never forget. There are shops and restaurants nearby and I’d recommend this place for anyone that wants to leave the beaten path and have a unique experience. We will always remember our time in this place.,0.3958333333333333,Positive
1325995807818486852,,"We were staying one week at Malikas beautiful home and had an amazing time. There are some things worth mentioning as for us the experience of staying with Malika and all of the staff was a 5/5 experience. However, there are some things you need to know before you stay there which Malika is also very transparent about. You should know there will be animal noises all day and night such as horses and especially dogs barking. One of the Muciner speakers is very close so you will be hearing it several times a day and also at 4:45 in the morning. If you can handle the noise this home is an unforgettable experience. Best view of the pyramids in all of Cairo, incredible service from everyone there. Great tours, amazing food (cooked authentically) if you want to eat dinner or breakfast. All around very kind people everywhere willing to help and assist with anything you may need. I’d say it’s the perfect combination if you want the REAL Cairo with everyday Pyramid Sunsets and Sunrises!",0.45722222222222225,Positive
1325995807818486852,,"Malika and the whole team who supported our visit (2x Kareems :) ) were very friendly and responsive during our stay. The accommodation was exactly as described, and we were very happy with our decision to stay there. A few points for others. I used the driver they suggested to pick us up from the airport. He did a great job and was cost-effective. Later, I chose to use Uber, as FB stable is on their app. Overall, exactly what we expected. Some notes for others: The local area (like most of Egypt's major cities) is noisy 24 hours a day, as the team describes. As a 'normie' tourist, you might find the constant engagement from all of the vendors in the local area tiring. This has nothing to do with Malika and the team; it is an integral part of the Egypt experience! Be friendly, say no thank you, and smile. Thanks, Malika!",0.24605263157894736,Positive
1325995807818486852,,“Live like a local” is Airbnb’s motto…and this is exactly what Malika’s place (and the surroundings) offer. We had a very nice stay at Malika’s place and loved the surroundings! Walking distance to the Sphinx entrance (20 min) and splendid views over the pyramids. We would stay again :-),0.48209956709956714,Positive
1292713202731607754,,"We had a wonderful stay here. Everything was clean and exactly as shown in the pictures. Hazem and Ahamed were excellent co-hosts, they provided everything we needed and even helped us with better deals. The amazing view from the veranda left us speechless. Thank you all for making our stay so great.",0.5645833333333333,Positive
1292713202731607754,,"Beautiful place when you wake up to the view of pyramids the feeling is something else! Jacuzzi is also great, we had a great stay! Also very close to Giza pyramids so we visited everyday for 3 days! Can’t recommend enough. Staff are nice and helpful, taking care of us as well!",0.5,Positive
1292713202731607754,,"Highly recommend staying here above anywhere else. Yes the view is incredible and just like the photos, but the team is very responsive and made the visit to Cairo great because of the tour planning and logistics. They ensured that transport everywhere was handled, on time and that it was legitimate. Anything you need, they respond immediately and if I visit again, will definitely stay there.",0.3433333333333333,Positive
1292713202731607754,,"An amazing stay- my group was well taken care of- the host picked us up from the airport, we had a rooftop dinner looking at the pyramids- so many above & beyonds- a big thank you- our first two days in Egypt was just incredible! We also booked a tour through Dawood- and the tour & the guide were fantastic!",0.40714285714285714,Positive
1292713202731607754,,"This stay went above & beyond our expectations. Room looked exactly like the pictures and was very clean. Host was extremely responsive and helped us with so many things such as excursions, stores, shopping, etc. Breakfast was also great. Views were impeccable & location was great—very close to the pyramids. Felt extremely safe.",0.3501851851851852,Positive
1292713202731607754,,"The view from the balcony is amazing and the team is so professional. The rooftop is the best place to see the pyramids! The host provides us the breakfast on the rooftop and it is so unforgettable. We checked out early at 6:00 am and a staff waited us to give us packed breakfast and also help us with the luggage. Overall, it is very pleasant experience. Thank you!",0.5142857142857143,Positive
1292713202731607754,,Would highly recommend if you’re after a stunning view of the pyramids. We had a balcony view room but there is also a rooftop which is accessible 24 hours. The room was exactly as described and looked like the pics. The team were very attentive checking in if we needed anything during our stay. One down side is road noise but that is unavoidable in this area.,0.27490740740740743,Positive
1292713202731607754,,"Stunning view of the pyramids! Location is also close to them if need to visit them. The host also offers different kinds of tours. If you want to have the pyramids view to yourself, this is the place.",0.24166666666666667,Positive
1292713202731607754,,This place has a great view of the Pyramids and the balcony is a plus over most other options. Its main road location also feels safe to walk around at any part of the day. The local staff is good and helpful.,0.36309523809523814,Positive
1292713202731607754,,"We had a pleasant stay at this top unit with the balcony. The view from our balcony was the breathtaking Giza Pyramids which we loved waking up to every morning. Our host was very friendly and helpful with all of our requests. The rooftop lounge served breakfast and although we have never tried the food, the view was very scenic. The location was very close to the pyramids and there is a convenience store just downstairs. Overall, a great option to stray if you want to exlpore Giza and Grand Egyptian Museum due to the proximity and having helpful host was a bonus!",0.4513257575757576,Positive
1292713202731607754,,"Dawood's place was absolutely amazing. The room itself has an unbelievable view of the pyramids along with a great rooftop cafe/shisha spot too. The room had a really comfy bed and a great jacuzzi, it really compliments the view. Not to mention both Muhammad and Ahmad who made the stay ever better with quick recommendations and service when needed. Muhammad even went out of his way to help when we needed it, would definitely recommend staying here. Thanks so much!",0.3303030303030304,Positive
1292713202731607754,,"Dawood way absolutely amazing, very kind, helpful and i was able to book thr greatest tours with awesome people through them. very honest and kind people that made me feel safe and like home. They actually brought to me a bracelet that I left in the room to the airport when I was leaving! the service was outstanding and I truly recommend them. the food  was clean and comfortable and the view of the pyramids was so amazing! Thank you!Francisco Andrade.",0.5554761904761906,Positive
1292713202731607754,,Clean and modern space that comes with a breathtaking View of the pyramids. The host is very friendly and communicative. Highly recommended for solo travelers,0.44283333333333336,Positive
1292713202731607754,,"I highly recommend this place if you’re staying in Giza. The view of the Pyramids from the room is incredible, and somehow even better from the rooftop. The rooms are on the 8th floor so nothing blocks the view - have your camera ready. Try to get up early for the sunrise light and don’t miss the sunset!* Check-in was super easy with clear instructions, and I also arranged an airport pickup through the host’s team.* The apartment was very clean and the bed was comfy, maybe bring earplugs if you’re a light sleeper.* The room had nice little extras like water, Pepsi, snacks, coffee, and tea.* The bathroom was stocked with shower gel, shampoo, and soap.* The staff were really kind and helpful (helped arrange a tour guide for the Pyramids; airport drop off).* Breakfast on the rooftop was such a great touch!",0.3822395833333333,Positive
1292713202731607754,,"WOW! Absolutely did not know what to expect getting an airbnb in Cairo but this went above and beyond any expectations. The place is amazing. you can see the pyramids from the shower and bed, it’s awesome! It’s the penthouse of the tallest building around the pyramids so your view will be unmatched. You could honestly just stay in the room and have a great time (don’t, but i mean, you could)Ahmed was so extremely helpful. I was probably a little high maintenance with questions and booking activities/rides, and Ahmed and the entire team went above and beyond to make sure i had fun, was happy, and felt safe. Trust me, book this place!!!!! You will not regret it.Best Airbnb I have ever stayed in.",0.3211764705882353,Positive
1292713202731607754,,"The view of the Pyramids is absolutely breathtaking and truly makes the experience  waking up to it and enjoying the balcony for photos was unforgettable. The room was clean and comfortable, and the balcony space was a real highlight.Giza itself is an older, less developed area, and the building reflects that, but this was something we were aware of from the beginning. The incredible view more than made up for it.The hosts and team were fantastic , always available and very helpful. They assisted us with everything from booking a tour guide to arranging a driver and any other requests we had.Overall, we had a very pleasant stay and a memorable experience.",0.4080555555555556,Positive
1292713202731607754,,"I had such an amazing stay! The staff went above and beyond to make sure everything was perfect, they were incredibly friendly, helpful, and welcoming. The views were absolutely breathtaking, especially at sunrise and sunset. Breakfast was one of the highlights, delicious, and beautifully presented every morning on the rooftop. I couldn’t have asked for a better experience. Highly recommend this place to anyone looking for a memorable stay!",0.52,Positive
1292713202731607754,,"Amazing location, view is exactly as shown. The guys were great at helping with excursions, they provided breakfast on the rooftop which also offers a great view of the pyramids. Went above and beyond by providing with transportation to and from airport!!Will definitely come back next time in Egypt!!!!",0.2833333333333334,Positive
1292713202731607754,,"This was a gem of an Air BNB! The photos are accurate and the view from the hotel room and rooftop patio of the pyramids is breathtaking. Amazing breakfast included, with fantastic coffee, and convenient restaurant. The staff are friendly and can assist with taxis and give advice for places to see and their actual costs. No issues with walking the streets. Would recommend and hope to stay again!",0.46249999999999997,Positive
1292713202731607754,,Loved our stay. Beautiful view and close to the GEM museum and pyramids. AC was incredibly nice and cold. Shower heated up right away with good pressure. Host was very responsive and helped us arrange transport to the airport. We would definitely stay here again. Bed was super comfy and there were black out curtains,0.2902380952380953,Positive
1292713202731607754,,"The view says it all, just like the pictures, you can sit in bed or jacuzzi and contemplate on the grandeur of the pyramids. Everything is new, host is very helpful with organizing tours, airport transfer, always on time, a beautiful young team that will help with everything. Breakfast also good served on the rooftop. Many shops on the street, close to the pyramids by uber, it was a great place to stay.",0.46948051948051944,Positive
1292713202731607754,,"Everything was perfect, the entry instructions were very clear, the staff were available 24/7. Everything was functional in the apartment, the view is incredible especially at sunset, a rooftop is accessible 24/7 and the apartments are on the top floor secured with an elevator badge. The area is not as good as the center of Cairo, beware of scams, but it is unavoidable and like that throughout the pyramids area.",0.4338888888888889,Positive
1292713202731607754,,"This was such a beautiful stay! The room was incredible and modern, and the view of the pyramids was just so stunning. Highly recommend to anyone looking to wake up to the best view of the pyramids and make connections with some of the best people in Egypt! Everyone was extremely helpful and shoutout to Mohamed who gave us great recommendations and made our experience an 11/10.",0.5435,Positive
1292713202731607754,,"A wonderful place to stay!  The description and photos are accurate.  You'll never get tired of looking at the pyramids!  The staff is amazing -- super helpful, kind, and accommodating.  They served the most delicious Egyptian style breakfast.  Eating meals on the rooftop with the breeze and a view of the pyramids was so enjoyable.  Definitely recommend staying here!",0.44333333333333336,Positive
1492832915624769683,,"Ahmed was an amazing host. We arrived late but they stayed up to meet us at check in. He made sure we enjoyed Cairo to the fullest by booking us with an amazing tour guide and here name Laila. We booked everything with Ahmed from airport transportation to the tours. The accommodation is as described, amazing views of the pyramid and was well maintained. Whenever you’re in Cairo, check Ahmed’s place and activities.",0.4166666666666667,Positive
1492832915624769683,,The apartment was clean with tasteful decoration with a lift and easy access. local shops next to the apartment make it easy to get what you need. Egypt is noisy everywhere so don't expect total quiet but we all slept very well the entire time and Ahmed is very responsive for advice and support. There's a wonderful bakery next door so you can pop down for fresh breakfast foods.,0.1984126984126984,Positive
1492832915624769683,,"We had an amazing time! Everything was as described, the views of the pyramids were very good, clean apartment and Ahmed was very responsive and gave us all the help we needed. I recommend to everyone!",0.5691666666666667,Positive
1492832915624769683,,"Ahmed was the best. He helped us with everything. He answered even in bad hours. Great experience. He figured out how to give us cash while we had a problem with our cards. He booked for us Alexandria, Fayoum, ATVs in Giza, Camel ride. BOOK HIM without second thought. We will remember our trip forever",0.275,Positive
1492832915624769683,,"The view was unmatched. Place was clean and the host was lovely and responsive. The street it’s on is very noisy but I think it would have been noisy anywhere in that area, definitely worth investing in ear plugs for that amazing view. Would stay here again.",0.39333333333333337,Positive
1492832915624769683,,"The view is even better than the photos! Stayed here for 2 nights for the pyramids views and I never got tired of it. The host is very friendly and helpful. Would totally recommend this property for the pyramids views.The only drawback will be the incessant traffic noise, which I learned later that it is unavoidable all over Cairo (the traffic noise in another Airbnb I stayed is slightly less but still annoying). So bring ear plugs for sleeping and you will be fine.",0.01805555555555556,Neutral
1492832915624769683,,"Very friendly host. They went above and beyond to fit my needs. The room was beautiful and clean. Such a nice stay and the neighborhood is convenient. I like that they have a good washer machine and a line to dry clothes. I stayed here twice. I canceled a different reservation to continue my stay here. Besides the traffic noise, all was well. Traffic noise is mostly all over Egypt so just bring good earplugs for sleeping. I would stay here again",0.37812500000000004,Positive
1492832915624769683,,I highly recommend. Very clean and comfortable. Such a peaceful beautiful experience. The family made me feel at home and they were very welcoming and hospitable . The energy of the room was peaceful and they went above and beyond to meet my needs. I recommend sleeping with earplugs anywhere in Giza or Cairo so you can sleep without the street noise. I slept well because I came prepared.,0.28740740740740744,Positive
1492832915624769683,,"The location of this apartment is amazing for a view of the Pyramids, which is exactly what I wanted. I did have an issue finding the entry of the building when I first arrived as the address didn't have a number listed nor did the google maps pin, but the hosts are very responsive and came to get me right after I arrived. Also of note by the entry of the apartment is an amazing bread shop!",0.3892857142857143,Positive
1492832915624769683,,"I had a great experience staying at this apartment! Everything was clean, comfortable, and exactly as described. The location was perfect close to everything yet quiet and relaxing. The host was very kind, responsive, and made sure we had everything we needed. It truly felt like a home away from home. I would definitely stay here again and highly recommend it to anyone visiting the area!",0.4496666666666667,Positive
1492832915624769683,,"Ahmed was very responsive and helpful. The views from the apartment are stunning. The apartment was clean and exactly like on the pictures. Ahmed helped us find a guide and a driver to visit the pyramids and other sites. Special thanks to our guide Nour and our driver Fawzy who have been extremely professional and courteous. Highly recommend a tour with them. Nour was very knowledgeable. Ahmed also has very good recommendations to restaurants and terraces with views on the pyramids, including his own terrace Isis Gate Rooftop. Highly recommend a stay at Ahmed’s apartment and grabbing a bite while watching the illuminated pyramids in the evening from his terrace.",0.3199149659863946,Positive
1492832915624769683,,"Beautiful apartment with absolutely unbeatable views of the pyramids. The host was incredibly friendly, responsive, and genuinely helpful throughout our stay. I’d trust him to arrange a great driver or anything else you might need, super reliable and easy to work with. Highly recommend.",0.44395833333333334,Positive
1492832915624769683,,Ahmed was an outstanding host. The view was absolutely stunning and made our stay truly unforgettable. Communication was effortless and extremely helpful—he went above and beyond to ensure we were comfortable. We booked this place specifically to visit the pyramids and to experience local life.,0.29642857142857143,Positive
1492832915624769683,,"The room, bathroom, and kitchen are all clean and well-organized. Just like the picture. It's good to use because it has a good washer. The furniture is also in good condition, so it's very good to use. It was nice to see the pyramid from the balcony. It's really beautiful at any time you look at it. There's a lot of traffic noise at night, but most places in downtown Cairo hear noise, so it's not a problem here. It can be inconvenient because there's only one large bathroom. But it's okay because the price of the accommodation is great. And I arrived in Cairo late and kindly helped me check-in even late. Thank you. If I visit Cairo again, I'm willing to use it again!",0.38549719887955186,Positive
1492832915624769683,,Host was excellent and attentive- accomodation was a bit outdated and access with front stairs a bit difficult but host helped to the max so grateful- pyramid view from living room made up for it!,0.09374999999999994,Neutral
1492832915624769683,,Incredible stay. Hosts and co-hosts are very communicative. The place and view is unreal. The value for a place like this is amazing. You have a bakery next door and a shop to get essentials on the other side. Very convenient. This is area is very authentic and safe. Locals are kind and polite.,0.3916666666666667,Positive
1492832915624769683,,"What a gem! We were 5 friends staying here for the Pyramids half marathon.The view is breathtaking! Many friends warned be to be careful in egypt, often the pictures are not real but you can trust this one! And Ahmed and his team did everything for us to be comfortable. We were missing towels but they were willing to bring it late a night. Anything you'll need, Ahmed will make it happen.There is a market down the street and one of the best falafel sandwiches i've ever had. for only 10cents!!I highly recommend staying here if you will be doing the pyramids.",0.17405982905982909,Positive
1492832915624769683,,"Everything was perfect. Smooth check-in, incredible view. Ahmed was very helpful and the service is outstanding. I will try to get back one more time, thank you very much",0.47,Positive
1492832915624769683,,"Nice big apartment. It was clean and as described in the description. Host was available for the check-in, really helpful, he has helped us ordering in food as well. Would love to stay there again. Only thing that was out of perspective was the view of the pyramids, it was smog in Cairo and pyramids were vaguely visible from balcony. Clearly this is nothing to do with the accommodation. Pyramids are a short drive away. Would happily stay in the accommodation again and would recommend this place.",0.22424242424242424,Positive
1492832915624769683,,The apartment is great and the hosts are excellent. The hosts were very helpful and arranged the tourist activities that we wanted to do. Highly recommend this property for your stay.,0.54,Positive
1492832915624769683,,Amazing and big apartment with a view. Ahmed was super helpful with the checkin/ -out and everything else if we had a question.,0.3111111111111111,Positive
1492832915624769683,,"We had an absolutely amazing stay at Ahmed’s place. Everything was perfect and exactly as described. The apartment was clean, comfortable, well-equipped and in a fantastic location. We felt completely at home from the first moment.What really made our stay exceptional was Ahmed himself. He is truly the best host in Giza. We messaged him at 2 AM because our toilet needed a quick repair, and he arrived in less than five minutes to fix everything immediately. His kindness, reliability and incredible responsiveness are unmatched.Perfect 24/7 service!Thank you, Ahmed, for making our stay so smooth and memorable. We highly recommend this place to anyone visiting Giza. We would definitely come back!",0.36633333333333334,Positive
1492832915624769683,,"Wonderful apartment, really cozy , with nice decoration, spotlessly clean and with a great view to Pyramids. Waking to pyramids it was really a great experience. Ahmed and his associates were responding in a few minutes to all of my requests for info. Very flexible in check in (Ahmed was there even after 9PM to show us around) and for a late checkout of half an hour. Definitely recommended if you're not  interested in being ""downtown"" (for which you may need quite some time due to the unpredicted traffic of Cairo which can really get very  heavy sometimes)  and you just wanna stare at one of our world's miracles.",0.17266666666666666,Positive
1492832915624769683,,"I had a wonderful stay The host ahmed was very friendly, the house was extremely clean, and everything inside felt brand new. The view was absolutely perfect and even more beautiful than the pictures truly unforgettable. The location is also close to the pyramids, which made the experience even better. Ahmed provided excellent service, everything was easy and smooth, and I really appreciated his kindness. I highly recommend this place",0.5595616883116884,Positive
1580349144943685719,,"WOW!! Where do I start from the moment I booked the Airbnb communication with Ahmed has been fantastic. Very helpful and friendly. The checkin process was amazing. We landed at 1am and still he had his staff waiting for us to let us in and get settled. The room it self is better then the photos Very clean, AMAZING views and excellent location. I will HIGHLY HIGHLY recommended Ahmed and will 1000% use him again.  Thankyou habibi",0.44679166666666675,Positive
1580349144943685719,,"We had such an amazing stay here! The place was exactly as described, very clean, comfortable, and well taken care of. The location was great and made it easy to get around and explore the area.Overall it was a wonderful experience and I would absolutely stay here again. Highly recommend to anyone visiting!",0.45100000000000007,Positive
1580349144943685719,,"He was an amazing host, they treat you really nice, the location and view are just amazing!! You wont get better views from another airbnb its just a great option and I would choose them again!",0.7275,Positive
1580349144943685719,,"KateKyiv, UkraineRating, 5 stars,  · February 2026,  · Stayed one nightStunning view of the pyramids.Close to the main entrance to the Pyramids complex. Maybe 7 -10 min walk . Very helpful host and co host. Apartment was clean. The view and emotions are just unforgettable. Thank you!",0.2866666666666667,Positive
1580349144943685719,,"Stunning view of the pyramids in a safe and vital area, the host is responsive and welcoming and the room is clean and relaxing, totally worth it.",0.3533333333333334,Positive
1580349144943685719,,"Ahmed was an incredible and accommodating host. From the time I landed he was available via chat. I was exhausted after an overnight journey and they got the room clean 1hr early which was so appreciated. The staff were all so kind - they helped me carry my bags coming and when I left. The apartment itself is really cute, as described and with an amazing view of the pyramids. It was so special to wake up to that every morning. The only thing is it’s a very noisy area with beeping all day and all night so if you’re a light sleeper or you work remotely like me, be aware of that! Ahmed kindly provided earplugs as I struggled to sleep.The area is very local, not touristy. The people are friendly and kind. I walked around during the day by myself and was completely safe. All in all, I can see why Ahmed has such great reviews. He’s a kind, thoughtful host.",0.33245238095238094,Positive
1580349144943685719,,Didnt get to stay at his place but his communication was very nice and always asking if i needed anything. Will stay in the future,0.39,Positive
1580349144943685719,,Genuinely a welcoming environment and is the ultimate must for every tourist.,0.2,Positive
1580349144943685719,,"If I went back to Giza, I would definitely stay with Ahmed again. The view is amazing and I always received very good tips and attention. Ahmed was attentive at all times and even offered to help me when some taxis and Ubers wanted to take advantage. Egypt and Ahmed are a great option for your trip. 🇲🇽🇪🇬",0.45166666666666666,Positive
1580349144943685719,,"Teng Kang3 years on AirbnbRating, 5 stars,  · 1 week ago,  · Stayed one nightgood",0.0,Neutral
1580349144943685719,,"Kate6 years on AirbnbRating, 5 stars,  · 2 weeks agoAmazing view of the pyramids",0.0,Neutral
1580349144943685719,,"Andreia3 years on AirbnbRating, 5 stars,  · March 2026,  · Stayed a few nightsPerfect location.",-0.2,Negative
1580349144943685719,,"The place is very clean and beautiful, just as it is in the photos. The guys at the front desk are very friendly. I highly recommend it.",0.49354166666666666,Positive
1580349144943685719,,"The room is super modern and clean! I highly recommend it, the view is sublime, and the service is really great, available 24 hours a day! We were very well received!",0.38595238095238094,Positive
1580349144943685719,,Ahmed is very communicative and friendly. She hosted us very well and helped us with flexible check-in.🙏🏻,0.2583333333333333,Positive
1580349144943685719,,"Ahmed was a great host and delivers on his promises. Because of people like him, it's worth coming to Cairo and seeing the city. 10/10",0.55,Positive
1580349144943685719,,"A magnificent view of one of the wonders of the world 🫶🏼 The property is exceptional, and the service is top-notch 🌹 Thanks, Ahmed. I'll get back to you very soon. 😊",0.5111111111111112,Positive
1580349144943685719,,A place you can safely choose in Egypt with its interests and kind behavior. They hosted us in the best way. Thank you.,0.7000000000000001,Positive
1580349144943685719,,"Excellent. Mr. Ahmed was very helpful and courteous, and the accommodation was lovely. 👍",0.575,Positive
1580349144943685719,,The host is very polite and respectful. I recommend dealing with him🌹,0.35,Positive
1258668362052840121,,"We had a wonderful stay at Sam and his wife's place. The place is clean, tidy with good vibe, variety shops around the apartment as well. A local Cairo experience! We could not thank enough to Sam and his wife for all their support and kindness 😊",0.4444444444444445,Positive
1258668362052840121,,"Sam is a kind and responsive host. He provided clear directions for getting to the apartment from the airport by Uber and warmly greeted us at check-in. We stayed for two nights, and the apartment was cute and cozy. Just a note: the water takes a little time to pump up and get warm. Easy to book an Uber to reach nearby attractions, and this’s a spot for anyone wanting to experience the local vibe.",0.2717592592592592,Positive
1258668362052840121,,"Definitely recommend! Sam was very responsive and sent details and pictures from the street view so we knew where to find the front door. We didnt arrive until midnight, yet he stayed awake to personally invite us into the home and give us keys. The apt was clean and very spacious, he had fresh fruit in the kitchen for us to eat. Only downside is its very noisy in town at night and the water pressure is spotty (runs for a minute, turns off for a min, runs for another min, etc) so awkward standing in the shower waiting between water spurts, but there were ear plugs provided and the water was at least warm, so if you're willing to deal with that then this place is definitely worth staying at.",0.15119047619047615,Positive
1258668362052840121,,Sam and his family were very helpful. Communication was clear. The Airbnb is comfortable for 6 people. It was clean. The Airbnb is conveniently located in a busy neighbourhood (plenty of shops and restaurants). The drawback is the noise from the bustling city but host provided ear plugs to all guests. We enjoyed our stay and recommend it.,0.2777777777777778,Positive
1258668362052840121,,Excellent host!! Sam helped us from the very beginning and answered all our questions kindly. The apartment is stunning and it has an incredible view of the night life of Cairo. The area is very safe and there are tons of little markets and shops as well. People are also very kind. It was such an amazing end to our trip in Egypt. I so recommend Sam and his apartment.,0.5042500000000001,Positive
1258668362052840121,,"Sam’s place was very beautiful and homely. It matched the pictures and description exactly. Sam was a responsive, helpful and friendly host. He allowed us to store our bags prior to our check in, provided local recommendations, brought us anything we needed and was very responsive when we needed something. Sams place was in a central location however was very busy streets. Definitely recommend Sam’s place for your visit to Cairo. Thanks Sam 😊",0.21550000000000002,Positive
1258668362052840121,,Sam's place is great for anyone looking for a reasonable accomdation in the heart of Cairo. He will assist you with anything you need and is very accommodating,0.39999999999999997,Positive
1258668362052840121,,"sam is very responsive and helpful.he gave me help and answer to me very quick.we really love the house. clean, comfy, look exactly as the picture.very recommended.thank you sam!",0.3158333333333333,Positive
1258668362052840121,,"The hosts are very helpful, friendly and nice. They are always willing to provide us with help even we didn’t ask for that. And I really like the inside of the house very clean, warm and beautiful. If I had chance, will definitely choose to stay here next time.",0.3551666666666667,Positive
1258668362052840121,,"I had a fantastic stay at this Airbnb in Cairo! The space was clean, comfortable, and exactly as described. The host was welcoming, responsive, and made check-in super easy. The location was great—close to local shops, restaurants, and key attractions, making it convenient to get around the city.One of the highlights was the excellent value for money—the price was very reasonable for the quality of the accommodation. I felt completely safe and at home throughout my stay. Highly recommend this place to anyone visiting Cairo, and I’d definitely stay here again!",0.3233333333333333,Positive
1258668362052840121,,"The apartment is located in the center of downtown Cairo, easy access to all tourist spots. Lili and Sam were waiting for us when we finally arrived, and they always gave quick response to everything we asked. The rooms are exactly the same as the pictures on Airbnb, nice, tidy and cozy.Streets in old downtown is a mess and noisy until midnight, not friendly to sound sensitive people, but this wasn’t a problem for us. Also Lili kindly provided the earplugs which was really a plus point.We recommend you to have a stay at Lili and Sam’s apartment.",0.2102777777777778,Positive
1258668362052840121,,"If I could give Sam ten stars, I absolutely would! Airbnb was beautiful and the decor was incredible. Sam was very nice and more than happy to help in any way he can. I wish we were able to stay longer than we did but will definitely be returning in the near future. Shokran Sam!!",0.4254545454545454,Positive
1258668362052840121,,Very nice apartment with cool balcony view. Very cosy inside. Good value for money!,0.55125,Positive
1258668362052840121,,"Looks exactly like the pictures-fantastic interior designing, very aesthetic. You will feel like literally stepping into an oasis from the dusty chaotic streets of Cairo! Very responsive host- helped us despite odd check in hours, we struggled with opening the apartment gate and had to ask their assistance many times, helped with shampoo refill etc. Although we liked staying in a local neighborhood (within city center) with many local eateries and atmosphere, please look at its pictures and adjust your expectations about how it might look like. Unfortunately, we had to cancel a separate booking for a night last minute and we are extremely apologetic about the inconvenience.",0.061309523809523814,Neutral
1258668362052840121,,"The surroundings are nice and clean, and the homestay is located in the old town, so staying here is extremely local.We happened to be there during Ramadan, and the area was especially lively in the evenings.It's easy to get around, whether by taxi or on foot.The host, Lili, is friendly and responds to questions quickly.The recommended restaurant was delicious and great value for money. Thank you, Lili, for the recommendation.",0.4247474747474747,Positive
1258668362052840121,,"The host himself was great, when I needed to replenish water and toilet paper, I told the host, and he solved the problem quickly ~But when the receptionist took us in, the explanation was rather sketchy, only telling us to remember to turn off the water switch. When we asked what food was sold nearby, he told us to look at Xiaohongshu ourselves (but we Taiwanese can't use Xiaohongshu) ~   The room is great overall, the sheets are clean, there is only one bathroom, but it is clean ~The carpet in the room may need to be cleaned, otherwise no one would dare to sit on it ~ Overall, the stay was good. By the way, one of the rooms is not suitable for light sleepers because the Egyptians downstairs are very noisy, but the other two rooms are pretty soundproof ~",0.23645833333333333,Positive
1258668362052840121,,"We had a pleasant stay in this very nice apartment, tastefully decorated and very comfortable. Sam let us drop our bags off before check-in time which is very nice. There is everything you need in the apartment and somewhere to shop on the street. About 15 minutes from the city's sightseeing points by taxi. Great. Thanks again for your attention. By far the best Airbnb of our stay 😍",0.6141666666666667,Positive
1258668362052840121,,"Definitely a 10/10 for Lily & Sam! Thank you for always being responsive, helpful, patient, and extremely kind. They are always there to help even when we left Cairo - we did encounter some transportation emergencies during our time in Luxor and Soma Bay, but they magically managed to settle down a car for us when I sorted to their assistance. Very easy communications with Lily and Sam for Mandarin-speaking tourists as they are a trilingual couple and able to deliver messages to Egyptian stakeholders (e.g., drivers or other service providers) in the most effective way. It’s also very reassuring to have them to help with fact check or local recommendations. Regarding the house, it’s a clean, stylish place showing the owner’s dedication to the Cairo town. Btw their tips are super useful! We appreciate that the house is our first stop in Egypt. Will definitely come back again when we visit Cairo next time!",0.2503888888888889,Positive
1258668362052840121,,"perfect place to stay, the apparent is very clean and modern! sam is very responsive and welcoming !",0.4053333333333334,Positive
1258668362052840121,,"The Host is a Chinese wife and Egyptian husband, very easy to communicate with. As a Chinese tourist, when I first arrived in Cairo, having a Chinese Host to communicate with smoothly made me feel safe.The B&B is on a relatively local street, two or three kilometers from Liberation Square, the surrounding residents are all very local and very welcoming.Old town, more suitable for tourists interested in local life.What I value most is the ease of communication.",0.22952380952380952,Positive
1258668362052840121,,"The description of the accommodation was the same as the photos,The host was waiting for us when we arrived.The surroundings are inevitably dizzy, but the accommodation is really lovely and everything is clean and stable, so I felt comfortable in the house throughout my stay. The room itself was cozy, spacious, and pleasant.They also left oranges and other fruits in the kitchen for us to eat, and they handled both the early check-in and quick check-out comfortably, so it was really nice during our stay.In addition, he told me to contact him whenever I needed anything, and thanks to him, I was able to get advice on the SIM card issue that happened to my party.If you're staying in Cairo, please visit!",0.2285714285714286,Positive
1258668362052840121,,"Lili's home is on the 8th floor with three bedrooms and one living room. The room is very large, beautifully decorated, and fully furnished.Cheap and comfortable, highly recommended!Lili also made a big bowl of chicken soup for us to drink, delicious, thank you very much!Lili's husband took us to the airport at 5am, reasonable price!Recommended, recommended, recommended for everyone to stay at Lili's home and book Lili's handsome husband to pick you up from the airport.",0.2988571428571429,Positive
1258668362052840121,,"The best house I've ever lived in in Egypt, very convenient transportation in the city, there is a balcony where you can see the Saladin Castle in the distance, the sunset is beautiful.The Chinese people who come here are really touched, as comfortable as going home, most of the hotels in Egypt are quite bad, the beds are not clean, the bedding is not comfortable, the bathroom is not clean, but here, there are no such troubles at all, the host Lili will provide a lot of surrounding travel guides, the vendors downstairs are also very friendly, the price is very cheap, there are no liars or children asking for money, the atmosphere is lively",0.15551406926406927,Positive
1258668362052840121,,"The place was pretty much like the description. Unfortunately, there were no towels in the kitchen and the noise was really indescribable. Without earplugs, which thankfully were available, you could hardly stand it. Otherwise, Sam was a very attentive host who was very helpful with everything. The food recommendations were all very good. Overall, a place to stay that can be recommended",0.18883333333333333,Positive
1531810922875264909,,"amazing host, even tho i was a little confused when i arrived, they helped me settle in quite fast and proactive, communication was always fast and reliable, the location is a little bit crowded and noisy, but its well connected and taxi isn’t that expensive, highly recommend, super clean and looks just like the pictures, i had a great stay, shukran!!",0.14409090909090908,Positive
1531810922875264909,,"Very nice place if you want to stay in the center. Whole floor was renovated, spacious building and rooms, all amenities needed are available and the space feels nice and clean. Has a big smart tv, kettle for tea, air dryer, towels, shampoo, etcOnly thing is the noise, has a big window to the Main Street and in Egypt cars don’t seem to ride if they don’t honk all the time 😂 but not their fault and part of being in the center",0.2297835497835498,Positive
1531810922875264909,,"A cute and cozy little apron right in the middle of the city. You have everything you need in walking distance. The interior of the place is very well designed. Adding to it the large door and high roofs, makes it feel premium. The host was also responsive with clearing doubts and helping with check-in. Would definitely recommend.",0.10805555555555557,Positive
1531810922875264909,,"Such a peaceful place to stay. The guest house is clean, cozy, and perfectly located. The host is very welcoming and helpful. I really enjoyed my time here and would definitely come back.",0.2351851851851852,Positive
1531810922875264909,,We had an amazing stay. The place was very clean and spacious. We loved the aesthetic. Location was really good. The host was very responsive and helpful. Would highly recommend.,0.4727777777777778,Positive
1531810922875264909,,"I had a wonderful stay at this hotel. The place was very nice and exceptionally clean, which made the stay very comfortable. The location is perfect—right in downtown—so it was easy to reach many attractions, restaurants, and shops nearby. The staff were extremely friendly and helpful throughout my stay. They were always available to assist and made sure everything was smooth and pleasant. Overall, it was a great experience, and I would definitely recommend this hotel to anyone looking for a comfortable stay in a convenient location.Definitely I will be staying in this hotel again.",0.48055555555555557,Positive
1531810922875264909,,"Had a great stay at the Airbnb, it was modern and stylish and in a very walkable location, just near the square. Easy to get to pyramids and museum. Staff was super helpful and responsive, definitely would stay again!",0.32083333333333336,Positive
1531810922875264909,,"Actually we had a little bit of issue that the sink was leaking during our stay. But the host responded fast and changed our room immediately. We can’t avoid problems, but the host was trying to solve  and treated us nicely. Also very central location! Highly recommended🥰 Nice experience!",0.2175,Positive
1531810922875264909,,"Everything was great. Right in the very center of Downtown. A bit noisy, but that’s typical of any hotel in Downtown, so I knew what to expect when I booked. The accommodation was safe and exactly as described. The host responded promptly. Thank you.",0.2565079365079365,Positive
1531810922875264909,,"Great value for money for the facilities offered. Very nice room design and functional, exactly as the photos on the listing. Shampoo, conditioner and shower gel were provided, as well as hair dryer and iron. The bed was super comfortable, one of the best we have slept in. The host is very quickly responsive, through the Airbnb chat or on Whats App.The location can be a downside to some people, because it is very busy and noisy. You can hear beeping and traffic late after midnight which can be sleep disturbing. The area is very busy full of shops and it is waking distance to Tahrir square and other places.",0.2832051282051282,Positive
1531810922875264909,,Good stay friendly people fast responding for air conditioning fixing small room with no parking space,0.25625,Positive
1531810922875264909,,Great room and location. Everything was very clean and comfortable. 24 hour check in was very helpful.,0.4691666666666667,Positive
1531810922875264909,,"A perfect stay in the heart of Cairo, with restaurants, shopping, transport, the Pyramids, and museums all just moments away.",1.0,Positive
1531810922875264909,,"Nice appartement, clean, large and looks like the photo. However, it’s at busy street so you will definitely need some airplugs",0.2561904761904762,Positive
1531810922875264909,,Very unique and it’s very clean and value for the price.Thanks for Abdelrahman and zeiad they helped me with clear checkin and check out.,0.3547222222222223,Positive
1531810922875264909,,The room is very nice and clean! Has everything you need. The location is an added bonus!,0.6764583333333334,Positive
1531810922875264909,,If i wasn’t careful of my safety and belongs then Brassbell is; they are amazing host caring staff and lovely accommodations.,0.3333333333333333,Positive
1531810922875264909,,"Hadeer8 months on AirbnbRating, 5 stars,  · March 2026,  · Stayed a few nightsI love this place so much  My accommodation every trip in it  Thank you",0.16666666666666666,Positive
1531810922875264909,,"Extremely clean, beautiful apartment in an organized building. Thanks for everything!",0.48888888888888893,Positive
1531810922875264909,,"Great place to stay. You are close to all the action, yet can hear the echoes of the history of Old Cairo.From the room's window, you can see the bustling crowds and traffic, making it suitable for solo travelers.There are ice cream shops, barbecue restaurants, and highly rated Chinese restaurants nearby.Very close to the Egyptian Museum. It's also relatively close to the Nile Night Cruise if you take a taxi.",0.24428571428571427,Positive
1531810922875264909,,"A truly lovely Airbnb with plenty of old-school charm and great furnishings! We really enjoyed our time in the area and can only recommend it as the best area in Old Cairo for us. A very lively shopping street, lovely restaurants and cafes close by, and everything else is easily accessible via Uber.",0.46136363636363636,Positive
1531810922875264909,,Good place to stay and explore Cairo,0.7,Positive
1531810922875264909,,"Thank you for hosting us! The place was exactly what we were looking for: in the center of Cairo. It’s very lively, and you shouldn’t be sensitive to noise, but that’s typical of the city :)The accommodation is nice, with a good ceiling height. The service is amazing too!! Very attentive and very available staff. We are delighted with our stay and recommend the accommodation.",0.39484217171717173,Positive
1531810922875264909,,"Hailey10 years on AirbnbRating, 5 stars,  · February 2026ProsIt's the same as the photos. It's a great place to stay for the price. It's modernly decorated and tidy. I felt like it was professionally run. The staff are also friendly.It's hard to find the entrance at first, but when you arrive, call and the staff will come pick you up.There are many delicious restaurants and shops nearby. It's on a busy street, so it feels less dangerous.ConsIt's very noisy outside, so it's good to prepare earplugs. In the room I was in, it was difficult to open the window because of the outside view and noise, but I think the conditions will be different in each room.Translated  Show original",0.20350877192982458,Positive
1385088880964921541,,"Next to Sadat metro station, Museum and downtown. Fabulous location. Sam also suggested some amazing eateries and souvenir place. I highly recommended and i am coming back for sure.",0.27666666666666667,Positive
1385088880964921541,,"Really great host, would recommend to anyone. We had troubles with the trash at checkout and Sam handled it perfectly. Thank you.",0.9,Positive
1385088880964921541,,"The room was very easy to find, and there was an elevator.The Host recommended a lot of good restaurants.Very close to good restaurants. The Old Museum is within walking distance.Convenient transportation, great locationHygienic, clean, and tidy. The room can accommodate a 28-inch suitcase. It's very spacious. I'm extremely satisfied.",0.5033333333333334,Positive
1385088880964921541,,"Excellent exprience! Sam and Lili‘s house is very nice and comfortable. And they’re super hospitable hosts, willing to offer any help at any time. Sam came at midnight to help fix the water heater problem.The place was spotless and well-organized, which made me feel right at home. The location was perfect, just near some of Cairo‘s best attractions and a short walk to a variety of restaurants and cafes. The neighborhood felt safe and vibrant. The apartment itself was spacious and beautifully decorated, with a cozy living area and a well-equipped kitchen.Overall, I highly recommend this place to anyone looking for a comfortable, stylish, and convenient place to stay in Cairo.Plus, thanks, Sam and Lili. We’re looking forward to come back to Cairo!",0.4066165413533835,Positive
1385088880964921541,,"Chinese people don't lie to Chinese people, Lili's homestay is really a good experience.If you want to experience the humanistic atmosphere of Cairo, it's great to stay here.You can see the thoughtfulness and sincerity of the host in every corner of the room. Chinese people feel like they are back home!!!Lili is also a very sincere friend.Who knows! Just skip the cumbersome communication.And the bed is very soft. We arrived at night and left very early the next day, so we all had a very good sleep.The location is also very easy to find, and the surroundings are very convenient.Highly recommended.",0.30327380952380956,Positive
1385088880964921541,,"The host was extremely friendly with us, very flexible with the check-in time since our arrival was early, the place is extremely clean and has a very nice view.It is very close to the metro and the departure station of the busiest tourist tram, you can easily walk to all places.",0.3507142857142857,Positive
1385088880964921541,,"The location is very good, Lili and Sam are very hospitable and helpful, thank you very much Sam for waiting at the airport to pick us up in advance, and let us drop off our luggage before or after check-out.Lili's check-in guide is very detailed and practical",0.4725,Positive
1385088880964921541,,"Sam is so helpful. And the room is great. If I will back to Cairo someday, I will definitely come back again.",0.2,Positive
1385088880964921541,,"Nice place to stay, good location, excellent host. Highly recommend!",0.625,Positive
1385088880964921541,,"Although I did not notice that the bathroom and kitchen are shared until after booking and this is of course a mistake on my part, but I felt like I was at home, quiet, clean, comfortable and a safe area and thanks to the host for his quick response as well",0.3,Positive
1385088880964921541,,"Ahmed4 months on AirbnbRating, 5 stars,  · November 2025,  · Stayed one nightI recommend this place",0.0,Neutral
1385088880964921541,,"Songqiao9 years on AirbnbRating, 5 stars,  · November 2025,  · Stayed a few nightsVery good!",0.3375,Positive
1385088880964921541,,"Mohamed5 months on AirbnbRating, 5 stars,  · October 2025,  · Stayed a few nightssatisfying experience",-0.2,Negative
1385088880964921541,,"Recommended accommodation for those who have to stay just a few nights and do not have too many demands, the accommodation is located in a very old condominium but the area is quiet and close to Piazza Tharir",0.1075,Positive
1385088880964921541,,"The bed is a hard bed, which is especially good for me who has a backache after sitting in a minibus all day.👍.Lili is also very friendly and accommodating.The accommodation is particularly beautiful, quiet and clean.I had a good rest!",0.48680555555555555,Positive
1385088880964921541,,"I stayed on the first day of my trip to Cairo. I think the location is very good. There is a small supermarket downstairs, many shops and places to eat. It is very suitable for walking around to see the local environment. The room looks bigger than the photos posted online. It is very clean, beautifully arranged, and comfortable to sleep in. The cleaning lady is also very nice. I recommend staying here!!Nearby attractions are not far away, it is very convenient to take a taxi!!The boss is very nice!!",0.4129761904761905,Positive
1385088880964921541,,"Right near Liberation Square, in the heart of the old town.And the host will give you a very detailed check-in guide, including supermarkets around the address, recommended restaurants, and even teach you how to order takeaway, you can get by just with this citywalk.The room is very clean, and I felt like I was back home when I slept on the bed.Some room types may have a shared bathroom, so please confirm with the Host if you mind.",0.2470634920634921,Positive
1385088880964921541,,"The accommodation is very close to Lao Ai Bo, the room is very nice, the double room has a balcony, it is very convenient to dry and wash.Lili is super nice, recommended a lot of food, tasted her❤️ cold noodles, very attentive to the operation of the homestay, everyone should support her.",0.21851851851851847,Positive
1385088880964921541,,"Really very good homestay, the 6th and 8th floors are in the older residential area, the outside will be a little messy, but the inside of the room is very clean and tidy, the conditions are very good ~ kitchen, refrigerator, washing machine are all available ~The 5th floor is close to Liberation Square, it seems to be close to the government office building, there are security guards at the intersection, there are fewer people, it is quieter, you can walk to the museum, you can also walk to the Nile River, and take a taxi to Zamalek Island for 70-90 Egyptian pounds.The interior is not as big as the 8th floor, but it is still very clean and tidy, the kitchen is fully equipped with a refrigerator and washing machine ~I was lucky enough to stay on both sides, my own real experience ~The various restaurants recommended by Lili are great, and I didn't step into any pits. The only day I chose a restaurant by the Nile River, I stepped into a pit ~",0.3203070175438596,Positive
1385088880964921541,,"Lili and Sam are super nice.The house is near the museum, surrounded by offices, and there are police guarding several exits. It is very safe. They greet us every morning when we go out. There are many police dogs. When they see us, they are scared and help to stand aside, but later we found that the dogs are also very well-behaved.Living nearby is also convenient, there are many shops and restaurants, Lili will also help to recommend.The bedding is also fragrant, and the decoration is simple and beautiful.We encountered some problems during our stay, and Lili and Sam's friends were in the next room to help us solve them in time.It's a really good choice for Chinese tourists.",0.24861111111111112,Positive
1385088880964921541,,"1 min walk from the B&B to a 4.6 rated breakfast, 9 min walk to a 4.7 rated restaurant, traditional Egyptian food, all delicious.The bedding is very comfortable, the door of the room is an old-fashioned door so it is a bit difficult, but when we checked in, we were all fellow countrymen and were quite reassured, and we communicated a lot",0.006666666666666672,Neutral
1385088880964921541,,"It is a homestay that will be recommended on the little red book, and I will definitely choose to come back to Cairo next time.This time I'm staying at this store near the government, it looks safe and guarded all the time.Also very friendly for people who come to Egypt for the first time, the host can help a lot, really is anything unclear to ask, which is too important for the first time, especially when there is no language, when you are not familiar with the local situation.And Barle was really delicious and I never found where the hostess bought it.",0.1889705882352941,Positive
1385088880964921541,,"Stayed for three consecutive days. The room was tidy and clean. Very good, recommended.",0.6255555555555555,Positive
1385088880964921541,,"Apartment in a perfect location, convenient for the subway; Sam is always available and kind.",0.6666666666666666,Positive
1618228513877168542,,"Omar is a very nice person and at all times he was attentive to our requests.I even helped us with things unrelated to the accommodation.The accommodation is super clean and as in the photos, I recommend it is wonderful to be able to wake up with those views.Thank you very much to Omar, I hope to return to Egypt one day.",0.5199999999999999,Positive
1618228513877168542,,"Had an amazing stay! The view from the property was absolutely breathtaking—perfect for relaxing mornings and sunset evenings. The host was incredibly helpful, going out of his way to ensure we had everything we needed. The place was comfortable and exactly as described. Overall, a fantastic experience! Highly recommend!",0.4,Positive
1618228513877168542,,Omar was very responsive and a great host. He even met with us at 3 am when we had to catch a flight. The rental looked like the pictures. The big selling point is the balcony overlooks the pyramids so you wake up to them. I really enjoyed looking at them at night lit up.,0.375,Positive
1618228513877168542,,"Our stay was absolutely wonderful. Omar  was incredibly kind, responsive, and well-organized, making sure we had everything we needed from start to finish. Check-in was smooth and hassle-free, which we really appreciated. The apartment itself was clean and very well-maintained, with everything thoughtfully arranged. The highlights was definitely the view from the balcony and the rooftop terrasse. I’m going to miss it!Overall, we had a fantastic stay and would highly recommend this place to anyone looking for a comfortable and seamless experience.",0.36358974358974366,Positive
1618228513877168542,,"Very nice hotel and host, best view! Omar waited us until midnight, and helped us a lot with everything, definitely recommend, and definitely will come back again.",0.356,Positive
1618228513877168542,,Great place! The owner was incredibly supportive. He above and beyond hosting us at his Airbnb.,0.5,Positive
1618228513877168542,,clean beautiful private and peaceful. we loved our stay,0.4333333333333334,Positive
1618228513877168542,,"Great views. An authentic Qingshan Mountain view house!You can see the 7 pyramids!The host is very nice. He waited for us downstairs well in advance. We were quite embarrassed because we were delayed for a long time on the road due to a dust storm.It's very convenient to get to the Grand Egyptian Museum and the pyramids, and it's still good value for money!",0.43500000000000005,Positive
1618228513877168542,,It was great in terms of location and view; it was right across from the pyramids. Omar was friendly and took care of us. You should definitely choose this place for a trip to the Giza area and Saqqara.,0.36517857142857146,Positive
1618228513877168542,,"Breathtaking views and a very neat place, plus a helpful host",0.6,Positive
1328248354526585309,,"We had a fantastic stay at this flat. The view of the Pyramids is absolutely incredible and the apartment matches the photos perfectly. Everything was clean, comfortable, and exactly as described. The staff were super friendly and always helpful with any request, which made the whole experience smooth and enjoyable. Highly recommended.",0.40461538461538465,Positive
1328248354526585309,,"Wonderful stay in Giza with best view of the pyramids and a short taxi ride from the grand Egyptian museum, which was a great day out. The apartment was great, the staff were all excellent and the breakfast provided was very nice. There is a very nice family atmosphere from the staff. I’d recommend to anybody who wants to stay in apartment with incredible views",0.7054545454545456,Positive
1328248354526585309,,"The furniture is of high quality but the details are not good enough. The decorations are a bit dirty and one of the toy legs is broken. Many of the lights are not working. The most important thing is that when I pulled down the curtains, they suddenly broke and fell to the ground.",0.005444444444444451,Neutral
1328248354526585309,,We loved this place in Giza.  Its very cozy and private but just off a busy tourist area with many restaurants and of  course the pyramids.We were tired when we arrived and they fetched is a take-away and set up a lovely table for us on the roof overlooking the pyramids. We have just booked some additional nights for later in our trip.,0.14250000000000002,Positive
1328248354526585309,,"Great stay! Very comfortable bed and an absolutely amazing view of the pyramids. The apartment was quiet, breakfast was delicious, and the host was extremely accommodating and helpful with information, pickup, and drop-off. The location is very walkable with lots of nearby restaurants, and we felt safe the entire time.",0.41055555555555556,Positive
1328248354526585309,,"Nicole10 years on AirbnbRating, 4 stars,  · November 2025,  · Stayed a few nightsVery nice stay:) The jacuzzi had some trouble to get warm. Bathroom smelled like sewage and there’s a light right above the bed that they couldn’t turn off.A bit of a noisy neighbourhood, there was fireworks, construction in the morning and dog barking..Other than that we felt at home and they’re very nice host. Breakfast was homey. Great view!Very clean and special stay:)",0.3684249084249084,Positive
1328248354526585309,,I am still baffled by how an appartment with such view even exists. The people are super friendly and helpful. Hey it’s cairo so it’s going to be busy and a little dusty…This was one of my favorite stays ever.Bart,0.18680555555555553,Positive
1328248354526585309,,"Loved our stay here, the view of the pyramids is simply jaw-dropping. Host was super responsive and helpful in the build up  to and during our stay. Shout out to Mohamed at reception for carrying our luggage up 4 flights of stairs like it was nothing and for the warm welcome and great recommendations. The inclusive breakfast on the rooftop overlooking the pyramids was also a nice touch. Will definitely stay again in the future and have already started recommending the place to friends and family. Thanks for a great stay!",0.4575757575757576,Positive
1328248354526585309,,Had a lovely time here. The pyramid view from the bed is unbeatable. The staff helped us navigate the area and took us on a nice tour of the pyramid complex. Would stay again.,0.26666666666666666,Positive
1328248354526585309,,"Super good view, nice room. Good location, only 10 minutes walk to pyramids ticket office.",0.4666666666666666,Positive
1328248354526585309,,"The whole team were good to us fromThe moment we landed, we had a couple of challenges with locals (baksheesh and stalking) but the team did everything they could to keep us safe and give sound advice. I would say this was on the higher end of what we would pay and the day trips we organised were expensive. Abdul our driver and guide was beyond brilliant, he is worth his weight in gold!",0.35312499999999997,Positive
1328248354526585309,,"the room was beautifully designed with incredible views of the pyramids. after our travels we were happy to find a place rest and escape from the world. with a breakfast included, a private h acuzzi, air conditioning, fast wifi and smart tv we didn’t need anything else, the staff even helped us set up food ordering services. this place and the amazing people that work there makes it far more than a normal airbnb.",0.4314285714285715,Positive
1328248354526585309,,"Amr was a great host! I felt extremely safe in the area, which made my stay even more enjoyable. The location near the pyramids is truly unbeatable—the view alone is worth it. Anytime I had an issue, Mustafa and Mohamed were quick, kind, and helpful in resolving it. The space truly feels like a family home, and I’m so grateful I got to experience it. Highly recommend!",0.44814814814814813,Positive
1328248354526585309,,"This place is absolutely amazing!!!!! The place itself is gorgeous, the view is out of this world. Waking up and putting the blinds up to have a full unobstructed view of the pyramids was priceless. The staff were amazing so helpful with every aspect. Everyone just wanted to help and make us feel at home as much as possible and we did! I will 1000% be booking this place on my next trip to Egypt.",0.5214285714285715,Positive
1328248354526585309,,The most epic view the wake up to. It was clean and easy to check in. Felt right at home.,0.3371428571428571,Positive
1328248354526585309,,"The room itself was as described and is located just a few minutes’ walk from the pyramids entrance and ticket office, which was very convenient. There are also lots of lovely restaurants nearby, and the location makes it easy for taxi pick ups. The view of the pyramids is great.I would advise booking through another platform, as I later realised I had paid almost double the price. Unfortunately, the bathroom had mould, and throughout my stay I raised concerns about a sewage smell. The photos on the listing also appear to be outdated, as the buildings in front of the pyramids are now covered with pictures and large posters, which partially block the view shown in the listing. The shower did not drain properly, and the WiFi stopped working during my last couple of days.The team on site were very attentive and genuinely helpful, and I really cannot fault them as they always did their best to assist. Overall, the room would benefit from some maintenance and a bit of TLC.",0.1333893557422969,Positive
1328248354526585309,,"From the moment we booked, the host was exceptional. Before check-in, they sent clear and detailed instructions that made everything so easy. The room was exactly as described — absolutely beautiful, with a breathtaking view of all three pyramids right from the bed and the bathtub. We ended up spending the whole afternoon there just taking photos and soaking in the view!The welcome drink was such a nice touch, and the service throughout our stay was top-notch. The staff helped carry our luggage up and down, and the rooftop view was equally stunning.We went on a day tour to the Black & White Desert and missed breakfast, but they kindly offered to store our luggage for the whole day. When we returned dusty and tired before catching our flight to Aswan, they even offered us a shower, which was incredibly thoughtful.The host went above and beyond, even walking us to our Uber when the road was blocked nearby. Everything felt effortless and warm, like staying with parents at home! THX",0.3405396825396824,Positive
1328248354526585309,,The place is near pyramids with a wonderful view of pyramids! The receptionist and the staffs are extremely friendly and welcoming. They just treat me as family. 好正嘅一次體驗～,0.4916666666666667,Positive
1328248354526585309,,"Very happy with our stay here. We felt right at home and were treated as family! Arguably has one of the best views of the pyramids in Cairo. Everyone was helpful and responsive. Faraq is an amazing and kind man. This is where we will stay when visiting Cairo. Intimate hotel, with family feel. Breakfast made on the rooftop in the morning. Food delivery until 3 AM. They were able to set up rides and tour guides. We felt right at home. Look no further for your Cairo Airbnb, you found it here! Shukran habibi ❤️🇪🇬",0.5047619047619049,Positive
1328248354526585309,,"Maybe the best Airbnb experience I’ve ever had. Amr and the amazing people he work with are so friendly and helpful. Just absolutely wonderful. The place is so nice too, perfect view. Awesome feel and decor. And the hot tub actually gets hot! Book it!",0.6215625,Positive
1328248354526585309,,"Great and attentive host, there's a sense of security as there is always a person manning the front desk. The view is truly peaceful and since the listing Is off the main road it's not loud at night which means sleeping is a breeze.The jacuzzi works, the water pressure in the shower is good and the bed is extremely comfortable. The rooftop is perhaps the 3rd closest to the pyramids in the area so I'd suggest buying food and enjoying it on the rooftop for an amazing dinner or lunch. Definitely reccomend this place",0.3424242424242424,Positive
1328248354526585309,,Everything about our stay was perfect! We we’re welcomed with drinks and snacks and we felt extremely safe. Everyone there wants to make sure you’re having a good time and any excursion or activity we wanted to do got quickly scheduled for us!,0.5527777777777778,Positive
1328248354526585309,,"Obviously better than the pictures, words cant describe that view. Amr's team did it all. Airport pick-up, washed my clothes, delicious breakfast and great communication. Set me up with tours of the pyramids at a reasonable price. took me on a beer run even, on a tuk tuk! experience of a lifetime. surrounding area is what you should expect in giza, I enjoyed it! Awesome mattress too. as some airbnbs fall shortAt the Ritz Carlton ciaro now, nice and all, but missing eygptian character that Amr's place had. I would definitely return and or recommend!",0.5083333333333333,Positive
1328248354526585309,,"Sarah8 years on AirbnbRating, 5 stars,  · July 2025,  · Stayed a few nightsStunning view..The confort was really good, especially the bed which is a must when travelling.The host was incredibly welcoming and responsive. Would definitely come back and highly recommend.",0.22285714285714284,Positive
1412438800329137974,,Amr was an amazing host. He helped us ordered take away and arranged early taxi transport to the airport. He's always responsive and super helpful. The apartment is situated near a busy neighborhood so expect noises at night but Amr provided noise canceling war plugs. The entrance of the apartment is not very easy to find but not an issue as the Amr greeted us in person and led us to the apartment.,0.1777777777777778,Positive
1412438800329137974,,"The apartment is exactly where it is showed on the map, but hard to find by car one you first arrive. But this is not a problem because the host would meet and great you to take you to the apartment. It’s a great local neighbourhood and not touristy. There is a supermarket right next to it and very convenient to get groceries. Close proximity to pyramids, it’s walkable or alternatively catch a tuk tuk. Great hospitality from the host.",0.3094047619047619,Positive
1412438800329137974,,The place was exactly as shown in the photos! Amr was super helpful with keeping our luggage safely before check-in and after check-out. He also went out of his way going to book us an uber to the airport just so that we get a fair price. The view is absolutely amazing from the place and is definitely worth the price.,0.4576388888888889,Positive
1412438800329137974,,"Had a wonderful stay, wish I would have booked longer!!   Hosts were very attentive & friendly.   The room is even better than photos, the view is amazing & the room very spacious and clean.  There is a little grocery store down below that’s open late and we got lots of good food to make.  The local community was very friendly.   It was easy to get Ubers & overall was just a great stay with great hosts,  don’t hesitate, book this place!!",0.35219135802469137,Positive
1412438800329137974,,"Tarek was an awesome host. Impeccable service and was very helpful through out our stay. The room itself was breathtaking. The view is unmatched, clean, and has everything we need! A bit noisy, but where in Egypt is it not?! We would 100% stay here with Tarek again in the future. Thank you for a very comfortable stay!",0.5961309523809525,Positive
1412438800329137974,,"The view at this place was phenomenal. The host was easy to communicate with and went out his way to make the check-in as easy as possible. The room was clean and as described. The only downside to this stay is the noise of the neighborhood. It is extremely noisy and if you are a person who prefers a quiet neighborhood, this probably isn’t the best fit. Tarek truly did everything to make my stay perfect but you can’t change the environmental noise of the neighborhood. Just something to note. But the value for the stay was fair. And the view of the pyramids was breathtaking.",0.4391025641025641,Positive
1412438800329137974,,Best place I’ve stayed honestly the man that we met was good respectful and kind the lift was a lil scary but it’s fun but main experience is that it’s good clean and worth the price,0.4303030303030303,Positive
1412438800329137974,,"Worth it for the view.  Yes it is noisy, and the city never seems to sleep, handy store downstairs.  And easy walking to some attractions, though we’d already been to them 😉. Excellent hosts who met us on arrival and departure.",0.5833333333333333,Positive
1412438800329137974,,"Amr and Tarek were amazing, very helpful and friendly. They made our stay very pleasant and made us feel right at home. The house is exactly as described and very well equipped, even has expreso machine ☕️ but the most important: that was the softest bed I slept on Egypt, my back needed it. View is stunning 😍 bathtub beside the window was better than expected. Highly recommend 👌🏻",0.3445748299319728,Positive
1412438800329137974,,"Tarek was very responsive and his place was just as described. On the 10th floor gave a lovely view of the pyramids. The location was near a school and the kids are friendly and happy to see visitors. The location makes it easy to integration into Giza life, from walking the streets and sampling the local cuisine (bakeries, fruit shops, supermarkets, etc) to taking the local ""tuk tuk"" taxis. On my return I am definitely staying here again.",0.2675925925925926,Positive
1412438800329137974,,"Amr was helpful and gave us advices even before we reached the location. He was extremely friendly, and above all honest,trustworthy and transparent.He did everything he could to solve our problems!I could not recommend a better host if you want to visit Giza.",0.2916666666666667,Positive
1412438800329137974,,Had a great time. Wish I was able to stay longer. Tarek and the driver Sheriff that got me from the airport were both amazing. I would recommend this place to anyone going to Egypt!,0.6833333333333335,Positive
1412438800329137974,,"Had an excellent 3 day stay, host met us on arrival, helped us carry luggage to the room, then made sure we had everything we needed. During our stay he was quick to resolve any possible issues (water went out). Even helped us book taxi’s and explained how to order food with local delivery app. Staying anywhere in Cairo I would recommend bringing anc headphones or ear plugs , this place is no different. Pictures don’t really do the Airbnb justice, view was better than expected.",0.27037037037037037,Positive
1412438800329137974,,"This was an amazing apartment in Cairo. The views are just like the photos and it was extremely clean. If you are staying in Cairo I would 100% recommend staying here. The host was very friendly and helpful during our stay. Not a single bad thing to say, highly recommend ☺️",0.15831349206349213,Positive
1412438800329137974,,We loved waking up and seeing the pyramids right outside! The jacuzzi was a nice luxury on our short stay here as well! The hosts are incredible and extremely helpful in recommending people and places and we’re very flexible helping us check in and out with some early flights!,0.29841269841269846,Positive
1412438800329137974,,"i cant express how amazing the host was. So friendly, helpful and accomadating. anything we needed and tbey were there with such efficient and fast responses. They made travelling with our baby so comfortable. Great location and views. Easy to get around. close the pyramjds. Thank you for hosting",0.4011904761904762,Positive
1412438800329137974,,"One of the more surreal and special listings on Airbnb. This is totally as advertised and the view is spectacular. Tarek was everything you want in a host; communicative the whole way, greeted me with a smile, and walked me through check-in and check-out personally. He also helped me with some needs I had within the area. The unit is super clean and the shower and jacuzzi are great. Highly recommend to anyone looking to wake up and feel close with the Pyramids! I will hope to be back!!",0.3005494505494506,Positive
1412438800329137974,,Very friendly form the jump. Was exactly like described.  Offered water for a week and fruits and asked many times if everything is good. Very easy to communicate and kind. Very enjoyable,0.5358333333333334,Positive
1412438800329137974,,"Stayed here for a single night and absolutely loved it. The place looked exactly like the photos: super clean and cozy, with an incredible view of the pyramids right from the window. The jacuzzi was such a nice touch, perfect for relaxing after sightseeing.The host was really friendly and responsive, and even surprised us with a basket of fresh fruits, which was so thoughtful. Honestly, couldn’t have asked for a better stay. Totally recommend it and can’t wait to come back!",0.3389097744360902,Positive
1412438800329137974,,"Great stay at Mr. Tarek’s apartment! Clean, comfortable, and well-located. Mr. Tarek was very friendly and helpful. Highly recommended",0.48283333333333334,Positive
1412438800329137974,,"I had an amazing stay at this Airbnb in Giza! The room was even better than the photos — spacious, clean, and incredibly comfortable. The view of the pyramids, especially at night, was absolutely breathtaking.The host was exceptionally kind and helpful. He welcomed us with fresh fruits, helped me replace a lost cable, and even arranged taxis for us whenever needed. The room was well-equipped with a mini fridge, plenty of water stocked up, and even Netflix installed for winding down after a long day.The price was very reasonable for the quality and the view we got. Overall, it was a wonderful experience and I would highly recommend this place to anyone visiting Giza!",0.31222222222222223,Positive
1412438800329137974,,First of all i just want to say a HUGE thank you to Tarek! He was absolutely the best host! We travelled really early 5 hours before check in due to our flight- however tarek personally came early to greet us took our luggage in somewhere safe and then found a resting place for us with breakfast! Tarek checked in on us everyday to make sure we are well and have all we need.I cant recommend this place enough lovely apartment clean modern and breaktaking views of pyramid- you see cairo in its old cultural form which is nice and different and people are lovely!Tarek hospitality has been extremely welcoming thank you for making out stay amazing.,0.251984126984127,Positive
1412438800329137974,,"Right from the moment we booked this place, it was fantastic! Tarek and Amr were excellent. Any questions we had, they were quick to answer...even middle of the night for them! They also  set us  up with a driver Abdu, who was great! he pointed out things after airport pick up and took us anywhere we wanted.We had  a great tour of Pyramids organized for us with Mohamed of @medomail292 Tour..he was so knowledgeable and was an excellent guide. The accommodation is just as pictured. Unbelievable view of the Pyramids! Don't be deterred by the street, and where place is located,  very safe and friendly!!Overall a great place, highly recommend!!55 year old Canadian Couple",0.4858882783882784,Positive
1412438800329137974,,Thank you for the opportunity to wake up and first see the only one of the Seven Wonders of the World that has survived to this day. We understood—wonders happen. These are your apartments!,0.125,Positive
1484714498056100115,,This place was spacious and beautiful 😍. I loved relaxing and bathing on the private patio. The decor was gorgeous and well-designed. I liked the fresh fruit and all the plants and natural greenery throughout. The place was easy to find for the local delivery services we used. Thanks for a wonderful stay!,0.44393939393939397,Positive
1484714498056100115,,A gorgeous appartement in Maadi . Well placed to visit Cairo. Well decorated and a relaxing space! The hosts were very helpful and recommended a great guide! I would highly recommend !,0.5687500000000001,Positive
1484714498056100115,,"Incredibly luxurious apartment that is beautifully decorated. Lots of space inside and a large terrace to look out at the city from. The location is good. There are lots of cafes/ restaurants nearby in what is a very safe, upmarket part of the city. Host is incredibly helpful too. Thank you 😁",0.7023809523809524,Positive
1484714498056100115,,"I had a fantastic, restful stay in Mohamed and Imaan’s beautifully designed apartment. I’ve stayed in their tiny home listing before and I hope to experience all of their properties during my trips to Cairo! They are wonderful hosts who provide their guests with beautiful, curated spaces that are a respite from the city. I highly recommend it and look forward to my next visit!",0.46571428571428575,Positive
1484714498056100115,,"Imaan and Mohamed’s place is an oasis. They did not skip on anything, comfort and quality all around. The balcony is such a bonus space. We appreciated their attention to every detail. They left a thorough guide with great recommendations. If you need anything they are a quick message away. Staying in Maadi is a great choice. Loads of green space and very easily walkable. Will definitely choose to stay with one of their properties again on future visits!",0.24966666666666665,Positive
1484714498056100115,,Mohamed and Imaan were lovely hosts that helped us with everything we needed including great tips around Maadi and connected us with Mahmoud our lovely and outstandingly great driver. Their apartment was an oasis within a very busy Cairo and the three of us had a very good time.All was great and we would definitely recommend everyone staying in Maadi in their apartment!,0.5549999999999999,Positive
1484714498056100115,,"We thoroughly enjoyed our stay at Imaan and Mohamed’s Airbnb. It’s spacious, beautifully decorated — both inside and on the porch — and very conveniently located. They responded promptly to our questions, both before and during our stay.",0.5166666666666667,Positive
1484714498056100115,,"Amazing hosts, they made our first trip to Egypt a breeze. We’re so glad we didn’t stay in Cairo, the Maadi neighborhood was family friendly and there are tons of restaurants and shops to explore. We’re can’t wait to come back",0.34500000000000003,Positive
1484714498056100115,,"This place is exactly as shown. Beautiful decor and in a quiet street. There was a show being filmed next door so it was a treat to observe! Mohamed is very responsive, the manual they sent us was so helpful with tips and local places to check out. It is on the fourth floor but the doorman was able to help us up with our items. I’m looking forward to staying here again when we return to Cairo!",0.240625,Positive
1484714498056100115,,"Imaan and Mohamed are fantastic hosts, very friendly and responsive. They shared great recommendations with us for restaurants and a tour guide who we booked twice during our stay.The apartment is so beautifully decorated and had the most comfortable bed, we felt very much at home. A real hidden gem in the city! Would love to book again.",0.43166666666666664,Positive
1484714498056100115,,This is the second place we stayed in hosted by Imaan and Mohamed. The flat is superb and beautifully decorated with some wonderful period furniture and ornaments lovingly collected from around Egypt and beyond. The bedrooms are comfortable  and spacious and the kitchen is very well equipped. The terraces with the roll top bath and outside dining-room are particularly inviting. Mohamed is a welcoming and very helpful host.,0.40763888888888894,Positive
1484714498056100115,,"I have stayed in Airbnbs all around the world for the past decade, and this is one of my all-time favourites. It's rare to find a place which ticks all the boxes - homely but sophisticated, peaceful but close to the action, convenient while being safe and secure. Whether you want to hit the streets and explore Cairo, or lounge about in the rooftop bath, you can't go wrong with this Maadi apartment!",0.14687499999999998,Positive
1484714498056100115,,"Look no further! Imaan and Mohamed's place feels like a dream. Beautifully decorated, wonderful spacious balcony. Definitely decorated with heart, no corners cut.We loved our stay. The neighbourhood is a retreat from the hustle of Cairo, and has the best cafe's in town!",0.5916666666666667,Positive
1484714498056100115,,"A hidden heaven in the heart of Maadi, close to everything. Great restaurants and cafe around, very nice streets for walking. Amazing communication by Imaan and Mohamed.I will be back soon for sure",0.4188888888888889,Positive
1484714498056100115,,Had a great time there. Easy to check in and out. And our Host was just great! Would definitely stay again!!,0.5583333333333333,Positive
1484714498056100115,,"Staying here was an absolute pleasure from start to finish. The whole experience was seamless from check-in to communication, everything flowed effortlessly thanks to Mohamed and Imaan's warm hospitality and attention to detail. The space itself is one of the most beautiful around town, every corner feels thoughtfully curated, with gorgeous touches that clearly reflect how much care and effort went into creating it. You can tell Mohamed truly takes pride in making his guests feel welcome and comfortable. It's rare to find a place that's both stunning and so genuinely inviting - I'd love to return soon and in a heartbeat!",0.4161764705882353,Positive
1484714498056100115,,I stayed in this beautiful apartment for 2 weeks and was made to feel very at home. Each room is tastefully decorated and the apartment is spacious and bright.  The outdoor space is wonderful and the location perfect. The hosts are responsive and super helpful with anything you need I would highly recommend this apartment and I really can’t fault anything and look forward to coming back!,0.4937037037037037,Positive
1484714498056100115,,"Beautiful apartment in great part of the city, would recommend.Good communication and back up assistance during our stay.",0.5499999999999999,Positive
1484714498056100115,,"Really beautiful please, loved the furniture it was super cozy, easy to get to and felt pretty safe.",0.40952380952380946,Positive
1484714498056100115,,"This is a wonderful apartment, tucked down a quiet street in Maadi. It is on the 4th floor so benefits from a wonderful rooftop terrace where we enjoyed eating breakfast each morning during our stay. The apartment is comfortable and well equipped with everything we needed for our stay, it also has a fabulous collection of books that really helped us to dive into the history and culture of Egypt.Cairo is dusty so it was lovely to relax in a bed with crisp white linen at the end of the day after a shower with plenty of hot water.Mohammed and Imaan were super hosts and really helpful, providing information on places to eat in the local area. My wife and I really enjoyed our stay here and would definitely recommend it to anyone looking for a place to stay from which to explore Maadi, Cairo and the surrounding area.",0.27654320987654324,Positive
1484714498056100115,,Such a great experience at a unique apartment. The hosts are very friendly and helpful. It feels like home,0.415625,Positive
1484714498056100115,,We absolutely loved our stay in Maadi - this is one of the best airbnbs I have ever experienced! The airbnb and Maadi itself is a haven in Cairo.,0.9,Positive
1484714498056100115,,"The most wonderful host and stay! Thank you so much, we really hope to come back in the future. You will be very lucky to stay here and have a fantastic time",0.3619047619047619,Positive
1484714498056100115,,"We really enjoyed our stay, we will  come back. Very unique place, it's art gallery not just an apartment. Thank you for hosting us.",0.32916666666666666,Positive
981120709957763653,,"Nikolaus12 years on AirbnbRating, 5 stars,  · 2 weeks ago,  · Stayed a few nightsThis is a six stars…! It starts with outstanding communication and helpfulness for transport. The spot is probably the closest you can get to the pyramids – unbeatable. It comes with a safe room with comfortable mattress, working AC and hot shower, and a spacious tent for privacy on the main terrace, all beautifully decorated, plus your own frontline rooftop terrace. Adel is always there to help you with anything, and he does exquisite cuisine also – his friendly presence is a great plus! Thank you again Adel and Saad!",0.49015151515151517,Positive
981120709957763653,,"Great room with an incredible view of the pyramids and sphinx. You literally can’t get closer to the pyramids and ticketing office than this. The room also comes with a private tent and rooftop, and the hosts are extremely flexible and hospitable. Breakfast was included!",0.38593750000000004,Positive
981120709957763653,,Great place just beside the Pyramids ticket counter. This place has the most majestic view of the pyramids and would definitely recommend staying here if you want to soak in the pyramids on your Egypt trip. Would love to visit again!,0.48125,Positive
981120709957763653,,"Kristjan10 years on AirbnbRating, 5 stars,  · January 2026,  · Stayed a few nightsLocation 10/10View 10/10Cleanness 10/10Friendliness 10/10Helpfulness 10/10And last but not least Chief Adel 11/10Home away from home! Will visit again!Thank you 🙏",-0.00416666666666667,Neutral
981120709957763653,,Incredible views of 3 pyramids and the sphinx - friendly and safe. Adel went out of his way to make us feel welcome and at home. Egyptian breakfast was delicious and room was perfect. Adel arranged reliable guide and driver.,0.7625000000000001,Positive
981120709957763653,,One of the best Airbnb stays we have ever had. We were warmly welcomed and taken care of. The view of the pyramids is worth every penny. We also added dinner as well as the breakfast. Do the Egyptian breakfast. Delicious. Highly recommend staying here.,0.6120000000000001,Positive
981120709957763653,,"Great experience!! I wont forget the private tent with an amazing view of the pyramids and the sphinx.  You can really sit there all day as they provide meals, beers and shisha as well.  The host are very friendly and helpful too.",0.4575,Positive
981120709957763653,,"Steve8 months on AirbnbRating, 5 stars,  · February 2026,  · Stayed a few nightsA great Airbnb experience.Saad was super communicative ahead of my arrival, and was happy to accommodate my early check-in request as the room was available early.On arrival I was warmly welcomed personally by Saad, and we had a great chat in the Bedouin-style rooftop tent, where he gave fascinating insights into the history of the accommodation, which was his family home.  It felt more like a chat with a friend than a host, a lovely way to start my stay.A special mention also to Adel who takes care of all guest arrangements when Saad is elsewhere, who gave 5 star service at all times.The accommodation itself is fantastic value - it is literally seconds away from the ticket office for the Pyramids of Giza... and has spectacular views of the the pyramids from the room itself and the two terraces. Somehow I seemed to have exclusive use of this space for my entire stay. All in all, a fantastic experience that I can highly recommend",0.40280423280423283,Positive
981120709957763653,,"The unit allows to truly feel an inmersive expensive of the real Cairo, we highly recommend it; Adel, the manager was nothing but pleasant, was nothing but helpful and overall we do recommend the whole experience.",0.13222222222222224,Positive
981120709957763653,,"Staying at this Airbnb was an unforgettable experience! The highlight was definitely the breathtaking view of the pyramids — waking up to such an iconic sight every morning felt like a dream. The location is perfect for exploring Giza, and the host was incredibly welcoming and helpful throughout our stay. Highly recommended for anyone looking to experience the magic of Egypt up close!",0.5761111111111111,Positive
981120709957763653,,"Kemet Room was, without exaggeration, one of the most impressive experiences we’ve ever had in our travels. The room with a direct view of the Pyramids is a dream come true, and the Bedouin tent and private terrace create an absolutely magical atmosphere,the kind of place where you forget about the world and simply enjoy the moment.Adele’s hospitality is something truly rare and unmatched. We felt welcomed not as tourists, but as part of the family. The lesson about essential oils was fascinating, full of passion and knowledge, and the food… simply excellent, cooked with heart and authentic flavors.Their children took care of our boys with such gentleness and joy that it melted our hearts, and the overall atmosphere was so warm that we felt at home from the very first moment.We will definitely return! If I could, I would give 11 stars instead of 5. I wholeheartedly recommend Kemet Room—it’s a place where you live experiences, not just accomodation.",0.38863636363636356,Positive
981120709957763653,,"Excellent location! The warmest host I’ve ever seen. He and his fellows kindly replied every question of mine and treated us like we are family. The shower drain is a kind of slow. If you could improve that, the stay must be even more perfect:)",0.5571428571428572,Positive
981120709957763653,,Amazing! We were greeted by a lovely young man that carried our luggage upstairs. We were offered cold hibiscus tea( since we came in the summer) as soon as we came in. Beautiful place and lots to do by the pyramids! The view is just as advertised and more! The staff are so accommodating and helpful. The food was delicious! If we ever get the chance to do this again we will be coming back to this place! Thank you so much Saad Adel and our friend Adel Moftah for making this a wonderful experience!,0.4575,Positive
981120709957763653,,"Staying here was one of our best decisions ever. Everything was more than perfect. Adel and his family took such great care of us, the location is absolutely magical and we’re still dreaming about the food that Adel cooked for us. To be surrounded by such warm people, staying in a beautiful traditional place with a  direct view of the pyramids and located right at the entrance is a real dream come true. We will absolutely return as soon as possible.",0.39910714285714277,Positive
981120709957763653,,"Overall awesome place to stay! The view from the private tent is even better than the panorama viewing point at the pyramids, and everybody is super friendly and helpfull. Would definitely recommend!",0.3154761904761904,Positive
981120709957763653,,Adel treated me like family and always was good enough to check on me everyday.,0.16666666666666666,Positive
981120709957763653,,"CharlesNew Orleans, LouisianaRating, 5 stars,  · May 2025,  · Stayed one nightWOW ⭐️⭐️⭐️⭐️⭐️ First, the host: Adel is the perfect host. A blend of privacy with an incredible passion to share culture. Everything needed, Adel took care of.Next, the living space: super comfy beds + hot showers to satisfy a simple man.Last, the space: Adel prepared large dinner, teas, drinks, fruits, cookies and shisha for an incredible sunset dinner from the Kemet Room. Sure, the rooftop views are dope, but the exclusivity/privacy of an authentic Bedouin tent (plenty of space for sunset yoga) set me apart from guests at other hotel/AirBnB rooftoppers.Not to mention the sheer perfection of the location (Sphinx staring right at you)!Thank You for sharing your life & your space with me. We are KINGS stacking stones!",0.39075091575091575,Positive
981120709957763653,,"幸2 years on AirbnbRating, 5 stars,  · March 2026,  · Stayed a few nightsVery great location.Panoramic views of the pyramids and the Sphinx are right next door!The host was kind and welcoming and took great care of us.Taxis, meals, and souvenirs from relatives are expensive, but I think it's better to pay for peace of mind than to have to negotiate or get scammed.I had no inconvenience.Thank you very much.Translated  Show original",0.2860714285714286,Positive
981120709957763653,,"It's right in front of the back gate ticket office. You can say hello to the tourists in front of the Sphinx. There was no elevator, so it was a little hard to lift luggage, but Saad's nephew helped me. When I checked out at dawn, I couldn't get an Uber to the airport and asked for cash, and that nephew helped me change dollars to Egyptian pounds and also got me a taxi. The tent that can be used separately next to the room is the beauty. Mr. Adel manages it, and he's very kind and fun to talk to. I hope he uses my gift well. When I went, the Wi-Fi didn't work at all, but I hope it will be resolved. Thank you for letting me have a pleasant trip!",0.22540178571428574,Positive
981120709957763653,,"The location is excellent, you can see the pyramids and the Sphinx from the window of the room. At first we couldn't find it, but it's actually right across from the pyramid ticket window.The boss is very friendly, took pictures of us, told us to go to the pyramid and not to be cheated, including breakfast, great value for money, recommended to stay.",0.564642857142857,Positive
981120709957763653,,"The house is very clean and comfortable, although not very luxurious, but it feels like home.Great location, you can see the Sphinx and the pyramids from the rooftop. It's especially nice to dine while looking at the beautiful scenery.Next to the B&B is the Pyramid Ticket Center, you can go downstairs to buy tickets and come back for breakfast, don't be afraid to queue for a long time.The old man was very nice and treated us like family. Yesterday was his son's birthday, and the old man prepared a gift and cake.And it helped us to fold all the dried clothes neatly, which was a great help for us who were already tired and exhausted when we got back in the evening.We are really touched.Before we went to the pyramids today, they even taught us how to avoid scams, and told us the price of riding a camel.I will definitely stay again if I have the chance to visit again in the future.",0.14283333333333337,Positive
981120709957763653,,"If you’re visiting Egypt, whether solo, with family, or a partner, you must stay at the Kemet Room. From the moment you arrive, you’re treated like family. The views of the Pyramids from your room and dining area are unreal, and the sunset and light show at night are unforgettable. Even airport pickup and drop-off feels safe and personal. Daily home-cooked meals, tea, hibiscus water, and Egyptian coffee make you feel at home. The host will arrange private tours, drivers, and show you real local spots. They even walk you to the ATM if needed. You truly feel protected and cared for. It’s like having a local friend, guide, and bodyguard all in one. This hidden gem goes above and beyond in every way. 1000 percent recommend and will absolutely be back. The rooms are clean, cozy, and filled with character. The energy of the space is peaceful, and waking up to the pyramids is something you’ll never forget. Truly one of the best stays I’ve ever had.",0.209375,Positive
981120709957763653,,We had a very lovely stay. The host was very friendly and the food was great. The view from the place is one of the best.,0.734375,Positive
981120709957763653,,"I have nothing but wonderful things to say about my stay. From the moment I arrived, I was treated like family and even welcomed with a thoughtful gift that truly warmed my heart. My host went above and beyond every day—offering me the best tour suggestions, making sure I got fair deals, and even arranging exceptional drivers so I always felt safe traveling alone.He cooked delicious meals, served the most amazing tea, and genuinely cared to hear about my adventures when I returned each evening. One moment I’ll never forget was when I lost my passport in Luxor—he stepped in to help me through the entire situation with so much kindness and support.This wasn’t just a place to stay, it was an experience filled with generosity, care, and unforgettable memories. I was given only the best treatment, and I can’t recommend booking here enough. Truly a blessing!",0.5087719298245614,Positive
1199193622730754940,,"Staying at Adel's place was truly unforgettable. The apartment is enormous, huge, spacious! I wanted to buy it immediately for my own living :) The extended window brings a lot of light inside and gives you stunning view of pyramids of Giza ♡ Best place to stay if you are group of friends (up to 7). I wish we had more time to stay longer ♡",0.5333333333333333,Positive
1199193622730754940,,"Booked here last minute and the host was very responsive and allowed us to check in early. He met us and showed us to the apartment. The apartment is huge and the view of the pyramids can be seen from the living room, bedroom and balcony! And it was amazing, totally worth the stay!",0.29583333333333334,Positive
1199193622730754940,,"Adel was always there for us. Our flight was delayed and we got there late but he waited for us, anything we needed he got it taken care of. The location has a magical view and it is very close to a couple nice clean restaurants as well as all the shopping you'd need.  Very convenient for visiting the pyramids or the GEM.",0.2611111111111111,Positive
1199193622730754940,,"pros: great views, large rooms, pretty clean by Egyptian standard, very friendly host, provided drinking water free of chargecon: first day had no running water, not the host's fault though due to government work in the area, one toilet is clogged and hard to flush, but it has 3 toilets so not a big problem",0.19320436507936511,Positive
1199193622730754940,,"I was welcomed by Adel who helped me with transport from the airport to the hotel. He helped me with luggage’s, showed me around, recommended me restaurants. Adel went above and beyond for me. Very helpful and friendly. Views from the balcony and Rooms were fantastic. Enjoyed watching the sunset with the pyramids in the background. Phenomenal. Thank you Adel and team",0.32916666666666666,Positive
1199193622730754940,,"This is great place to stay if you want to be close to the pyramids and also have a view of the pyramids from your room. A lot of shops nearby, like fresh bakeries, food places and places to buy any general items.",0.38333333333333336,Positive
1199193622730754940,,"Had a wonderful stay at this Airbnb! The place was clean, well-equipped, and just as described in the listing. The host was super friendly and responsive, making check-in and check-out a breeze. Would definitely stay here again!""",0.41500000000000004,Positive
1199193622730754940,,"Adel was the perfect host! He not only communicated often, but in person as well. He arranged our tours and also surprised me with a amazing cake for my birthday. He definitely made Egypt feel like a second home. I can’t thank him enough for his hospitality….the perfect vacation.",0.3375,Positive
1199193622730754940,,"spacious suites with incredible pyramid view. Friendly, welcoming, and helpful staff at reception and in services make a significant difference.",0.5499999999999999,Positive
1199193622730754940,,The host was very nice and very helpful. The view from location was amazing. The place could use some repairs and upgrades.,0.5266666666666667,Positive
1199193622730754940,,"Had a very lovely stay! Apartment was spacious, good location, well furnished and  clean. Communication with Ahmed was very efficient and responded almost immediately to all our queries. And of course consisted of an amazing view of the Giza Pyramids. Highly recommend to anyone wanting to stay in Giza",0.4731944444444445,Positive
1199193622730754940,,"Amazing place, just like the photos. The view of the pyramids from the apartment was spectacular. Highly Recommend.",0.45333333333333337,Positive
1199193622730754940,,"We had an absolutely wonderful stay, and I can’t say enough good things about our hosts. I stayed here with my grandma and my mother, and from the very beginning Ahmed made us feel completely at home. He was incredibly helpful, respectful, and kind — truly treating us like family rather than guests. Every detail was handled with care, and we always felt comfortable and supported.Leila, our tour guide, was equally amazing. She is so knowledgeable, friendly, and passionate about what she does. By the end of the trip, it honestly felt like I had gained a friend. Her guidance and warmth made the experience unforgettable, and I genuinely believe my trip would not have been the same without her.I highly recommend this host to anyone looking for comfort, kindness, and an authentic experience. We are so grateful for everything they did for us",0.4325,Positive
1199193622730754940,,Very clean and nice apartment. Adel also offered driving services - overall a very good stay especially considering the price.,0.3973333333333333,Positive
1199193622730754940,,"Great location, fantastic views. Adel was easy to communicate with. Check in was smooth and we had an absolutely comfortable and pleasurable stay.",0.4866666666666667,Positive
1199193622730754940,,"I stayed here for 2nights and would definitely recommend the place. Perfect location close to all the attractions in giza with the phenomenal view. The staffs were what I liked the most . Abdo, the driver, picked me up from the airport and  drove me to all the good places. Sometimes, he had to wait for a long time but never lost his smile and kindness. He drives really good and safe. Ahmed and Adel, the host of the hotel, was happy to help me anytime throughout my stay and have good recommendations on restaurants or any other places that I wanted to go. They were also very welcoming and chill. Abeer, my tour guide was more than perfect. I could see how proud she is about the great culture and was really passionate about telling me all the historical stories in an easy way. I didn’t know at all about the egyptian history but thanks to her, I fell in love with this country and the culture. To any other people who are willing to stay in this hotel I highly recommend the private tour, car",0.3997530864197531,Positive
1199193622730754940,,"Ahmed and Leila are unbelievably kind, thoughtful people who made us feel part of the family. As soon as we met them, my worries were put at ease and we felt guided and looked after. Watching the light show over the pyramids from the flat was unforgettable. Wow! The days spent with Leila, our guide ( and now friend) were amazing!! Her warmth and smile was infectious and we immediately felt at ease and in safe hands. She was so kind, knowledgeable and patient with our range of ages and we had many fun, laughter filled days. With her we saw the pyramids, rode camels, explored Cairo, Saqqara, sand boarded, swam in lakes and saw the fossils at Whale Valley. Every day was the best and we really felt at home. We regard Leila and Ahmed as part of our family now – they are genuine, wonderful, kind people who we have had the privilege to get to know. If you’re looking for an  unforgettable time in Egypt, 
I can’t recommend them more highly. You won’t regret it. We're already planning to return",0.4726136363636364,Positive
1199193622730754940,,"The views were beautiful and so was the airbnb. I really enjoyed the space and the peace I highly recommend. there was a grocery market down the street which was very convenient. Adel had great hospitality and great energy, very responsive and friendly.",0.41438271604938276,Positive
1199193622730754940,,"I enjoyed my stay so much!! The place was gorgeous, I loved sitting on the balcony with the pyramid view. Ahmed set us up with everything we needed as tourists and was always right there to answer any questions we had or help us out. We felt so welcomed and comfortable!",0.4997023809523809,Positive
1199193622730754940,,"The hosts were really amazing, very kind and welcoming. The apartment was clean and comfortable, and the view of the pyramids was absolutely breathtaking! I truly enjoyed my stay and would be happy to come back again. Highly recommended!",0.5162962962962964,Positive
1199193622730754940,,You can have all the fertilities you need here. The location is inside the normal residence. You can see the daily life of Egyptian here. There are supermarket and restaurant right down the street.The view is very good and host is responsive.,0.23803174603174604,Positive
1199193622730754940,,"Adel and his team were amazingly prompt in communication, anytime, day or night. The apartment is nice, but the real star is the amazing view of the Pyramid out the window.",0.5,Positive
1199193622730754940,,"Close to supermarket which is very convenient. Place was spacious and good air conditioning. However, the kitchen wasn’t equipped with adequate plates or glasses or cookware.",0.41111111111111104,Positive
1199193622730754940,,"Adel was very nice and welcoming , I was stunned by the amazing view as soon as I entered and was amazed how clean and tidy the place was. Everything near us was a short journey which included viewing pyramids and entering Giza Bazaar district . If I were to recommend any place in Giza it would be those place , host was very reachable and allowed quick acceptation of us staying another night . Will happily come back to Egypt with this amazing treatment .",0.39818181818181825,Positive
1332513688509423570,,"We had an incredible stay at Eterna and found all the staff there extremely welcoming and helpful! Ahmed especially helped us organise multiple tours, transport and made us feel immediately welcomed, and as if we had a home away from home throughout our stay. He went out of his way on multiple occasions to look after us. The view of the pyramids was unbeatable and we would 100% recommend! An unforgettable experience!",0.29062499999999997,Positive
1332513688509423570,,"This place is absolutely spectacular and looks exactly as described in the pictures. I was treated so well by everyone truly kind, helpful, and welcoming people. The hospitality made my stay even more special. I would 100% recommend this place without hesitation. The people here are incredibly nice, caring, and attentive. I couldn’t have asked for a better experience.",0.4758928571428571,Positive
1332513688509423570,,"Communication was great,  there was hot water and good shower pressure, beds were comfortable and welcome water/snacks were so cool. Rooftop is as advertised and a beautiful view. Bad things are nothing about the room, room is great, but surrounding - first, location is very close to pyramids BUT very noisy, even on 8th floor we could hear everyone all night shouting, car horns, screaming, arguing, music, everything from 23 PM to 5 AM, I feel like no one in Giza is sleeping? Hard to sleep. But if you are a hard sleeper then it will be ok for you. Also agressive vendors all around but that is everywhere in Giza. Anyway, this is a good room for the price and owners were great, thank you :)",0.37870370370370376,Positive
1332513688509423570,,It's one of the best places you can stay in Cairo. It has the best view of the Pyramids. The breakfast was amazing and hospitality was at its peak. You can stay here without any worries.,0.8666666666666667,Positive
1332513688509423570,,"I just wanted to say THANK YOU!! My friends and I had the best time of our lives. We booked all of our excursions with them and everything was magical! This has been our favorite trip by far and your AIRBNB is just amazing. I also wanted to say that I like how you all reply quickly and are willing to help out with any small inconvenience. Thank you for everything, will definitely be coming back!!",0.31583333333333335,Positive
1332513688509423570,,"We had a fabulous stay at Dawood’s place! The view from the roof was breathtaking. They gave us breakfast each day, even the day we arrived. We got into our room early and it was just as pictured (impeccably clean too).  The location is ideal for the pyramids. We spent evenings on the roof enjoying the view. And even above all this, the staff was our highlight! They were incredibly kind and helpful. They went up and beyond to take care of us. They were proactive with helping and always available. Honestly, such an amazing experience. We highly recommend staying here!!",0.39358974358974363,Positive
1332513688509423570,,The best place to stay in Cairo. The upstairs area is excellent. They constantly looked after us and found solutions to our problems. The breakfast was also very good.,0.7275,Positive
1332513688509423570,,"The room looked exactly like the photos. However, the space was quite small and we could barely open our three medium suitcases. There are stairs you need to climb before reaching the elevator, so we had to carry our luggage up first. There is also no bidet in the bathroom.They offer breakfast and a nice view of the pyramids. The staff were very kind — they helped me book an Uber to the airport, carried our luggage down, and responded to our messages quickly. We also ordered the pizza from the property, it was big and tasted really good.The location is convenient, and the instructions on how to get to Level 5, the hotel lobby, were clear and easy to follow.A big thumbs up to Adam and Muhammad for their excellent hospitality!",0.25293650793650796,Positive
1332513688509423570,,"We stayed here for two nights. The hosts helped us organise transport from the airport and a tour of Giza. The hosts were extremely responsive and helped us throughout our stay.The place was clean, cosy and modern with beautiful decor. The beds were large and comfy. The place also had a quick rooftop view of the pyramids where you can eat breakfast. Everything was perfect.Communication throughout the stay was perfect and the tour of Giza was incredible. There was no hassle from our side, the hosts took care of organising it.On our final night, we had an early morning flight and thoughtfully were packed breakfast for the airport.A must stay place if you are visiting Giza!",0.3944805194805195,Positive
1332513688509423570,,Stay was great and staff was very helpful and friendly..it was a memorable stay at your place and we appreciate of taking care of us..hope to see you soon ..room was good and with great view of pyramids... Pickup was arranged by Dawood and driver was good..I would recommend this place to all .. Amazing place with Pyramids view,0.6,Positive
1332513688509423570,,"We stayed at Dawood’s place for three days. The staff were very welcome and so helpful, especially Mohamed!The location is great!!! Just 15 minutes walk from the pyramids. We had access to the roof top which had an amazing view, also where we could enjoy breakfast.We will definitely be back!! Highly recommended",0.4575,Positive
1332513688509423570,,"Nice place, nice stay. Helpful stuffs. Nice behaviour and Rooftop pyramid view was incredeble..",0.6,Positive
1332513688509423570,,"Highly recommend fr..these guys are mad friendly, the spot’s clean as hell, and the view? Straight up breathtakingggggg",0.09533333333333335,Neutral
1332513688509423570,,"The location is excellent if you’re looking to be around the pyramids, saqqara and the GEM. The room is really clean and the view from the rooftop was breathtaking",0.7888888888888889,Positive
1332513688509423570,,"COULDN’T ASK FOR A BETTER ACCOMMODATION!The telltale narrative of reality vs expectation. Both were comprehensively met and even more!Whatever is advertised is 100% the reality. The panoramic view of the pyramids from the balcony is a sure treat!Plus you will get the most attentive and responsive hosts and staff, they went out of their way just to cater to all our requests which made our stay seamless and more memorable.Will definitely recommend to all my friends who wish to visit Cairo in the future.Five stars aren’t enough!",0.3125,Positive
1332513688509423570,,The host is very helpful and generous! I recommend staying here for a part of your trip in cairo,0.25,Positive
1332513688509423570,,"We had really good time at this hostel!I’m sure I won’t forget this and people there!Stuffs are so nice and funny, kind and we got friends!I strongly recommend everyone to stay here and make the best memories!!",0.5833333333333333,Positive
1332513688509423570,,"The stay was excellent and well managed by the host, who was easily available on short notice. The employed staff (Yousef and Belal) were extremely kind and helpful. The language barrier in the city was no problem since the staff and hosts were happy to help with ordering food or arranging transport, while helping us avoid scammers. A tour guide (Habiba) and taxi were also arranged for the whole day, customizable to our requirements at a very reasonable price. The view from the terrace is unbeatable, even better than as seen in the pictures online. It was great enjoying a fresh breakfast each morning on the terrace, enjoying the view of Giza pyramids. All in all, definitely worth a repeat experience!",0.47961538461538455,Positive
1332513688509423570,,"The experience there was really nice, all the working team there were truly meeting high standards of hospitality and professionality. I would really recommend going there for my friends.",0.32,Positive
1332513688509423570,,"KeijiroSetagaya, JapanRating, 5 stars,  · 3 weeks ago,  · Stayed a few nightsThank you, Ahmed!They respond very quickly, and they are very accommodating even when we make unreasonable requests!The pyramids from the rooftop are truly beautiful!They even do the laundry!I will definitely stay here again!Translated  Show original",0.16166666666666668,Positive
1332513688509423570,,"The room was very clean and exactly as shown in the pictures. Communication with Dawood and his team was very nice. She always responded very quickly and helped where necessary.Furthermore, the Airbnb is in a very central location, within walking distance of the pyramids. From the roof you also have a beautiful view over this special area. We enjoyed this in the morning during breakfast. Thanks for everything.",0.4274603174603175,Positive
1332513688509423570,,"Very close to the pyramid, about 12 minutes walk to the pyramid entrance; the top terrace restaurant can enjoy the pyramid view while eating, breakfast is very rich; luggage can be stored, convenient to visit the pyramid and then come back to pick up luggage to leave; if there is any problem, the response is very timely, the reply is very fast; the room is relatively clean and tidy, the bathroom hot water is very sufficient, the bath is very comfortable.",0.33201388888888894,Positive
1332513688509423570,,"noce place , clean sheets, good hospitality and friendly staff 👌  recommend 👌",0.48055555555555557,Positive
1332513688509423570,,"Nice view on the rooftop and you can relax as well, nice room and flexible check in. Friendly staffs and host. Highly recommended",0.43374999999999997,Positive
1196851743231572540,,"It can be difficult sometimes when booking accomodations in Cairo to know exactly what you'll be getting. I hope that this review can assure others that this place is the real deal, and offers a modern space with a stunning Pyramid view from the living room and bathroom. The hosts and their staff were extremely accomodating, communicative, and honest, and we were so happy to have such a beautiful home base to spend a few days exploring Giza and the GEM.",0.14423076923076925,Positive
1196851743231572540,,"Gorgeous Airbnb, waking up to the view of the pyramids was surreal, Mohamed was very quick with replying and check in process was very easy. The flat was spotless and exactly like the photos. Thank you to Mohamed and the kind gentleman who is in charge of cleaning and looking after us. Thank you SO much! We will be back 🐫🇪🇬😊",0.3357407407407408,Positive
1196851743231572540,,"Booked this Bnb for the view but got more than that, Mohamed and his team were top notch and very helpful, the property is exactly as pictured, photos of the view don’t do it justice. The rooms were very cozy got a great nights rest after a long flight would’ve stayed at the property longer if I could.",0.27714285714285714,Positive
1196851743231572540,,"The view was beautiful. Apartment as described, the Greek restaurant next-door is some of the best food, walking distance to the local gym, which was very nice and clean, right outside the gym there is a wonderful little restaurant directly to the left of the entrance doors of the gym that had great food and coffee and friendly service.",0.383562925170068,Positive
1196851743231572540,,"Melanie7 years on AirbnbRating, 5 stars,  · November 2025,  · Stayed a few nightsAmazing stay!Our stay in this Airbnb was absolutely amazing!The host and his assistant were incredibly kind and attentive — they made sure we had everything we needed and helped us with any questions we had.The apartment itself is beautiful and comfortable, but the highlight was definitely the view — seeing the Pyramids right from the living room is an unforgettable experience. I highly recommend this place to anyone visiting Egypt!",0.36688311688311687,Positive
1196851743231572540,,"What an unforgettable experience! Waking up and seeing the Pyramids of Giza right outside our window felt absolutely surreal. The location couldn’t be better, with easy access to everything we needed. Communication with the host was smooth and friendly from start to finish, which made our stay even more enjoyable. If you’re planning a trip to Caieo, this is the place to stay for an unbeatable view and a truly special experience!",0.42640692640692635,Positive
1196851743231572540,,"Mohamed and Marwan are the best of the best when it comes to Airbnb hosts. You won’t regret a stay at their beautiful apartment, not only because of the beauty and unobstructed Pyramid views, but because of their speedy communication and incredible hospitality. Highly recommended!",0.6583333333333333,Positive
1196851743231572540,,"Want to start by saying a big thank you to Mohamed and the team. From the minute we booked till the day we left they were really helpful. Provided us with lots of tips and where to eat at a reasonable price. The apartment itself was excellent, very clean and tidy, very cosy. Beds were amazing especially the pillows compared to the hotel we are staying at. They also provided us with a complimentary early check in which was amazing as we landed in Cairo at 7.30am. And the view of the pyramids are breathtaking, kept the wife and kids happy.  Nice to wake up to and see them or when having a bath. Would deffo recommend this place and will deffo book again when we are next in Cairo.",0.3927450980392157,Positive
1196851743231572540,,"Our stay in Giza was good, and the host was professional and caring. They helped with transport arrangements, which made getting around much easier. They also promised to send food recommendations — which may or may not still be on the way 😄 (a small, funny miss, but nothing major).The apartment was very clean, cozy, and had a lovely design. The absolute highlight was the pyramid view from both the living space and even the showering area — a truly unique and unforgettable experience.The location is very close to the Pyramids and the Grand Egyptian Museum, making it ideal for sightseeing. And a special mention to the cute babies and their warmth — their sweetness honestly made the entire stay feel extra special and worth it.",0.32695011337868474,Positive
1196851743231572540,,"It was truly a perfect stay. The neighborhood is quiet and pleasant, the pyramid view is magnificent, and everything was exactly the same as in the photos. They also have an assistant named Yusuf who is always available and ready to help. They are very considerate. Due to a technical issue, the electricity was out for a few hours, and since our flight was at night on the check-out day, they kindly offered us a complimentary late check-out until 10 PM instead of 10 AM.",0.27055555555555555,Positive
1196851743231572540,,"We love this place! The view of pyramids was amazing, beautiful sunrise from the comfort of the sofa. Nearby supermarket and just Uber to get to pyramids or GEM. So convenient. We were also grateful that we can store our luggage and pick up at 2pm after check out time. Thanks so much!",0.5050000000000001,Positive
1196851743231572540,,"The place is very cozy and nice, feels like a home for us, the view from the room is amazing! The hosts also helped a lot with all my questions and being very responsive.",0.3225,Positive
1196851743231572540,,The place is literally on top of the pyramids and is spectacular. Pay close attention to the uber instructions. When I come back to Egypt this is where I’ll be staying. Host was super friendly and patient with me. Was greeted and shown the place which was helpful.,0.3616666666666667,Positive
1196851743231572540,,"The apartment was amazing! All 4 of us had so much fun, we loved the view and the location. Mohamed was very helpful, he always answered my messages and helped me plan our trip to Cairo! Very value for money!",0.45,Positive
1196851743231572540,,"Really enjoyed my stay. The place was spotless, matched the description, and the host was friendly and responsive",0.4375,Positive
1196851743231572540,,"Mohamed’s place is very close to the pyramids, which makes it very convenient. He was super responsive and addressed any issues or questions we had during our stay. Highly recommend!",0.23333333333333334,Positive
1196851743231572540,,"We spent only one night, and it was very convenient. The main in this apartment is THE view!!!!  get up with sunrise and you will be reward by the impressive show with sun and pyramids!",0.30138020833333334,Positive
1196851743231572540,,This accomodation is exactly how it is described and exactly like the photos. You have a beautiful view of the pyramids. Accomodation is safe and secure. The hosts are amazing and their response is always fast. They are willing to help whenever you need. They go above and beyond. When you arrive there is someone waiting to help you check in and get into your room. You will not be disappointed with this listing!,0.23625000000000002,Positive
1196851743231572540,,"Already before the arrival we received great instructions, a person was waiting before the building to receive us and give explanations. The place and the view were every bit as spectactular as the pictures. We felt home right away and we enjoyed our stay extraordinarily. It will be nice to come back one day.",0.41984126984126985,Positive
1196851743231572540,,"Everything was ok, you can see pyramids through the window, traffic too and its fun! Near to the Grand Museum. Very near local shop, which one has local prices. I can deffinetly recommend this apartment. But Kettle stopped working, there was no coffe, no tea, shower head makes whole bathroom in water. Small ammount of toilet paper, I guess why.",0.15216666666666664,Positive
1196851743231572540,,"We really liked the place — it was comfortable, and in a great location. The view of the pyramids was amazing! The host was very responsive and friendly throughout our stay. The only minor inconvenience was that there wasn’t enough toilet paper or towels provided for the duration of our stay. Other than that, everything was great and we enjoyed our time here!",0.33397435897435906,Positive
1196851743231572540,,"Fantastic hosts, very attentive and great recommendations. They helped us get sorted and were very kind to us. Would recommend to anyone",0.625,Positive
1196851743231572540,,"Awesome location with spectacular views. Host was very responsive and checked us in late at night. Thank you for the great stay, I highly recommend!",0.4166666666666667,Positive
1196851743231572540,,"A vey helpful & friendly host, helped us drop our bags to start our tour in Giza. The place is clean and has a very nice view to the pyramids.",0.5072222222222222,Positive
1237474025614245965,,"The apartment was beautifully decorated, clean and comfortable. The location was ideal for exploring downtown Cairo. Communication with host was very easy. Couldn't have asked for more.",0.5966666666666667,Positive
1237474025614245965,,"Our dream journey in Egypt started in absolutely magnificent place! I'm so grateful Imman and Mohamed for hosting us. We felt like in the dream home! Everything was absolutely perfect and thanks to our host, we had amazing time in Cairo, with wonderful guide Dalia, who was recommended by hosts! Thank you once again for everything! 🙏 The memories will stay forever in our hearts! 🤗",0.76,Positive
1237474025614245965,,"Such a beautiful serene space right in the centre of Cairo - a real treat for anyone passionate about interior design, surrounded by top tier restaurants in walking distance and an incredibly present and helpful host. Thank you so much!",0.2544642857142857,Positive
1237474025614245965,,"A true hidden gem. Imaan’s recommendation guide alone are worth this booking. Her place is fabulously decorated, and any question you have or item you need she can tell you where to get it! We had such a fabulous and comfortable stay. Excellent location, very optimally placed. Would love to return. All the bed linens and bath linens were fantastic as well. We did not use it, but the kitchen was fully and well equipped.",0.353030303030303,Positive
1237474025614245965,,This is a gem in the middle of downtown Cairo. I was hesitant about staying in an apartment instead of a hotel but the vibe was an Egyptian home and we loved it. Both Imaan and Mohamed were very responsive. They provided a handbook with clear instructions and suggestions of local places to visit. They have a doorman who was very helpful as well. It's in a great location with many restaurants and shops within walking distance.,0.3125,Positive
1237474025614245965,,"A real haven of peace right in the heart of Cairo. The flat is so beautiful and tastefully decorated! Unfortunately, our stay was too short, but we would have loved to have stayed longer. Many thanks!!!!",0.29433283730158727,Positive
1237474025614245965,,"Lovely little gem in downtown Cairo, an oasis in the busy environment - within walking distance of some great restaurants, Mohammed was very responsive, we loved our stay here, would highly recommend.",0.3246428571428571,Positive
1237474025614245965,,The accomodations was beautiful and the host was very helpful and responsive. Helped us store the bag for a couple of hours.It was a bit noisy outside and the hot water was not consistent. But it didn't bother us much enjoying the stay.,0.2791666666666667,Positive
1237474025614245965,,"Excellent apartment in the heart of Cairo! I absolutely loved everything—from the decor to the hosts' hospitality. The interior is Egyptian-style, the atmosphere is cozy, like stepping into another world; the apartment feels like it's actually alive.",0.4,Positive
1237474025614245965,,"We had a wonderful stay in this lovely apartment. It was exactly as described and even better than the pictures. It felt like an oasis of calm in the middle of a very chaotic city. The beds were comfortable, the hot water was plentiful and we were able to spread out and relax. Anytime we had to message the hosts, they were extremely quick to respond and offered tangible solutions to any problems. I would stay here again in a heartbeat if my travels bring me back to Cairo!",0.3527777777777778,Positive
1237474025614245965,,"Beautiful flat in a great bustling location near to many resturant and shops. Flat exceeded our expectations, it was beautiful and big and amazingly decorated. Would absolutely love to come back again !",0.3772727272727273,Positive
1237474025614245965,,What a gem to find right in the heart of downtown Cairo.  This was such a fantastic place for 2 couples.  The decor and amenities were perfect and the ease of walking to shop and eat was ideal.  It was a lovely home away from home and we would definitely stay again if in Cairo,0.44081632653061226,Positive
1237474025614245965,,"We had a splendid time at the house of Imaan and Mohamed. It is beyond beautiful, it’s a resting place in the hassle of Cairo. Everything in the house was well cared for, clean and stylish. Our 4 year old son loved the bed in het kitchen (it was his tent) and the tv corner. He called it “watching beautiful tv”. Our teenage daughters took pictures in every corner for their social media and me and my husband loved the cosy corners to have coffee or tea.They have great tips for the area. If you plan to visit Egypt make sure to calculate enough time in Cairo. It s not just piramids and a bazar; it’s vintage, exotic, modern and old fashioned at the same time, vibrant and cultural. With great restaurants and lovely shopping. And make sure to book this place! It s in the middle of it all and superrelaxed in business of everyday Cairo.",0.37604166666666666,Positive
1237474025614245965,,"This was one of our favorite stays in all of Egypt. Imaan's place is clean and beautifully decorated, complete with a bowl of sweet mangos. Communication was always quick and Osama the doorman was very helpful during the check in process. He even stored our luggage while we waited for a later flight. If this place is available, book it!",0.3555555555555556,Positive
1237474025614245965,,"Imaan and Mohamed were the perfect hosts, they welcomed us on arrival and provided plenty of helpful tips and recommendations, responsive at all hours!The property was delightful and came equipped with everything needed for a comfortable stay for our family of 4. Very stylish and unique. We would definitely recommend this to anyone looking for a hidden gem in downtown Cairo.",0.4654761904761905,Positive
1237474025614245965,,"Rancho Palos Verdes, California",0.0,Neutral
1237474025614245965,,Very tastefully decorated and beautifully renovated apartment oozing elegance and culture. we loved it!,0.6416666666666667,Positive
1237474025614245965,,"We have already stayed in this apartment several times. Very atmospheric, authentic. We will definitely come again!",0.125,Positive
1237474025614245965,,"We had a wonderful stay, the place was even more beautiful than the photos, very clean, and thoughtfully set up. It was easy to find and in a fantastic location, close to many attractions and amenities in Cairo.The host truly went above and beyond. They provided a detailed PDF guide that made everything seamless—from finding the place and checking in to understanding all the apartment’s features. The guide also included helpful information about Cairo and great recommendations for places to visit, which we really appreciated.The host was very proactive, responsive, and welcoming, and the thoughtful gift left for us was such a lovely touch. We felt well taken care of throughout our stay and would absolutely recommend this place to anyone visiting Cairo",0.40333333333333343,Positive
1237474025614245965,,"This place was fabulous! And the hosts made the stay even more amazing. From Osama the doorman who greeted us and helped with everything while there, to the helpful recommendations on where to eat and shop, it really was perfect. My young son especially loved the third bed in the nook. The little touches they provide really show they care - the coffee, tea, fruit bowl, fully equipped kitchen. What amazing hosts. If I could give this place 7 stars I would. Thank you so much for a beautiful stay!",0.43942307692307697,Positive
1237474025614245965,,"Large,  beautifully decorated and air-conditioned flat in downtown Cairo. Well situated to discover sites in Cairo such as Islamic or Coptic Cairo or Zamalek. Near metro stations for exploration further afield. Can use Uber or Careem for trips out to Giza plateau or the Grand Egyptian Museum.",0.2341836734693878,Positive
1237474025614245965,,"It was truly an accommodation with real depth and character. We were able to fully experience the atmosphere of Egypt in this space. The design is truly beautiful, and since it’s located right in Downtown, it’s very close to all the must-see places. I highly recommend this accommodation.",0.365952380952381,Positive
1237474025614245965,,"We loved every minute of our stay. Our host responded quickly and was always helpful, friendly and polite. The flat was beautifully decorated and extremely comfortable. Thank you for such a wonderful experience!",0.45416666666666666,Positive
1237474025614245965,,"A true highlight of our stay in Cairo. It is such a beautiful place, so well decorated and addressed everything we would need.  Probably one of the most unique and nicest air b and bs I've been in. I would highly recommend staying here.",0.37250000000000005,Positive
1388701191802240736,,"Leen1 year on AirbnbRating, 4 stars,  · 3 days ago,  · Stayed one nightSame as pictures 👌🏻The view from the apartment is stunning 🤩.The water pressure and Wi-Fi are good.There was hot water all the time.The host was very kind and flexible with check-in, and he invited us to a very good and delicious breakfast at a nearby hotel.As for the neighbourhood, if you’re looking for peace and quiet, you won’t find it here. The cars keep honking all night, but I guess this is how it is on all of Egypt’s main streets, and the view is worth it. 🇪🇬🤩🐪",0.4883333333333333,Positive
1388701191802240736,,"This is the best place you can stay at! The gate to the pyramids is nearby and we felt safe in the area. The place looks like the photos and the view is absolutely stunning, with the bathtub as a real highlight. We also totally recommend going to Albert’s hotel which is nearby and enjoying the sunset from the rooftop there. Albert is the best host, so kind and incredibly responsive and he went out of his way to make sure we felt comfortable throughout our stay. Thank you our dear brother!",0.5636363636363636,Positive
1388701191802240736,,"Spacious , clean and spotless unit , with breathtaking views of the pyramids. easy to get to and check in was smooth. Host is very Friendly & quick to respond to any inquiries or issues. Will definitely be coming back in the future.",0.33564814814814814,Positive
1388701191802240736,,"Albert is the best host you can find in Cairo, he allowed me to check in earlier so i dont needed to wait 4 hours and he even picked me up for free, he also offered me to wash my clothes at his place for free and invited me for breakfast.he was always available when i needed some help.the apartment is very comfortable and has a beautiful view on all 3 Pyramids + Sphinx, i also felt very safe in this area.i am definitly comming back next time im in Cairo, thank you very much for everything Albert🤝",0.40727272727272723,Positive
1388701191802240736,,"Albert's place was great , the host was so responsive and it's the best value for money with a great view form your window.  easy access to the main street for transportations",0.6399999999999999,Positive
1388701191802240736,,"Very nice stay, Albert was always helping us, and proactive in anything we needed, great host and great place, very kind and welcoming. Egypt is very safe regarding the war in middle Eastern, ambience was nice and very safe we felt. Would 100% recommend him. Thank you Albert for making our stay do delightful! Will definitely come back to stay here again.",0.5509090909090909,Positive
1388701191802240736,,Albert is a super nice host. He is warm-hearted and provides us a nice apartment. He offered us free and nice breakfast and free laundry service. He arranged us a nice nile cruise dinner with reasonable price. I would like to highly recommend his property. You should not miss it!,0.43703703703703706,Positive
1388701191802240736,,"great pyramids views, little markets and souvenir shop close. good location for seeing the sites Albert was very helpful. he also arranged transportation for us. 1 bedroom but there is a bed in living room area.",0.378125,Positive
1388701191802240736,,"perfect host Albert he helps us alot for all our questions and advices and thanks for all its really unbelivable service and  pyramids view , cleanliness was good , jaccuzi was awesome on the pyramids view   , we like our stay , thanks for all Albert , highly recomended for all guests",0.4942857142857143,Positive
1388701191802240736,,"Fantastic and quick communication anytime we needed him for not only the rental, but for any other questions we had while we were out and about! Incredible host, arranged all of our rides from airport transfer to full day tours to the best spots. Fully customizable. I would not do Egypt any other way than to have a local with you. And I must say again, amazing host. Thank you Albert and his team.",0.3302083333333333,Positive
1388701191802240736,,Great place to stay with a clear and beautiful view of the Pyramids of Giza very suitable if you want to visit the Pyramids early in the morning before the rush and traffic only a 5 minute drive to the main gate The host was very responsive and flexible with check in - check out Anything you need don’t be afraid to send himA message his English is great,0.2846969696969697,Positive
1388701191802240736,,"We loved the place - and most of all, Albert was such an amazing host. He’s so very kind - always responsive, and for our first day and visit to Egypt- he made it so safe and pleasant. The place is as described with lovely views of the pyramids. Comfortable and had all the amenities we needed. And add to that such a helpful host. We’ll be back again hope some day.",0.41361111111111115,Positive
1388701191802240736,,Albert was so helpful great view to pyramids nice apartment I really enjoyed my stay thank you Albert I I recommend everyone should stay here Egypt very safe country and nice people,0.63,Positive
1388701191802240736,,"Not only was the Airbnb situated within close proximity of the pyramids where we aimed to be, the view from the moment you step into the Airbnb was jaw-dropping  and the immediate accommodation Albert provided made our stay more worthwhile. He helped us plan our itinerary the way we wanted from A -Z. We were a bit hesitant coming to Egypt following the war situation, but Albert and reading up on many comments from locals and other travelers on social media ensured that Egypt is safe. My husband, 3 children, and myself felt safe. You’ll be in good hands under the care of Albert and his driver Mohammed.",0.31083333333333335,Positive
1388701191802240736,,"First of all let me start by saying Egypt is super safe.Not only in the general sense, for tourists (and locals alike). But also in this current situation taking place in the Middle-East. Egypt is like an oasis, untouched and the life is very good here. The apartment is in a great location (when you prefer to be close by the pyramids and with that view, but want to avoid staying in the commercial tourist hotels near the entrance of the pyramid complex). It’s an amazing space with a good energy, and a calmness to it. I hoped to extend my stay but was booked after me. Albert is a great caring host, extremely responsive and proactive in communication. And very service oriented. If the place is free: book it!",0.30114583333333333,Positive
1388701191802240736,,"Staying at Albert’s place in Cairo was an absolute pleasure. His hospitality truly went above and beyond anything we expected. From the moment we arrived, Albert made us feel welcomed and taken care of.He generously offered free taxi rides, a complimentary breakfast, and was always checking in to make sure we were safe and comfortable during our trips around the city. It was incredibly reassuring knowing he was always looking out for us and ready to help with anything we needed.Albert’s kindness, attentiveness, and genuine care made our stay in Cairo even more special. I couldn’t recommend him or his place more highly an amazing host and an unforgettable experience.",0.4035714285714285,Positive
1388701191802240736,,"Albert is a very generous and helpful host. He allowed me to have an early check-in in the morning, which I really appreciated. The pyramid view directly from the room was truly memorable and made my stay extra special. He even gave me a free breakfast while enjoying that amazing view.Albert also helped arrange affordable transportation for a one-day tour and provided a reasonably priced airport transfer late at night. When my flight was suddenly cancelled at the last minute, he was incredibly understanding and allowed me to stay in the same apartment without having to check out and move to another place. His kindness, flexibility, and hospitality made my stay completely stress-free. Highly recommended!",0.22539682539682543,Positive
1388701191802240736,,"All excellent, very clean place with an amazing view of the Pyramids. Albert at all times attentive, friendly and concerned about every detail, always willing to help and helped me a lot in my stay in Egypt, I will definitely return. Highly recommended",0.4077083333333334,Positive
1388701191802240736,,"The apartment was spacious, comfortable, and very clean, with an amazing view of the pyramids. Albert was an excellent host—very welcoming, kind, and attentive. He even drove us to the GEM Museum and took care to check on our flight, which meant a lot to us. One day we would love to return and stay with Albert again, as our stay was too short and we were too tired to see everything we wanted. We highly recommend staying a bit longer if you want to explore properly, as there is so much to see and visit.",0.3280555555555556,Positive
1388701191802240736,,"Albert is super responsive, and was very helpful throughout the whole stay. The place is amazing! A gem!! Seriously. I love the views, the bathtub, and how close is to everything touristic in Giza. Thanks so much Albert!!!",0.40342261904761906,Positive
1388701191802240736,,"This place is just another level, never been into such a nice appartment with stunning view like this. And you have a hot thub right at the window, like wow! Might be the best place I have ever stayed, because Albert(owner) made it so stress-free. He is there for you at any time ready to help you with everything. In a walkable distance from appartment he has a hotel, so hes right in touch. Deffo the best host I have ever met. Albert is the man!",0.4246428571428572,Positive
1388701191802240736,,"Albert is a brilliant host, a real gentleman man, he looked after us and helped us a lot during our stay, and he was always responsive, I’ll definitely come back again for the view and the amazing hospitality.",0.34,Positive
1388701191802240736,,"Albert was an absolute amazing host. He provided transportation from the airport and took me to get breakfast before checking in. He went above and beyond as a host to really take hospitality to a level I have yet to experience while booking with Airbnb. I highly recommend booking with Albert. The view of the pyramids is stunning and breathtaking. The accommodations were perfect and the location is great if you want to explore the pyramids. There are some great local food areas around. As a solo traveler I felt safe and everyone in the area was welcoming. Dont hesitate to book, it's worth it.",0.46615384615384614,Positive
1388701191802240736,,ALBERT THE HOST WAS GREAT. Me and my mom had a great stay. Albert was very responsive in our needs. He also provided us  an airport pick up and drop off. I recommend Albert to anyone staying in Giza! You won’t be disappointed! You also get a great view of the pyramids and the Sphinx . Also Albert provides tours to anyone who needs! The place is also close to shops and restaurants there is also a barbershop next door! I recommend Albert’s apartment I promise you won’t be disappointed! Thank you Albert!:),0.1765625,Positive
1587737008553153745,,"Kariem is an amazing host. We had some initial hurdles with the room, but he went above and beyond and upgraded our room right away. It’s clean, well maintained and the view is absolutely stunning. The location is easy to reach by most transportation in Giza. Kariem and his staff are always available and it was always easy to receive help from them",0.3519047619047619,Positive
1587737008553153745,,The room was beautiful، exactly like the picturesAnd Kareem was very attentive.. always there and even went out of his way to provide us with a charger for our phones...whatever we need he's there to help from the moment of arrival ...,0.385,Positive
1587737008553153745,,"Kareem, thank you very much for your sincere hospitality, helpful recommendations and excellent breakfasts. I enjoyed every minute of my stay. Your apartment is really nice, clean and has excellent view of the pyramids. Therefore, it worths staying there as long as possible.",0.4640740740740741,Positive
1587737008553153745,,Karim is a great host took the extra mile to make sure everything went smooth and we arrive safely and even followed up with us The place is tidy very well maintained with a nice jacuzzi  A bit crowded neighbourhood for my preference but otherwise great place and everything was within a short walking distance,0.44000000000000006,Positive
1587737008553153745,,Kariem is super responsive and ready to help if needed. Great location and pictures match the place!,0.5111111111111111,Positive
1587737008553153745,,I’ve stay this place and its so amazing and beautiful and very comfortable with a nice view the host karem was very accomodating and friendly highly recommended,0.47214285714285725,Positive
1587737008553153745,,"Kariem is a very good host, hands on, great sense of humour and always willing to assist.One of a kind",0.64,Positive
1587737008553153745,,"It's a small hotel with several rooms; ours had a view of the pyramids, enhanced by the XXL window.The bed is also XXL and very comfortable. The bathtub is the cherry on top.The welcome was excellent; we felt very comfortable from start to finish.There are quite a few rooftop restaurants in the area where you can enjoy the view of the pyramids.a moment out of time.Thanks",0.34875,Positive
1587737008553153745,,"Abdullaah1 month on AirbnbRating, 5 stars,  · Today,  · Stayed one nightGreat staff clean place",0.3666666666666667,Positive
1587737008553153745,,"Kariem took very good care of us. In fact, we checked in early because of the flight, and she was very helpful with that. It was close to the places you wanted to go (especially the Giza Pyramids). In terms of value for money, it was a very convenient place, but for those who might want to book it, just so you know, there were wiping marks on the windows, so they had been cleaned, but I think that's a very negative factor that detracts from the view. Other than that, the windows didn't close completely; they were ajar, and on days when there was a dust storm, dust could get into the house. Also, one of the chairs is broken and hasn't been taken care of.",0.0661111111111111,Neutral
1587737008553153745,,"View of the pyramids – priceless! Every morning, I would wake up and couldn’t believe they were so close! And we specifically wanted to be close to Giza and GEM – it's about a 20-minute walk, or 3–4 minutes by Uber – perfect!!!The room is very clean, the bed is comfortable, HOT WATER is available without restrictions, plus daily housekeeping and breakfast delivered to the room—we didn't need anything else. Kariem is a great host – he responds to messages quickly and is helpful when needed; he also arranged an airport transfer for us and welcomed us in person (despite the late hour). The area is safe, and there is an ATM, a supermarket, fruit stalls, and a few small restaurants nearby. The only drawback is the noise at night – which is probably a problem for most hotels. Cairo is a big city that never sleeps, so I recommend earplugs for the night ;-). Kariem, thank you so much for your hospitality!!!",0.2676838235294118,Positive
1587737008553153745,,The host was caring and friendly. She was quick to respond to our questions. The room was spotless and the pyramid view was as advertised. Breakfast was rich and satisfying.,0.3958333333333333,Positive
1587737008553153745,,"Belkhir2 years on AirbnbRating, 5 stars,  · 4 weeks ago,  · Stayed a few nightsTop-notchTranslated  Show original",0.0875,Neutral
1587737008553153745,,"Very cooperative, respectful and very, very, very helpful",0.32,Positive
1623567061307030021,,"Amazing hospitality!! Owner was very responsive and gave fast replies too. It’s our second stay here and we’re loving it even more <3 super clean & comfy, great for a long stay. highly recommended !!",0.42812500000000003,Positive
1623567061307030021,,"I had a wonderful stay at Livana Homes. The apartment was exceptionally clean, beautifully designed, and very comfortable. Everything looked exactly like the photos — even better in person.The hosts were incredibly helpful, responsive, and always ready to assist with anything I needed. The check-in process was smooth and the whole experience felt very professional.Honestly, this is one of the best apartments I’ve booked through the app. I highly recommend it to anyone visiting Cairo, and I would definitely love to stay here again.",0.5033333333333334,Positive
1623567061307030021,,"⭐⭐⭐⭐⭐ An absolute gem in Nasr City – stunning design & flawless serviceI stayed at Lavana Home for 3 nights, and I’m genuinely amazed. The flat design is nothing short of exceptional – every detail feels thoughtfully curated, combining style, comfort, and functionality. It made my stay feel luxurious and relaxing.But what truly set this experience apart was the outstanding customer service. The team was responsive, warm, and went above and beyond to ensure everything was perfect. From check-in to check-out, I felt genuinely cared for.If you’re looking for a beautiful, well-managed place to stay in Nasr City, look no further. I’ll definitely be back. Thank you, Lavana Home!",0.40572916666666664,Positive
1623567061307030021,,"Everything was perfect, very clean appartement, it’s more beautiful in person than in pictures and the host was very helpful. I will come back if I return to Cairo !",0.5044444444444445,Positive
1623567061307030021,,The place was very clean & the host was very responsive & helpful,0.3383333333333334,Positive
1623567061307030021,,"Everything at the stay was stunning, will surely come back again, thanks",0.3,Positive
1623567061307030021,,It was a great experience to stay here,0.8,Positive
1623567061307030021,,"The apartment was very nice. Beautifully decorated. Everything matched 🪄Everything was just right: coffee, tea, various chocolates/snacks, a bottle of water, toilet paper, paper towels, and garbage bags.The kitchen had everything you needed to cook, including a blender, which was important for me.There was one thing that was a downside, and that was the noise from outside. So for me, it was difficult to get any sleep. Barking and dogs yapping.But I'm a light sleeper, and no one else has complained about this.Livana always responded super quickly and was always friendly and positive in all her messages. Also arranged a private driver to the airport at short notice ✈️Thank you so much, Livana, for the fantastic service 😊 🙏 🪷 🍀 🌟 ❤️",0.20840668590668587,Positive
1623567061307030021,,"It's a great apartment, clean and big",0.3888888888888889,Positive
1598677226571552739,,"Tarek was a wonderful host! We flew in at 4am and he made sure someone was there to meet us and take us to our room. He provided local recommendations and even helped us book one for a very fair price. The room feels new and clean, and the view from the room is unbeatable! There’s a little general grocery store in the bottom of the building too which was convenient. Would highly recommend his place!",0.3407996632996633,Positive
1598677226571552739,,Tarek was an amazing host. He helped me from checking in to checking out. Always made sure I was okay and made me feel very comfortable. He constantly gave me recommendations and was always responsive. The place was exactly as described and looked even better In person. He even helped me get around and gave me local recommendations. Loved this place.,0.3966666666666667,Positive
1598677226571552739,,"Amr was a great host! Very friendly, helpful, and easy to communicate with. The apartment is beautiful, modern, and very clean. I felt comfortable right away.He always made sure everything was okay and even brought me cookies, which was really kind. He also helped me with my luggage and was always there if I had questions.The view is amazing, having a direct view of the pyramids is really special and made the stay unforgettable.The location is very convenient too, with a supermarket and an ATM right downstairs.I would definitely stay here again and highly recommend it!",0.4153373015873016,Positive
1598677226571552739,,This is an excellent location and inside is clean with everything you need. Make sure that you clarify what currency you're being charged for extras like guides and drivers or it might be more than the cost of your stay..,0.5916666666666667,Positive
1598677226571552739,,I had a great stay! The apartment looked exactly like the pictures and the view of the pyramids was incredible. The jacuzzi was amazing and everything was clean and comfortable. The host was super kind and helpful. I would definitely recommend this place! 😍💕🫶🏻,0.49444444444444446,Positive
1598677226571552739,,"It was amazing, everything was more than ok, host was super responsive, always helped, he came to greet us right when we came by taxi and also made sure we left in a taxi as well. Nothing I could complain about. Exceptional service, we even received extra bottled water and fruits. What more can you ask for?",0.38857142857142857,Positive
1598677226571552739,,"Had to book this place TWICE.  Nothing but positive feedback,  impeccable view. Easy to grab uber, and fairly close to mostly everything. Would definitely recommend this place. Five stars.",0.43510101010101004,Positive
1598677226571552739,,"This place was the most amazing stay I’ve ever had. The owners were the most hospitable people I have ever met, super kind and giving. I absolutely loved it and intend to come back someday.",0.46190476190476193,Positive
1598677226571552739,,"This stay was truly beyond expectations and one of the most memorable experiences of my entire trip to Egypt.The host was incredibly kind, patient, and attentive. He waited for me and personally helped me check in, making the arrival process smooth and stress-free. Throughout my stay, he was always responsive and ready to help with anything I needed. His warm attitude and genuine care made me feel very welcomed and safe, which is something I truly appreciated as a traveler.The apartment itself is absolutely stunning, but the highlight is without doubt the view. The window offers a real, unobstructed view of the Pyramids, which feels almost unreal. Waking up and seeing the pyramids right in front of you is an experience that cannot be described properly with words or photos. It honestly feels like a one-of-a-kind location next to the Pyramids, something truly rare and special.",0.311038961038961,Positive
1598677226571552739,,"WOW✨ This Air BNB has been my best stay by far. Waking up to such a breathtaking view made my heart melt. This place is so pristine & very aesthetically pleasurable. Super clean. My host, Tarek made sure that I felt right at home during my stay. I was surprised with a birthday cake, and that really made my day. There was plenty of complimentary water for us to drink. Tarek was available as an amazing resource for whatever we needed during our stay in Giza. I booked two apartments that are located next door to each other, and both are equally as wonderful. I traveled with a friend but wanted my own space and privacy, this was PERFECT. We both felt safe and comfortable our entire stay in Egypt. I highly recommend you book this Air BNB. You won’t be disappointed. 10/10",0.3404464285714286,Positive
1598677226571552739,,"Our stay at Tarek’s went perfectly. When we arrived late, Tarek was waiting for us. He is a very friendly and warm host! As far as the accommodation is concerned, it was perfect. An incredible suite with a view of the pyramids. We 100% recommend staying at Tarek's place. We will be back the next time we visit Cairo! Thanks again, Tarek, for the nice welcome. See you soon. Océane and Kévin",0.4614583333333333,Positive
1598677226571552739,,"If you're staying in Giza, stay here.It was a beautiful place to stay, just as it looked in the pictures ✨I can't believe I can enjoy such a dynamic view of the pyramids while soaking in the hot tub. 😚I thought it was a really thoughtful touch that they provided slippers and amenities.The host was also very kind and courteous. 😊I was very disappointed that I only stayed for one day, and I wish I could have stayed here longer (＞＜)Thank you for a wonderful time.✨",0.3004545454545454,Positive
1598677226571552739,,"They carried my suitcase for me at check-in and looked for a driver for me at check-out—it was a huge help!Thank you, Tarek!Also, it turned out that the room wasn't booked, so the host gave us the wonderful option to “choose the room we liked,” and we chose a room with a great view and a large Jacuzzi, which we were very happy with.There is an ATM right next door, and there is a supermarket with proper price tags, so we bought snacks and beverages there.There were also many local eateries within walking distance, and we enjoyed delicious local food.No inconvenience at all.The pyramids are also very close by.Recommended.",0.43333333333333335,Positive
1598677226571552739,,"Great place, stunning view, amazing hosts! 10/10",0.6833333333333335,Positive
1598677226571552739,,Great host my brother for life I’ll be back fashooo,0.4,Positive
1598677226571552739,,"1000% recommended!!! The views are amazing, the studio apartment has all kinds of amenities, the location is perfect, and the service is unbeatable. Thank you so much, Tarek, for the warm welcome—you were the ultimate host.",0.48,Positive
1598677226571552739,,"We had an absolutely perfect stay at this place. Everything was impeccable, comfortable, and exactly as described, if not even better.A huge thank you to the hosts, who were incredibly helpful, considerate, and always available. They really made a difference and helped make our stay even more enjoyable.Thanks to them, our experience was simply magnificent. We recommend this listing without a second thought and will be happy to come back!",0.5076923076923077,Positive
1598677226571552739,,"Wonderful accommodation with views of the pyramids. An extraordinary welcome, thank you Farouk. We recommend this property in Cairo for the view, the spa, the location, the great hospitality and the accommodation equipment.",0.7333333333333334,Positive
1598677226571552739,,"Loved this place. From the first moment they always responded super fast and were very attentive to me. I arrived at 4am for check-in and they were still waiting for me to arrive, which I appreciated very much.They helped me with transportation and gave me very good recommendations for places nearby. The views are simply dreamy and the space is just as shown in the photos.In addition, they were kind enough to allow me to leave my luggage a while later, which made my trip much more comfortable.I would definitely stay here again. I totally recommend it",0.2942222222222223,Positive
1598677226571552739,,"The suite is great. All remodeled, amazing view. Building with elevator in a busy neighborhood with locals, but we always felt safe and people were friendly. Supermarket right at the bottom of the building and typical bread in the wood oven coming out hot several times a day.Tarek was a wonderful host. Very available, concerned, always present and hospitable, concerned about us and making sure everything went perfectly. Easy to call Uber to the door of the building or to find a taxi on the main street that is very close. I recommend it!",0.3508779761904762,Positive
1598677226571552739,,"Amir always attentive, the place is like the pictures. I recommend everyone to visit these places, there are several of them. Great, thank you again and see you soon.⭐️⭐️⭐️⭐️⭐️",0.4000000000000001,Positive
1598677226571552739,,"There's not much more I can add beyond offering Tarek my heartfelt thanks.For you, traveler, who are reading these reviews to make up your mind, this is the place. Not only because of the room and the views, which are even better than the photos, but also because of Tarek's excellent service. You never lack anything; he is constantly attentive and provides you with everything you might need, whether inside the property or outside (affordable shuttle service, contacts, etc.).Without a doubt, when I return to Cairo, this will be my choice again.Thank you, my friend, for everything. See you soon, and when you come to Spain, you know where your home is.Warm embrace!",0.2357142857142857,Positive
1598677226571552739,,Beautiful apartment!!! Even more beautiful in real life with an amazing view of the pyramids!Amir was really excellent hospitality and very responsive when we needed him.we recommend this listing Thanks again for everything👍,0.5687500000000001,Positive
1598677226571552739,,"I couldn't have asked for a better stay in Giza! The place was amazing!!! I can tell you that I spent a long time comparing different places on Airbnb before choosing this one, and I have no regrets! It's truly just like the photos (I was wondering if the photos were zoomed in on the pyramids, but no!! You can really see them that close!). Tarek was super responsive throughout the stay, super friendly, and really helped us out whenever he could: an outstanding host.  In addition, the accommodation was truly very clean and very well-equipped. There are even earplugs for the street noise, which, by the way, didn't prevent us from sleeping. In short, if you want a luxury place to stay with an amazing view of the pyramids, go for it!",0.31193684895833335,Positive
1292757177520220344,,"Beautiful room overlooking the pyramids! We stayed for one night and had a very comfortable stay! Dawood and his team were always available over messages, in case of any queries. They even arranged a private car for us to visit a few places we had planned around Giza! Would definitely recommend if in this part of the city!",0.3,Positive
1292757177520220344,,"Wow! We loved staying with dawoodand crew! The shower and bathroom were great, the sheets were thick cotton and the water was hot! Zeko made us beautiful breakfast and brought us to ride ATVs in the desert at sunset, and Ahmed took great care of us to make sure we had everything we needed without a hassle. Thank you, thank you for making our trip so wonderful! You have set the standard very high for all other places!",0.4178541666666667,Positive
1292757177520220344,,"Such a beautiful stay. The space was cozy, aesthetic, and perfect for relaxing after exploring. Everything was as pictured, and the host made the experience even better. Easily one of the most memorable places I’ve stayed.",0.44791666666666663,Positive
1292757177520220344,,"Everything was fine - me and dawood had some miscommunication during the stay and the tours they offered us and be aware for extra charge if you said yes to the offers they give you - this was never told before we had to pay a lot more than agreed ..The staff at the apartment was so helpful and sweet - only because of this 3-4 guys during the stay, i would give this a try again",0.23095238095238096,Positive
1292757177520220344,,Dawood’s property was in a convenient location and a great view of the pyramids from our room and on the rooftop. Host was very responsive and helpful when asking for directions and when we had any other queries. The studio was clean and matched exactly as advertised. Highly recommend!,0.28194444444444444,Positive
1292757177520220344,,"We had such an amazing time in this Airbnb, my partner and i enjoyed every bit of it. The staff were so friendly and welcoming, we felt safe and at home. We bonded with Hazem who was an absolute pleasure to meet, we had a great chat at a local café and it really made our trip memorable and we will definitely come back and rebook the same Airbnb. 100% recommend this place and thank you to Hazem for your kindness and service aswell as the whole team who were so nice :)",0.31093750000000003,Positive
1292757177520220344,,"We had a great stay and really enjoyed our time here. The place was clean, comfortable, and exactly as described. The location was convenient, and everything we needed was provided. The host was very flexible with the check-in time, which we really appreciated since we landed late at night. Also the breakfast was really good.",0.3462962962962963,Positive
1292757177520220344,,"We loved our stay here! The photos truly don’t lie, you’re welcomed with an incredible view of the pyramids as soon as you walk in. The beds were comfortable, and having a kitchen and fridge was very convenient. You can hear street noise and traffic at night, but we used a white noise machine and slept just fine. All of the hosts were extremely kind and responsive throughout our stay!",0.5059523809523809,Positive
1292757177520220344,,"The place was as described. We had a very amazing and memorable stay. The breakfast at the rooftop is something I will never forget about. Everyone is extremely helpful, they helped us with hotel pickup, and even drop off. I also booked tours through Belal, and it was great. Shahd and Wessal were the best tour guides for the tours we did.",0.591,Positive
1292757177520220344,,"This is my 2nd stay with Eterna and the experience has been just amazing, not only the place is perfect and even better than in the photos… what’s most amazing about this place is the human factor… a group of great boys making everything they can to make you feel like at home… Specially I’d love to mention ADAM who is the best host and becomes your friend and family! Thank you guys Egypt is great and you make it even better!!! Recommended 100% !",0.5615384615384615,Positive
1292757177520220344,,"We loved our stay here.  You're on the 8th floor and have gorgeous views of the pyramids and the area around them. The room was as promised and as the photos showed. Plenty of hot water for the bathtub where you can enjoy a soak with a view  after a day of walking around the pyramids, which are a quick 10 minute walk away.Highly recommended.",0.4766666666666667,Positive
1292757177520220344,,"We had a great time at Dawood’s place ! The apartment is lovely and stylish and looks just like the photos! The view of the pyramids is even better than the photos ! Our hosts were very helpful, organising airport transfers for us and making breakfast in the morning ! They even offered to book pyramids tours and other activities for us. I would definitely recommend staying here",0.4107142857142857,Positive
1292757177520220344,,"Excellent stay in this apartment located opposite the Pyramids. The highlight is the view of the pyramids, which can be admired both from the room and from the terrace where breakfast is served and, on request, lunch or dinner. The room is clean and comfortable, even if not too large.Everything is managed by the owner, who is responsive in organizing tours that live up to expectations, and by young people on site who are available for any eventuality. It's not like staying in a hotel, but I would definitely recommend it to young people.",0.2781144781144781,Positive
1292757177520220344,,"The staff were unbelievably friendly and helpful. Anything that you needed they would get it for you. The room and rooftop views of the pyramids is breathtaking, something I’ll never forget.",0.6875,Positive
1292757177520220344,,"Everything was exactly as we expected. The apartment is clean and nice, the host is super responsive, not to mention the view... Mind the neighborhood though, there are too many beggars and scammers plus the streets are dirtier than in Cairo.",0.33999999999999997,Positive
1292757177520220344,,Stunning view of the pyramids and very clean place. The host was very welcoming and communicative whenever we needed something. Would definitely recommend to our family and friends,0.2941666666666667,Positive
1292757177520220344,,"If you come to Egypt and would like to have the best best scenery of Giza Pyamids, don't miss out this place!!The room is good, the scenery is crazy, host and staff are crazy friendly and supportive!I've asked the staff to help me buy a cake to surprise my husband for his birthday but they did something beyond expectation and also surprised me! They not only buy me a cake but help prepare the rooftop for celebration with free of charge!Best place ever you never got scammed for this place and always got the good support from everyone!Highly recommended!!!!!",0.33999999999999997,Positive
1292757177520220344,,Exactly like the pictures! 10 minute walk to the pyramids and some lovely restaurants in the area. The bed was really comfortable and the bath with the view on the pyramids was amazing. Hosts were all very friendly and breakfast was a nice addition. We would recommend this!,0.5083333333333333,Positive
1292757177520220344,,"Beautiful view on Giza Pyramids from the room. Great roof terrace for breakfast. All the staff people were very helpful. The only flaw of the place was extreme noise from the street, but you can not avoid it when in Giza I guess. Would recommend!",0.33875,Positive
1292757177520220344,,"Despite hearing vividly the outside noise from my bed, I was very pleased by the services, the staff and especially the roof access. I liked how the roof was public and not justly a restaurant with reserved seats",0.22916666666666666,Positive
1292757177520220344,,"This was an unforgetable stay with an exquisite view of the Great Pyramids and Sphinx of Giza!The building is the highest on the street and the room is on the penthouse, therefore it is high above the busy, noisy streets. The stay includes free breakfast in the mornings on the rooftop with a great opportunity to enjoy the incredible view of the desert and the Pyramids...Also, there's a really friendly priced room service for lunch or dinner.Moreover, the place is only about a 15 minute walk to the Sphinx and the entrance to the Pyramids.This was an unforgettable experience and definitely would stay again if ever came back to Cairo! ⭐️⭐️⭐️⭐️⭐️",0.4096428571428571,Positive
1292757177520220344,,"I had such an amazing stay! The staff went above and beyond to make sure everything was perfect, they were incredibly friendly, helpful, and welcoming. The views were absolutely breathtaking, especially at sunrise and sunset. Breakfast was one of the highlights, delicious, and beautifully presented every morning on the rooftop. I couldn’t have asked for a better experience. Highly recommend this place to anyone looking for a memorable stay!",0.52,Positive
1292757177520220344,,We had a lovely stay at this Airbnb/hotel. The employees were very kind & helpful. They arranged for transportation and tours for us to explore Giza & were very accommodating with check-in / check-out timing. We arrived at the hotel in the morning & they served us breakfast even though our check-in wasn’t until later that day. The views from the rooftop were wonderful.,0.496,Positive
1292757177520220344,,Loved our stay. Beautiful view and close to the GEM museum and pyramids. AC was incredibly nice and cold. Shower heated up right away with good pressure. Host was very responsive and helped us arrange transport to the airport. We would definitely stay here again. Bed was super comfy and there were black out curtains.,0.2902380952380953,Positive
1559429248654893625,,We stayed at Marwan’s for one night because we needed a place near the airport. The apartment matches the description as well as the pictures and well located in terms of the airport’s adjacency.Marwan himself has been very understanding and reactive to our messages and/or questions.A very much recommended place and host.,0.18666666666666668,Positive
1559429248654893625,,"Washington, District of Columbia",0.0,Neutral
1559429248654893625,,"During my stay in Egypt, I stayed in three different accommodations. The first two were very good, but this one is truly exceptional. It is even more beautiful than in the photos, very clean, and extremely welcoming just like the hosts, Marwen and Mohamed. I especially appreciated the location, in a very quiet neighborhood, which is not easy to find in Cairo.",0.3374242424242424,Positive
1559429248654893625,,"This is the most beautiful place I have ever stayed in Egypt. The room is clean and tidy, and it is fully equipped with everything you could possibly need, even a hair dryer!! It's a pity that we only stayed for one night. The landlord is very friendly and helpful, and replies to messages very quickly. I'm really sorry to have kept them waiting for us so long at night. If I come to Egypt again, I will definitely choose to stay here.",0.19583333333333333,Positive
1559429248654893625,,im bummed we only got a few hours here. the house was absolutely stunning. loved the peace and quiet yet convenience of being close to the airport for our early morning flight. the host was so helpful ☺️,0.18333333333333335,Positive
1559429248654893625,,"Very friendly and responsive host. Very calm and quiet area and, some good restaurants are walkable distance.",0.39437500000000003,Positive
1559429248654893625,,"I really enjoyed my stay in the apartment. It is big, clean and in quieter neighborhood, which is very well connected to the Metro.",0.26666666666666666,Positive
1559429248654893625,,Stayed at this place few times so far and it's become one of my favorite spots. Definitely recommend and will stay there again.,0.1,Neutral
1559429248654893625,,Good spot to rest for the night while passing through Cairo. The apartment was clean and nice.,0.5555555555555555,Positive
1559429248654893625,,The check in process is smooth and clear. We manage to got what we requested for and got a solution just in a very short time.,0.16666666666666666,Positive
1559429248654893625,,Marwan and Mohammed were great hosts and quick to respond. Their place served as a good base to discover Cairo to its fullest.,0.2583333333333333,Positive
1559429248654893625,,"i enjoyed every bit of it ,Thankyou for your hospitality,🙏🏽",0.5,Positive
1559429248654893625,,"Everything was perfect , super, clean , high value for money, highly recommend, will back again 😁",0.33666666666666667,Positive
1559429248654893625,,Beautiful property and responsible host. Recommend,0.525,Positive
1559429248654893625,,"SumikoTateyama, JapanRating, 5 stars,  · February 2026,  · Stayed one nightA suite room at a hotelIt is a very spacious and clean room.I was able to relax and make myself at home.It's fully equipped and wonderful.Thank you!Translated  Show original",0.36041666666666666,Positive
1559429248654893625,,"We arrived at night, but the Host was still very welcoming and waiting for us and greeted us to the room.The house is very large and very clean, the surrounding environment is convenient, we are very satisfied.",0.40130952380952384,Positive
1559429248654893625,,"The home was incredible, nice environment, great place",0.7666666666666666,Positive
1559429248654893625,,Thank you Mr Marwan really really fantastic flat and I’m very happy thank you,0.4583333333333333,Positive
1559429248654893625,,"Mazen3 years on AirbnbRating, 5 stars,  · 5 days ago,  · Stayed a few nightsBest stay❤️",-0.2,Negative
1559429248654893625,,"A very nice and very spacious apartment. I was amazed by all it has to offer. I was only able to stay one night, but I would have liked to stay more days. It's very convenient if you want to be close to the airport.",0.3971428571428572,Positive
1559429248654893625,,"Atif1 year on AirbnbRating, 5 stars,  · 3 weeks ago,  · Stayed a few nightsThanks 😊",-0.2,Negative
1559429248654893625,,"AhmadLusail, QatarRating, 5 stars,  · 3 weeks ago,  · Stayed one night.",0.0,Neutral
1559429248654893625,,"ArthurMontreal, CanadaRating, 5 stars,  · 3 weeks ago,  · Stayed one nighteverything was perfect",1.0,Positive
1559429248654893625,,"ZahraAtlanta, GeorgiaRating, 5 stars,  · March 2026,  · Stayed a few nightsRecommend..",-0.2,Negative
1605981262332320587,,"Spectacular, amazing view ! Unique design in the apartment. Jacuzzi Feeling in front of the Great Pyramids - every guest feels like a real Hollywood superstar ! The owner is very helpful and kind ! I can only recommend this apartment !",0.46562500000000007,Positive
1605981262332320587,,Amazing! The place was in a perfect location for exploring and for the views. Clean and well maintained. The host is helpful and couldn't do enough for us. Hope to visit again,0.5291666666666667,Positive
1605981262332320587,,"⭐️⭐️⭐️⭐️⭐️ absolutely unreal stayThis place was hands down one of the coolest Airbnbs I’ve ever stayed in my life waking up to a direct view of the pyramids? Insane,, It honestly didn’t feel real. Sitting in the jacuzzi at night with the pyramids lit up in the background was such a surreal experience!!!The host was beyond kind and welcoming super responsive, helpful with recommendations, and just genuinely a great person😛 You can tell they really care about their guests having a great stay.The place itself was clean, comfortable, and had everything we needed. The vibe was perfect  relaxing but also unforgettable.If you’re visiting Giza, don’t even think twice book this place! 10/10 would stay again",0.2934027777777778,Positive
1605981262332320587,,"This place is not worth $130 USD per night. If you’re looking for pyramid views, you’re better off booking a hotel or visiting a rooftop instead.There were no basic amenities provided, at this price point, at least hand towels or shampoo should be included. More concerning, we found bed bugs. My friend and I couldn’t sleep and were worried about getting bitten.The floors were very dirty, with dust everywhere. It seemed like only the sheets were changed between guests.The only positive experience was with Salih, who kindly helped us with our bags and assisted in dealing with a taxi driver who was trying to overcharge us.While the view is beautiful, the property urgently needs better cleaning and maintenance. Also, the exact location was only sent a few hours before arrival, and we couldn’t find it on Google Maps, which made check-in stressful.",0.13315151515151516,Positive
1605981262332320587,,amr was so communicative and friendly and made us feel very comfortable,0.4475,Positive
1605981262332320587,,"Everything was fantastic; even more beautiful in person; large, spacious, always hot water, the hot tub was wonderful, friendly host who responded to messages immediately… He helped us with everything we needed, clear instructions for our arrival… The best accommodation, the best choice you can make for staying in Giza… amazing view… 💯💯💯🔝🔝🔝",0.5449404761904763,Positive
1605981262332320587,,"Ukashah5 years on AirbnbRating, 5 stars,  · 4 weeks ago,  · Stayed a few nightsGreat stay, Saleh was the best",0.4,Positive
1605981262332320587,,"MohamedLorain, OhioRating, 5 stars,  · 6 days ago,  · Stayed a few nightsGreat place.",-0.2,Negative
1605981262332320587,,"I’d like to thank the host again for the pleasant stay… The view is spectacular; I didn’t think it would be 100% like the photos, but it really is… He was extremely responsive; as soon as I wrote, he would immediately reply to help me with anything. Thank you again! It’s worth it.",0.3354166666666667,Positive
1605981262332320587,,"The accommodation is exactly as described and shown in the photos, with exceptional views of the pyramids.The decor is very original and adds a special charm to the place, making for a unique experience.The host was very accommodating and responsive. We highly recommend it!Regarding the hot tub, please note that it takes a long time to heat up. So, we were only able to use it every other night, because it was impossible to heat it up in one evening.",0.18497252747252754,Positive
1605981262332320587,,"There were no slippers, no shampoo, etc., and no head towel. The bathroom mats were dirty.",-0.6,Negative
1605981262332320587,,Very nice and new place to stay. The views are phenomenal!!,0.5658712121212122,Positive
1605981262332320587,,"Amazing views, there was good communication, everything was fine, we would book again",0.5722222222222223,Positive
1305127222391813036,,"great value for the place, super stylish apartment and safe entrance. everything is as per the photos and the staff is kind and correct.if you are sensitive to noise, I would recommend earplugs, I put mine and it was fine.In Ramadan, there is nothing open to eat in the surroundings until the sunset, I tried Talabat but only drinks, so buy things to make your own breakfast",0.38148148148148153,Positive
1305127222391813036,,"I really enjoyed staying with Brassbell. The flat looked exactly like on the foto, was superclean and well sealed, which is crucial in winter in Cairo and as well given the fact that my flat was facing the street. Just two things which were not perfect: There were water cuts very frequently and the Wifi was quite weak and unstable. But besides that I totally recommend Brassbell for a stay in Cairo.",-0.0050000000000000044,Neutral
1305127222391813036,,"Really enjoyed our stay here! There’s an incredible Lebanese place less than a minute walk away from this Airbnb that my wife and I ate at several times! The front desk team are also awesome — one of the guys helped me communicate with a delivery service that only spoke Arabic, and they were able to help get my food delivered to me. Appreciate the team and all they do. I highly recommend this location for a stay if you are looking for a place in Cairo!",0.3822916666666667,Positive
1305127222391813036,,"I loved the place, it’s very cozy and it matched the pictures. It’s located in a historic area. The guy at the reception is very sweet, friendly and helpful. Overall, I’d visit this place again.",0.21166666666666667,Positive
1305127222391813036,,"Had a wonderful experience staying at the Brassbell Hannaux studio. Very centrally located, easy access to everything around. The room perfectly matched the description of the listing and was very well maintained and clean. Very professional staff. A 100% recommended stay.",0.4471428571428572,Positive
1305127222391813036,,"The homestay is in a great location, making it easy to explore the area. It was relatively quiet, which allowed for restful nights. The space was clean and well-maintained, adding to the comfort of our stay. While the host was decent, more interaction would have been appreciated. Overall, it offered good value for the price. The neighborhood felt safe and had basic amenities nearby. If you’re looking for a simple, no-fuss place to stay with a balance of convenience and tranquility, this is a solid choice. We enjoyed our time here and would consider returning.",0.2976190476190476,Positive
1305127222391813036,,"Excellent place- highly recommend! I came here from USA, place is well located, clean, host is responsive, staff speak very good English and very helpful with any questions, housekeeping available on site, everything was great!!!",0.5095833333333333,Positive
1305127222391813036,,"great stay. safe, clean, and good location. i’d like to thank the incredible staff at housekeeping (nour abd el menam, fatima, seham, and islam) and reception (omar el gebaly)",0.6533333333333333,Positive
1305127222391813036,,"Great experience from start to finish. The host made check-in a breeze, and the overall hospitality was excellent. We especially appreciated Nora’s support; she was so nice and went out of her way to ensure everything was perfect. We would love to stay here again.",0.6142857142857144,Positive
1305127222391813036,,"Truly a lovely and beautiful place to stay, close to many local attractions. The staff were very friendly, check-in was lengthy after a long travel. Overall a modern and exciting stay that I’d highly recommend",0.29475000000000007,Positive
1305127222391813036,,"Good place. Easy to navigate. Friendly front desk staff. Prompt with responses on chat as well. View from window is not that great but you shouldn’t expect that anywhere in downtown, you get old city vibe. Rest all was great!",0.5680555555555556,Positive
1305127222391813036,,"Perfect Choice Near Tahrir Square—Brassbell, CairoTucked away near Tahrir Square in chaotic downtown Cairo, Brassbell is a wonderful surprise: a quiet, clean and peaceful spot right in the heart of the action. It truly combines the best of a prime central location with a calm, comfortable vibe.The location couldn’t be more convenient. It’s just a 5-minute walk to the old Egyptian Museum, surrounded by popular restaurants and convenience stores. Dining out and picking up daily supplies is extremely easy. If you prefer to stay in, food delivery can be sent straight to your door.Located right on the main road, the property has an elevator and offers 24-hour luggage storage, which is incredibly practical for anyone with heavy luggage or taking taxis.The rooms are impressively well-equipped: washing machine, refrigerator, hair dryer, electric oven, induction cooker, fruit knife, plates and more. Everything you need for a comfortable stay is provided.In a busy city like Cairo, this plac",0.3567176870748299,Positive
1305127222391813036,,"The check-in process is very easy and straightforward. Mustafa, Fuad, and Aymen were very helpful with check-in and giving local recommendations Location is great",0.3876666666666667,Positive
1305127222391813036,,"The room was amazing, super clean and comfortable. I would definitely recommend it. Very central. Everything was great. Thank you very much ❤️",0.345,Positive
1305127222391813036,,Nice place in the downtown area and plenty of restaurants around. You can download the InDrive taxi app to go to your destinations at a fixed price.,0.35,Positive
1305127222391813036,,Awesome place! The host was super responsive and the location is perfect. The apartment itself is so well renovated and decorated - very cute - 10/10 recommend 🙌,0.7458333333333332,Positive
1305127222391813036,,"Great location with walkable routes to popular food, shopping, and public places as well as slightly hidden cultural centers.Rooms were just as stated. Old building but swanky contemporary interiors. When we checked in, we were provided a room with twin beds but upon realising the discrepancy, they were quick to resolve this issue for us. We got moved to the original booking specifications - another flat, right above.Very happy with the stay. Will look forward to staying with them again. In fact, found their other location in Alexandria and already soaking in their great hospitality there. :)",0.30293650793650795,Positive
1305127222391813036,,"So I love this place, perfect and close to everything. Management was amazing and communicating and they deserve a raise lol. Wifi wasn’t working while i was there and for some reason, they didn’t have hot water, which they informed me they were working in. but the weather was hot so that was ok. I didn’t need the wifi that much so didn’t care for it but if you need it, make sure to confirm it is working. I loved the place",0.53,Positive
1305127222391813036,,"28 Mahmoud Bassiouny, Ismailia, was where we stayed on our first day in Egypt. It's right next to Tahrir Square, in the heart of Cairo, with plenty of dining options and convenient transportation. The room was surprisingly clean and had basic amenities like air conditioning, as well as more basic amenities like a microwave, washing machine, and even a stovetop for cooking. It was a very comfortable stay.🥰🥰🥰",0.24029761904761904,Positive
1305127222391813036,,"We had a smooth and comfortable stay at Brassbell’s place in Ismailia. The location was ideal — just a short walk from the Egyptian Museum and close to shops and restaurants. The apartment was clean, quiet, and exactly as described. Communication with the Brassbell team was excellent — responsive, helpful, and professional throughout. Thank you for a great experience in Cairo!",0.4416666666666667,Positive
1305127222391813036,,"Great location, good food places. Ask main desk for ideas, they're helpful",0.5555555555555556,Positive
1305127222391813036,,The best place in egypt and high degree in hospitality i book one night then I extended to have more nice night,0.565,Positive
1305127222391813036,,"The room was very chic and in a great location for shopping, food, and heading over to Zamalek. Would stay here again!",0.6,Positive
1305127222391813036,,i had a very comfortable stay. the host was very responsive. easy access to the places in downtown,0.3844444444444444,Positive
1302962421028700813,,"The hotel was pretty run-down. Although it’s right next to the pyramids, the surrounding area was filthy and chaotic, with poor public safety. The interior décor was cheap and tacky — the bathroom had mold growing all over it, and the bed sheets and towels were disgustingly dirty, covered in stains and clearly not properly washed.​​​​​​​​​​​​​​​",-0.09603174603174604,Neutral
1302962421028700813,,"This is a wonderful place to visit for a getaway and to wake up to the sight of the pyramids every morning is extraordinary. It was my birthday and the hosts and staff made it so special. The tub was filled prior to my arrival, dinner was made, rose petals on the ground, balloons and swan folded towels on the bed, and a piece of chocolate cake to end the night. Thank you all for the lovely stay!!",0.4959608843537415,Positive
1302962421028700813,,Stunning room with incredible views of the pyramids from within the room or go up one level to the roof top. Location is fantastic. You can walk to enter the pyramids complex at the sphinx entrance (once inside there are free buses to take you round the complex) There are several cafes/restaurants within short walk of the accommodation. Would definitely stay here again. 😁,0.1727272727272727,Positive
1302962421028700813,,"The view was spectacular! Defiantly the best part of the Airbnb. The room looked like the pictured and was comfortable. The receptionist were welcoming and did their best to accommodate. However the WiFi wasn’t working, and the area is extremely noisy. If you can get your own reliable transportation at a fair price go with that route instead of following the listing. They were not punctual and caused a lot of confusion.",0.540625,Positive
1302962421028700813,,"We stayed one night on our way out of Egypt and it was perfect for a quick stop. The views of the Giza Pyramids are amazing, exactly what you hope for. Gabriel went above and beyond to make our stay enjoyable, was very friendly, welcomed us, and answered all our questions.Great spot if you’re just passing through and want those iconic views.",0.4588541666666667,Positive
1302962421028700813,,"Amazing place to stay, with an unforgettable view! Good breakfast, cozy room and friendly people working there :) the location works best for visiting the pyramids, but its no problem to get an uber to drive into Cairo to explore the city",0.5678571428571428,Positive
1302962421028700813,,"Abu Dhabi, United Arab Emirates",0.0,Neutral
1302962421028700813,,"The accommodation is extremely comfortable, with stunning views and an amazing jacuzzi — truly a great experience overall. Everything was perfect and very relaxing.On my last day I got sick, and Mohammed was incredibly kind and empathetic, helping me and making sure I felt better. His care really made a difference and made my stay even more special.Highly recommended!",0.37219387755102046,Positive
1302962421028700813,,My partner and I had a wonderful stay. The room was amazing and clean. We decided to treat ourselves with a pyramids view and it was definitely worth it. All of the personnel were kind and smiley. They even organized early breakfast for us since we needed to leave early one morning. We would book there again !,0.4416666666666667,Positive
1302962421028700813,,"We really enjoy are stay had a great time would stay agin forsure they have many food options,tours and things to do or if you just wanted to relax the Airbnb have a nice roof top",0.56,Positive
1302962421028700813,,"Spectacular stay at 3 Pyramids View Inn. The room, rooftop and location were all great and everyone was very friendly and helpful. Wouldn't have stayed anywhere else in the area - definitely recommend.",0.471875,Positive
1302962421028700813,,Place is very cute and right in front of Pyramids. View is beautiful!! Breathtaking!!The roof top was amazing and it has a heart to take pics and staff was super helpful and friendly. Mostafa was the best! The place is hard to locate but host is responsive and helpful. Neighborhood is very busy with shops and loud and doesn’t look the best but you just gotta ignore that. Pretty much everywhere in egypt you find nice hotels in “sketchy” neighborhoods. But we felt safe at all times.,0.4520238095238095,Positive
1302962421028700813,,"It is truly a wonderful place. The views of the Pyramids are incredible, and the location is just a 3-minute walk from the main entrance of the Giza Pyramids. The host is extremely kind and responsible; he genuinely cares about you, helped us so much, and gave us excellent recommendations. Breakfast with a direct view of the Pyramids is a unique experience. The place is spotless, and our stay was absolutely amazing. We are deeply grateful and extremely satisfied with him and his entire team.100% recommended.",0.431547619047619,Positive
1302962421028700813,,"We really enjoyed our stay!! The room looked exactly like the pictures. Small but unbeatable view of the pyramids, loved the bathtub and decor. A peaceful respite from the bustle and noise of the street. Only a short walk to the back entrance of the pyramids. The location is very busy and hard to find - would recommend reaching out in advance with your arrival time to the hotel so they can be ready to greet you and help you find the entrance. The breakfast is delicious and the staff very friendly and helpful. Thank you Mohamed, Mustafa, and Amr!",0.2599198717948718,Positive
1302962421028700813,,"The host was very kind and helpful to us when a maintenance issue occurred during our stay. The view of the pyramids is amazing and they will definitely look after you well, it’s just good to know that it can feel like quite an unsafe area and you will usually get a different person greeting you at the airport or the Airbnb. This is fine but I think we would have liked to have known this before we arrived. Sadly we had to wait for our taxi for 30 mins at the airport and then couldn’t find him when we were promised someone would greet us with a sign on arrival. As a woman I was okay because I was with my husband however if I was on my own or with just women I wouldn’t have felt comfortable in this Airbnb. This isn’t a complaint just something I wanted to preface!",0.26705128205128204,Positive
1302962421028700813,,"We had an absolutely wonderful experience at this accommodation. There were several hosts, and each of them was incredibly friendly, helpful, and thoughtful. They truly made our stay exceptional and made us feel at home right away. They offered great suggestions, helped us arrange tours, and took care of almost everything we needed. Overall, our stay exceeded all expectations, and the people who work here really made all the difference for us. I wholeheartedly recommend this place to everyone, no doubt about it. Once again, thank you so much for taking such good care of us and for your warm hospitality. ❤️",0.40210622710622707,Positive
1302962421028700813,,"The room itself was fantastic. Just like the photos — clean, comfortable, epic view of the pyramids. But the area is NOT for a solo female traveler. I was here for a couple of days before I met up with my official group, and I stayed in the room as much as possible. While Farag was super helpful and communicative, he set me up with a scam camel ride that was grossly overpriced and went through military grounds that we were not allowed in, and back streets that were extremely dangerous. Thank goodness I had a friend with me. Do not book a “camel tour” with them. This place is suitable for a quick stay with company, but I highly advise new Cairo or somewhere that’s gated. Especially if you are alone and want to walk around safely.",0.15174688057040997,Positive
1302962421028700813,,"This place was so nice and the views are absolutely gorgeous! The entire staff was incredibly helpful—no matter what I needed, someone was always there to assist. I truly felt like I was surrounded by friends the entire time. As a solo female traveler, I really appreciated how comfortable and welcomed I felt. Highly recommend this location!",0.3527777777777778,Positive
1302962421028700813,,This inn is soooo nice! The Internet of Cairo International Airport was completely shutdown yesterday. The driver Farag still waiting for me in the midnight. The inn staff are very enthusiastic and hospitable. They show me around the Giza and make delicious breakfast for me! This is an unforgettable experience and I will appreciate them all🥰,0.5716666666666667,Positive
1302962421028700813,,"World class hospitality. The entire team went above and beyond to ensure we had a wonderful visit. I especially appreciate how they connected us to drivers, guides and experiences to take the stress of planning off our hands. It is very walkable near the pyramids and top rated restaurants, although I highly recommend the food at the hotel- just wonderful! We felt like we were taken care of. They really do treat you like family.",0.316,Positive
1302962421028700813,,"Lovely view - great staff, amazing cook for breakfast. Shout out to the cook again.",0.6333333333333334,Positive
1302962421028700813,,"I can’t overstate how wonderful our stay was. If you enjoy adventure and being at the center of it all, this is the place to stay — an absolute must.",0.37499999999999994,Positive
1302962421028700813,,The host Mohamed is amazing and even the helper with the bags is also a great help! We really enjoyed staying here for the second time and we highly recommend,0.45200000000000007,Positive
1302962421028700813,,"The place really is a jewel in the reef! Great views of the pyramids in some rooms. 307 and 201 good rooms. It’s a busy tourist area obviously because you are the foot of the pyramids. Pay half of what people say and still bargain from there. Warm charming people but naturally out to survive so haggling is everywhere, prepare yourself. The hotel is a haven where you can come and regroup and relax.  I caught Ubers everywhere and that was fine. The staff at reception were all lovely and responsive to my needs. A great massage place just up on the corner. Very professional and safe. Buy some perfume oils in the many shops along the same street. Check that it’s authentic by dropping a drop into water in the shop if it sinks it’s real if it floats on the top it’s not. I highly recommend this place for a couple of nights when seeing the pyramids and sphinx and light show camel trip or horse and cart or quad bikes up to the base of the pyramids! Just awesome !!",0.30625,Positive
