id,url,nightly_price
1292713234154945394,https://www.airbnb.com/rooms/1292713234154945394?locale=en-US&currency=USD&check_in=2026-05-31&check_out=2026-06-05,150.0
1508718511630646313,https://www.airbnb.com/rooms/1508718511630646313?locale=en-US&currency=USD&check_in=2026-05-24&check_out=2026-05-29,105.37
1297327219631789358,https://www.airbnb.com/rooms/1297327219631789358?locale=en-US&currency=USD&check_in=2026-06-24&check_out=2026-06-29,38.64
1606001853199411128,https://www.airbnb.com/rooms/1606001853199411128?locale=en-US&currency=USD&check_in=2026-05-11&check_out=2026-05-16,118.49
1314833467096489875,https://www.airbnb.com/rooms/1314833467096489875?locale=en-US&currency=USD&check_in=2026-05-03&check_out=2026-05-08,23.22
1659657874693440489,https://www.airbnb.com/rooms/1659657874693440489?locale=en-US&currency=USD&check_in=2026-05-01&check_out=2026-05-06,83.2
1325995807818486852,https://www.airbnb.com/rooms/1325995807818486852?locale=en-US&currency=USD&check_in=2026-05-19&check_out=2026-05-24,36.29
1635000929921804262,https://www.airbnb.com/rooms/1635000929921804262?locale=en-US&currency=USD&check_in=2026-05-11&check_out=2026-05-16,62.05
1292713202731607754,https://www.airbnb.com/rooms/1292713202731607754?locale=en-US&currency=USD&check_in=2026-06-01&check_out=2026-06-06,120.0
1492832915624769683,https://www.airbnb.com/rooms/1492832915624769683?locale=en-US&currency=USD&check_in=2026-07-10&check_out=2026-07-15,164.85
1580349144943685719,https://www.airbnb.com/rooms/1580349144943685719?locale=en-US&currency=USD&check_in=2026-05-03&check_out=2026-05-08,41.6
1258668362052840121,https://www.airbnb.com/rooms/1258668362052840121?locale=en-US&currency=USD&check_in=2026-06-21&check_out=2026-06-26,51.52
1652538850163316996,https://www.airbnb.com/rooms/1652538850163316996?locale=en-US&currency=USD&check_in=2026-05-05&check_out=2026-05-10,35.13
1660949085003989386,https://www.airbnb.com/rooms/1660949085003989386?locale=en-US&currency=USD&check_in=2026-05-01&check_out=2026-05-06,51.05
1531810922875264909,https://www.airbnb.com/rooms/1531810922875264909?locale=en-US&currency=USD&check_in=2026-05-01&check_out=2026-05-06,57.0
1385088880964921541,https://www.airbnb.com/rooms/1385088880964921541?locale=en-US&currency=USD&check_in=2026-06-03&check_out=2026-06-08,23.42
1618228513877168542,https://www.airbnb.com/rooms/1618228513877168542?locale=en-US&currency=USD&check_in=2026-05-06&check_out=2026-05-11,84.3
1328248354526585309,https://www.airbnb.com/rooms/1328248354526585309?locale=en-US&currency=USD&check_in=2026-05-05&check_out=2026-05-10,174.45
1412438800329137974,https://www.airbnb.com/rooms/1412438800329137974?locale=en-US&currency=USD&check_in=2026-06-30&check_out=2026-07-05,128.79
1484714498056100115,https://www.airbnb.com/rooms/1484714498056100115?locale=en-US&currency=USD&check_in=2026-05-18&check_out=2026-05-23,150.8
981120709957763653,https://www.airbnb.com/rooms/981120709957763653?locale=en-US&currency=USD&check_in=2026-05-20&check_out=2026-05-25,45.0
1199193622730754940,https://www.airbnb.com/rooms/1199193622730754940?locale=en-US&currency=USD&check_in=2026-05-15&check_out=2026-05-20,86.53
1332513688509423570,https://www.airbnb.com/rooms/1332513688509423570?locale=en-US&currency=USD&check_in=2026-05-10&check_out=2026-05-15,37.0
1196851743231572540,https://www.airbnb.com/rooms/1196851743231572540?locale=en-US&currency=USD&check_in=2026-05-17&check_out=2026-05-22,81.02
1237474025614245965,https://www.airbnb.com/rooms/1237474025614245965?locale=en-US&currency=USD&check_in=2026-05-31&check_out=2026-06-05,143.67
1388701191802240736,https://www.airbnb.com/rooms/1388701191802240736?locale=en-US&currency=USD&check_in=2026-06-06&check_out=2026-06-11,67.87
1587737008553153745,https://www.airbnb.com/rooms/1587737008553153745?locale=en-US&currency=USD&check_in=2026-05-10&check_out=2026-05-15,62.89
1623567061307030021,https://www.airbnb.com/rooms/1623567061307030021?locale=en-US&currency=USD&check_in=2026-05-09&check_out=2026-05-14,70.4
1651541529716269313,https://www.airbnb.com/rooms/1651541529716269313?locale=en-US&currency=USD&check_in=2026-05-01&check_out=2026-05-06,159.6
1598677226571552739,https://www.airbnb.com/rooms/1598677226571552739?locale=en-US&currency=USD&check_in=2026-05-27&check_out=2026-06-01,81.96
1292757177520220344,https://www.airbnb.com/rooms/1292757177520220344?locale=en-US&currency=USD&check_in=2026-05-31&check_out=2026-06-05,70.0
1641648033727638678,https://www.airbnb.com/rooms/1641648033727638678?locale=en-US&currency=USD&check_in=2026-05-01&check_out=2026-05-06,67.45
1559429248654893625,https://www.airbnb.com/rooms/1559429248654893625?locale=en-US&currency=USD&check_in=2026-05-01&check_out=2026-05-06,35.62
1605981262332320587,https://www.airbnb.com/rooms/1605981262332320587?locale=en-US&currency=USD&check_in=2026-05-21&check_out=2026-05-26,153.38
1305127222391813036,https://www.airbnb.com/rooms/1305127222391813036?locale=en-US&currency=USD&check_in=2026-05-01&check_out=2026-05-06,57.0
1302962421028700813,https://www.airbnb.com/rooms/1302962421028700813?locale=en-US&currency=USD&check_in=2026-05-07&check_out=2026-05-12,116.14
32400629,https://www.airbnb.com/rooms/32400629?locale=en-US&currency=USD&check_in=2026-05-25&check_out=2026-05-30,126.68
1296455814818326300,https://www.airbnb.com/rooms/1296455814818326300?locale=en-US&currency=USD&check_in=2026-05-17&check_out=2026-05-22,55.03
1129860019173232966,https://www.airbnb.com/rooms/1129860019173232966?locale=en-US&currency=USD&check_in=2026-05-05&check_out=2026-05-10,47.72
1539209027124180030,https://www.airbnb.com/rooms/1539209027124180030?locale=en-US&currency=USD&check_in=2026-05-17&check_out=2026-05-22,57.37
1532706991486014852,https://www.airbnb.com/rooms/1532706991486014852?locale=en-US&currency=USD&check_in=2026-05-08&check_out=2026-05-13,115.33
1577474590524023582,https://www.airbnb.com/rooms/1577474590524023582?locale=en-US&currency=USD&check_in=2026-05-01&check_out=2026-05-06,68.0
1496606250151997425,https://www.airbnb.com/rooms/1496606250151997425?locale=en-US&currency=USD&check_in=2026-05-12&check_out=2026-05-17,119.42
1424085861412803618,https://www.airbnb.com/rooms/1424085861412803618?locale=en-US&currency=USD&check_in=2026-05-01&check_out=2026-05-06,51.95
1332471318833527819,https://www.airbnb.com/rooms/1332471318833527819?locale=en-US&currency=USD&check_in=2026-06-21&check_out=2026-06-26,70.0
1648029920565612244,https://www.airbnb.com/rooms/1648029920565612244?locale=en-US&currency=USD&check_in=2026-05-02&check_out=2026-05-07,110.06
981120216738667261,https://www.airbnb.com/rooms/981120216738667261?locale=en-US&currency=USD&check_in=2026-05-02&check_out=2026-05-07,27.0
40835765,https://www.airbnb.com/rooms/40835765?locale=en-US&currency=USD&check_in=2026-05-07&check_out=2026-05-12,168.09
41575953,https://www.airbnb.com/rooms/41575953?locale=en-US&currency=USD&check_in=2026-05-28&check_out=2026-06-02,84.06
1601405665390376996,https://www.airbnb.com/rooms/1601405665390376996?locale=en-US&currency=USD&check_in=2026-05-01&check_out=2026-05-06,116.0
1441502113515038503,https://www.airbnb.com/rooms/1441502113515038503?locale=en-US&currency=USD&check_in=2026-05-01&check_out=2026-05-06,38.0
954203933863538216,https://www.airbnb.com/rooms/954203933863538216?locale=en-US&currency=USD&check_in=2026-05-01&check_out=2026-05-06,56.0
1641637336624493763,https://www.airbnb.com/rooms/1641637336624493763?locale=en-US&currency=USD&check_in=2026-05-01&check_out=2026-05-06,94.84
1485950705456719946,https://www.airbnb.com/rooms/1485950705456719946?locale=en-US&currency=USD&check_in=2026-05-01&check_out=2026-05-06,11.0
1146176885899217294,https://www.airbnb.com/rooms/1146176885899217294?locale=en-US&currency=USD&check_in=2026-05-01&check_out=2026-05-06,11.0
42767850,https://www.airbnb.com/rooms/42767850?locale=en-US&currency=USD&check_in=2026-05-01&check_out=2026-05-06,11.0
1584187817659087341,https://www.airbnb.com/rooms/1584187817659087341?locale=en-US&currency=USD&check_in=2026-05-01&check_out=2026-05-06,7.0
1155301453465176925,https://www.airbnb.com/rooms/1155301453465176925?locale=en-US&currency=USD&check_in=2026-05-01&check_out=2026-05-06,11.0
876051604806114175,https://www.airbnb.com/rooms/876051604806114175?locale=en-US&currency=USD&check_in=2026-05-01&check_out=2026-05-06,11.0
1431877289693006334,https://www.airbnb.com/rooms/1431877289693006334?locale=en-US&currency=USD&check_in=2026-05-01&check_out=2026-05-06,10.0
1651493311021458586,https://www.airbnb.com/rooms/1651493311021458586?locale=en-US&currency=USD&check_in=2026-05-01&check_out=2026-05-06,54.0
1440018853237427013,https://www.airbnb.com/rooms/1440018853237427013?locale=en-US&currency=USD&check_in=2026-05-01&check_out=2026-05-06,15.0
1403817032037387477,https://www.airbnb.com/rooms/1403817032037387477?locale=en-US&currency=USD&check_in=2026-05-01&check_out=2026-05-06,11.0
1605720793006535959,https://www.airbnb.com/rooms/1605720793006535959?locale=en-US&currency=USD&check_in=2026-05-01&check_out=2026-05-06,5.0
1397694527639845105,https://www.airbnb.com/rooms/1397694527639845105?locale=en-US&currency=USD&check_in=2026-05-01&check_out=2026-05-06,5.0
1569485916342726489,https://www.airbnb.com/rooms/1569485916342726489?locale=en-US&currency=USD&check_in=2026-05-01&check_out=2026-05-06,5.0
1104116827677708480,https://www.airbnb.com/rooms/1104116827677708480?locale=en-US&currency=USD&check_in=2026-05-01&check_out=2026-05-06,4.0
1556510408515026470,https://www.airbnb.com/rooms/1556510408515026470?locale=en-US&currency=USD&check_in=2026-05-01&check_out=2026-05-06,15.0
1352352955064470854,https://www.airbnb.com/rooms/1352352955064470854?locale=en-US&currency=USD&check_in=2026-05-01&check_out=2026-05-06,11.0
1498906658243578803,https://www.airbnb.com/rooms/1498906658243578803?locale=en-US&currency=USD&check_in=2026-05-01&check_out=2026-05-06,7.0
33851906,https://www.airbnb.com/rooms/33851906?locale=en-US&currency=USD&check_in=2026-05-01&check_out=2026-05-06,5.0
1335110769727741118,https://www.airbnb.com/rooms/1335110769727741118?locale=en-US&currency=USD&check_in=2026-05-01&check_out=2026-05-06,4.0
1448388580371987584,https://www.airbnb.com/rooms/1448388580371987584?locale=en-US&currency=USD&check_in=2026-05-07&check_out=2026-05-12,124.6
1187786914734707838,https://www.airbnb.com/rooms/1187786914734707838?locale=en-US&currency=USD&check_in=2026-05-01&check_out=2026-05-06,5.0
1491441495626190165,https://www.airbnb.com/rooms/1491441495626190165?locale=en-US&currency=USD&check_in=2026-05-01&check_out=2026-05-06,8.0
1145843095317517701,https://www.airbnb.com/rooms/1145843095317517701?locale=en-US&currency=USD&check_in=2026-05-01&check_out=2026-05-06,5.0
1215770463637762104,https://www.airbnb.com/rooms/1215770463637762104?locale=en-US&currency=USD&check_in=2026-05-01&check_out=2026-05-06,5.0
1569485803452402154,https://www.airbnb.com/rooms/1569485803452402154?locale=en-US&currency=USD&check_in=2026-05-01&check_out=2026-05-06,4.0
1517792834012970752,https://www.airbnb.com/rooms/1517792834012970752?locale=en-US&currency=USD&check_in=2026-05-01&check_out=2026-05-06,5.0
1563288267146291409,https://www.airbnb.com/rooms/1563288267146291409?locale=en-US&currency=USD&check_in=2026-05-01&check_out=2026-05-06,5.0
1615388358699721309,https://www.airbnb.com/rooms/1615388358699721309?locale=en-US&currency=USD&check_in=2026-05-01&check_out=2026-05-06,2.0
1221053310713368188,https://www.airbnb.com/rooms/1221053310713368188?locale=en-US&currency=USD&check_in=2026-05-01&check_out=2026-05-06,3.0
1459997441523262270,https://www.airbnb.com/rooms/1459997441523262270?locale=en-US&currency=USD&check_in=2026-05-01&check_out=2026-05-06,3.0
36988796,https://www.airbnb.com/rooms/36988796?locale=en-US&currency=USD&check_in=2026-05-01&check_out=2026-05-06,3.0
1659028564195855331,https://www.airbnb.com/rooms/1659028564195855331?locale=en-US&currency=USD&check_in=2026-05-01&check_out=2026-05-06,2.0
1310133675077062247,https://www.airbnb.com/rooms/1310133675077062247?locale=en-US&currency=USD&check_in=2026-05-01&check_out=2026-05-06,7.0
1655274466078332833,https://www.airbnb.com/rooms/1655274466078332833?locale=en-US&currency=USD&check_in=2026-05-01&check_out=2026-05-06,2.0
1446467533934195553,https://www.airbnb.com/rooms/1446467533934195553?locale=en-US&currency=USD&check_in=2026-05-01&check_out=2026-05-06,4.0
1655776597949850542,https://www.airbnb.com/rooms/1655776597949850542?locale=en-US&currency=USD&check_in=2026-05-01&check_out=2026-05-06,2.0
1508828291068445336,https://www.airbnb.com/rooms/1508828291068445336?locale=en-US&currency=USD&check_in=2026-05-01&check_out=2026-05-06,3.0
1443784874744124942,https://www.airbnb.com/rooms/1443784874744124942?locale=en-US&currency=USD&check_in=2026-05-01&check_out=2026-05-06,3.0
30243787,https://www.airbnb.com/rooms/30243787?locale=en-US&currency=USD&check_in=2026-05-01&check_out=2026-05-06,3.0
1344838669656893267,https://www.airbnb.com/rooms/1344838669656893267?locale=en-US&currency=USD&check_in=2026-05-07&check_out=2026-05-12,95.5
1216052727113394952,https://www.airbnb.com/rooms/1216052727113394952?locale=en-US&currency=USD&check_in=2026-05-01&check_out=2026-05-06,3.0
1174850752917317405,https://www.airbnb.com/rooms/1174850752917317405?locale=en-US&currency=USD&check_in=2026-05-01&check_out=2026-05-06,2.0
1147208055353968918,https://www.airbnb.com/rooms/1147208055353968918?locale=en-US&currency=USD&check_in=2026-05-01&check_out=2026-05-06,3.0
51953229,https://www.airbnb.com/rooms/51953229?locale=en-US&currency=USD&check_in=2026-05-01&check_out=2026-05-06,2.0
555180799956858554,https://www.airbnb.com/rooms/555180799956858554?locale=en-US&currency=USD&check_in=2026-05-01&check_out=2026-05-06,2.0
48145763,https://www.airbnb.com/rooms/48145763?locale=en-US&currency=USD&check_in=2026-05-01&check_out=2026-05-06,2.0
1042063266374748336,https://www.airbnb.com/rooms/1042063266374748336?locale=en-US&currency=USD&check_in=2026-05-01&check_out=2026-05-06,2.0
1514843610059047574,https://www.airbnb.com/rooms/1514843610059047574?locale=en-US&currency=USD&check_in=2026-05-01&check_out=2026-05-06,3.0
1451468709932612459,https://www.airbnb.com/rooms/1451468709932612459?locale=en-US&currency=USD&check_in=2026-05-01&check_out=2026-05-06,2.0
849542966954475787,https://www.airbnb.com/rooms/849542966954475787?locale=en-US&currency=USD&check_in=2026-05-01&check_out=2026-05-06,2.0
1219664717462757711,https://www.airbnb.com/rooms/1219664717462757711?locale=en-US&currency=USD&check_in=2026-05-01&check_out=2026-05-06,2.0
1561052950202885243,https://www.airbnb.com/rooms/1561052950202885243?locale=en-US&currency=USD&check_in=2026-05-01&check_out=2026-05-06,4.0
1283388477975475614,https://www.airbnb.com/rooms/1283388477975475614?locale=en-US&currency=USD&check_in=2026-05-01&check_out=2026-05-06,3.0
1595627764307300025,https://www.airbnb.com/rooms/1595627764307300025?locale=en-US&currency=USD&check_in=2026-05-01&check_out=2026-05-06,2.0
729682266919743139,https://www.airbnb.com/rooms/729682266919743139?locale=en-US&currency=USD&check_in=2026-05-01&check_out=2026-05-06,3.0
1441595701382845298,https://www.airbnb.com/rooms/1441595701382845298?locale=en-US&currency=USD&check_in=2026-05-01&check_out=2026-05-06,2.0
1484706355938914736,https://www.airbnb.com/rooms/1484706355938914736?locale=en-US&currency=USD&check_in=2026-05-01&check_out=2026-05-06,2.0
1355884083437555674,https://www.airbnb.com/rooms/1355884083437555674?locale=en-US&currency=USD&check_in=2026-05-01&check_out=2026-05-06,2.0
1181079249870074062,https://www.airbnb.com/rooms/1181079249870074062?locale=en-US&currency=USD&check_in=2026-05-01&check_out=2026-05-06,3.0
1276113745863188023,https://www.airbnb.com/rooms/1276113745863188023?locale=en-US&currency=USD&check_in=2026-05-01&check_out=2026-05-06,1.0
1269664768452440583,https://www.airbnb.com/rooms/1269664768452440583?locale=en-US&currency=USD&check_in=2026-05-01&check_out=2026-05-06,1.0
1544982572677727041,https://www.airbnb.com/rooms/1544982572677727041?locale=en-US&currency=USD&check_in=2026-05-01&check_out=2026-05-06,1.0
1017307059720239353,https://www.airbnb.com/rooms/1017307059720239353?locale=en-US&currency=USD&check_in=2026-05-01&check_out=2026-05-06,1.0
1662729154600712278,https://www.airbnb.com/rooms/1662729154600712278?locale=en-US&currency=USD&check_in=2026-05-01&check_out=2026-05-08,1.0
1596006519280876385,https://www.airbnb.com/rooms/1596006519280876385?locale=en-US&currency=USD&check_in=2026-05-01&check_out=2026-05-06,3.0
1032367854841393071,https://www.airbnb.com/rooms/1032367854841393071?locale=en-US&currency=USD&check_in=2026-05-01&check_out=2026-05-06,1.0
1483926353070909494,https://www.airbnb.com/rooms/1483926353070909494?locale=en-US&currency=USD&check_in=2026-05-01&check_out=2026-05-06,2.0
1412388051602865308,https://www.airbnb.com/rooms/1412388051602865308?locale=en-US&currency=USD&check_in=2026-05-01&check_out=2026-05-08,1.0
1079751915569966274,https://www.airbnb.com/rooms/1079751915569966274?locale=en-US&currency=USD&check_in=2026-05-01&check_out=2026-05-06,1.0
976960526172801286,https://www.airbnb.com/rooms/976960526172801286?locale=en-US&currency=USD&check_in=2026-05-01&check_out=2026-05-06,1.0
1536264956482074244,https://www.airbnb.com/rooms/1536264956482074244?locale=en-US&currency=USD&check_in=2026-05-01&check_out=2026-05-06,1.0
628120358260176727,https://www.airbnb.com/rooms/628120358260176727?locale=en-US&currency=USD&check_in=2026-05-01&check_out=2026-05-06,1.0
1568327623656726305,https://www.airbnb.com/rooms/1568327623656726305?locale=en-US&currency=USD&check_in=2026-05-01&check_out=2026-05-06,1.0
50282660,https://www.airbnb.com/rooms/50282660?locale=en-US&currency=USD&check_in=2026-05-01&check_out=2026-05-08,714.2
1563829432122315890,https://www.airbnb.com/rooms/1563829432122315890?locale=en-US&currency=USD&check_in=2026-05-01&check_out=2026-05-06,1.0
1195167029056800226,https://www.airbnb.com/rooms/1195167029056800226?locale=en-US&currency=USD&check_in=2026-05-01&check_out=2026-05-06,2.0
1480462795733156229,https://www.airbnb.com/rooms/1480462795733156229?locale=en-US&currency=USD&check_in=2026-05-01&check_out=2026-05-06,2.0
1447079978041398947,https://www.airbnb.com/rooms/1447079978041398947?locale=en-US&currency=USD&check_in=2026-05-01&check_out=2026-05-06,1.0
1516588329475180067,https://www.airbnb.com/rooms/1516588329475180067?locale=en-US&currency=USD&check_in=2026-05-01&check_out=2026-05-06,1.0
708762036352809823,https://www.airbnb.com/rooms/708762036352809823?locale=en-US&currency=USD&check_in=2026-05-01&check_out=2026-05-06,1.0
1609393874846735688,https://www.airbnb.com/rooms/1609393874846735688?locale=en-US&currency=USD&check_in=2026-05-01&check_out=2026-05-06,1.0
28047935,https://www.airbnb.com/rooms/28047935?locale=en-US&currency=USD&check_in=2026-05-01&check_out=2026-05-06,1.0
1551674996314432630,https://www.airbnb.com/rooms/1551674996314432630?locale=en-US&currency=USD&check_in=2026-05-01&check_out=2026-05-06,1.0
712292176311959219,https://www.airbnb.com/rooms/712292176311959219?locale=en-US&currency=USD&check_in=2026-05-01&check_out=2026-05-06,1.0
1176132288355809859,https://www.airbnb.com/rooms/1176132288355809859?locale=en-US&currency=USD&check_in=2026-05-01&check_out=2026-05-06,2.0
1207356658832145603,https://www.airbnb.com/rooms/1207356658832145603?locale=en-US&currency=USD&check_in=2026-05-01&check_out=2026-05-06,2.0
1548603738636865263,https://www.airbnb.com/rooms/1548603738636865263?locale=en-US&currency=USD&check_in=2026-05-01&check_out=2026-05-06,1.0
1637879979508535326,https://www.airbnb.com/rooms/1637879979508535326?locale=en-US&currency=USD&check_in=2026-05-01&check_out=2026-05-06,1.0
1019309529827681916,https://www.airbnb.com/rooms/1019309529827681916?locale=en-US&currency=USD&check_in=2026-05-01&check_out=2026-05-06,1.0
50134729,https://www.airbnb.com/rooms/50134729?locale=en-US&currency=USD&check_in=2026-05-01&check_out=2026-05-06,1.0
33353618,https://www.airbnb.com/rooms/33353618?locale=en-US&currency=USD&check_in=2026-05-01&check_out=2026-05-06,1.0
689792922435868876,https://www.airbnb.com/rooms/689792922435868876?locale=en-US&currency=USD&check_in=2026-05-01&check_out=2026-05-06,1.0
1618975446217014594,https://www.airbnb.com/rooms/1618975446217014594?locale=en-US&currency=USD&check_in=2026-05-01&check_out=2026-05-06,1.0
1600669891405633771,https://www.airbnb.com/rooms/1600669891405633771?locale=en-US&currency=USD&check_in=2026-05-01&check_out=2026-05-06,1.0
47883566,https://www.airbnb.com/rooms/47883566?locale=en-US&currency=USD&check_in=2026-05-01&check_out=2026-05-08,1.0
1612579527182834381,https://www.airbnb.com/rooms/1612579527182834381?locale=en-US&currency=USD&check_in=2026-05-01&check_out=2026-05-06,1.0
52379135,https://www.airbnb.com/rooms/52379135?locale=en-US&currency=USD&check_in=2026-05-01&check_out=2026-05-06,1.0
1579949228520940668,https://www.airbnb.com/rooms/1579949228520940668?locale=en-US&currency=USD&check_in=2026-05-01&check_out=2026-05-06,2.0
1264487199319911803,https://www.airbnb.com/rooms/1264487199319911803?locale=en-US&currency=USD&check_in=2026-05-01&check_out=2026-05-06,1.0
1585497969847399422,https://www.airbnb.com/rooms/1585497969847399422?locale=en-US&currency=USD&check_in=2026-05-01&check_out=2026-05-06,1.0
1221866070798006173,https://www.airbnb.com/rooms/1221866070798006173?locale=en-US&currency=USD&check_in=2026-05-01&check_out=2026-05-06,1.0
1264503264485463405,https://www.airbnb.com/rooms/1264503264485463405?locale=en-US&currency=USD&check_in=2026-05-01&check_out=2026-05-06,2.0
1108792191152024226,https://www.airbnb.com/rooms/1108792191152024226?locale=en-US&currency=USD&check_in=2026-05-01&check_out=2026-05-06,1.0
1116616659880182155,https://www.airbnb.com/rooms/1116616659880182155?locale=en-US&currency=USD&check_in=2026-05-01&check_out=2026-05-06,1.0
1208808634016334973,https://www.airbnb.com/rooms/1208808634016334973?locale=en-US&currency=USD&check_in=2026-05-01&check_out=2026-05-06,1.0
1155945536402835024,https://www.airbnb.com/rooms/1155945536402835024?locale=en-US&currency=USD&check_in=2026-05-01&check_out=2026-05-06,1.0
1507773124366821109,https://www.airbnb.com/rooms/1507773124366821109?locale=en-US&currency=USD&check_in=2026-05-04&check_out=2026-05-09,103.6
1073716230762716836,https://www.airbnb.com/rooms/1073716230762716836?locale=en-US&currency=USD&check_in=2026-05-01&check_out=2026-05-06,1.0
1462602688950627954,https://www.airbnb.com/rooms/1462602688950627954?locale=en-US&currency=USD&check_in=2026-05-01&check_out=2026-05-06,1.0
557966923927056566,https://www.airbnb.com/rooms/557966923927056566?locale=en-US&currency=USD&check_in=2026-05-01&check_out=2026-05-06,1.0
1422335721731292558,https://www.airbnb.com/rooms/1422335721731292558?locale=en-US&currency=USD&check_in=2026-05-01&check_out=2026-05-06,2.0
1300863700619001518,https://www.airbnb.com/rooms/1300863700619001518?locale=en-US&currency=USD&check_in=2026-05-01&check_out=2026-05-06,1.0
1200613096733451469,https://www.airbnb.com/rooms/1200613096733451469?locale=en-US&currency=USD&check_in=2026-05-01&check_out=2026-05-06,1.0
1534364182510740993,https://www.airbnb.com/rooms/1534364182510740993?locale=en-US&currency=USD&check_in=2026-05-01&check_out=2026-05-06,1.0
45990672,https://www.airbnb.com/rooms/45990672?locale=en-US&currency=USD&check_in=2026-05-01&check_out=2026-05-06,715.37
989730344695208874,https://www.airbnb.com/rooms/989730344695208874?locale=en-US&currency=USD&check_in=2026-05-01&check_out=2026-05-06,1.0
1500702117326175292,https://www.airbnb.com/rooms/1500702117326175292?locale=en-US&currency=USD&check_in=2026-05-01&check_out=2026-05-06,1.0
1372349170837637381,https://www.airbnb.com/rooms/1372349170837637381?locale=en-US&currency=USD&check_in=2026-05-01&check_out=2026-05-06,700.0
15490900,https://www.airbnb.com/rooms/15490900?locale=en-US&currency=USD&check_in=2026-05-04&check_out=2026-05-09,700.15
1604103429022591602,https://www.airbnb.com/rooms/1604103429022591602?locale=en-US&currency=USD&check_in=2026-05-01&check_out=2026-05-06,582.3
42146441,https://www.airbnb.com/rooms/42146441?locale=en-US&currency=USD&check_in=2026-05-01&check_out=2026-05-06,641.61
1408209041174296356,https://www.airbnb.com/rooms/1408209041174296356?locale=en-US&currency=USD&check_in=2026-05-01&check_out=2026-05-06,720.72
1327763810277732863,https://www.airbnb.com/rooms/1327763810277732863?locale=en-US&currency=USD&check_in=2026-05-01&check_out=2026-05-06,1.0
890931947722707877,https://www.airbnb.com/rooms/890931947722707877?locale=en-US&currency=USD&check_in=2026-05-08&check_out=2026-05-13,799.27
705698357682328215,https://www.airbnb.com/rooms/705698357682328215?locale=en-US&currency=USD&check_in=2026-05-01&check_out=2026-05-06,1.0
1373026473349573280,https://www.airbnb.com/rooms/1373026473349573280?locale=en-US&currency=USD&check_in=2026-05-01&check_out=2026-05-06,504.6
1402510234524441096,https://www.airbnb.com/rooms/1402510234524441096?locale=en-US&currency=USD&check_in=2026-05-01&check_out=2026-05-06,685.41
1587607580438846565,https://www.airbnb.com/rooms/1587607580438846565?locale=en-US&currency=USD&check_in=2026-05-01&check_out=2026-05-06,743.38
1009403202480669768,https://www.airbnb.com/rooms/1009403202480669768?locale=en-US&currency=USD&check_in=2026-05-01&check_out=2026-05-06,605.8
1435415278193624102,https://www.airbnb.com/rooms/1435415278193624102?locale=en-US&currency=USD&check_in=2026-05-01&check_out=2026-05-06,700.0
1545470194090208601,https://www.airbnb.com/rooms/1545470194090208601?locale=en-US&currency=USD&check_in=2026-05-01&check_out=2026-05-06,788.67
1073685420449412483,https://www.airbnb.com/rooms/1073685420449412483?locale=en-US&currency=USD&check_in=2026-05-01&check_out=2026-05-06,1.0
1389704176819898804,https://www.airbnb.com/rooms/1389704176819898804?locale=en-US&currency=USD&check_in=2026-05-01&check_out=2026-05-06,540.0
1317443449256758734,https://www.airbnb.com/rooms/1317443449256758734?locale=en-US&currency=USD&check_in=2026-05-01&check_out=2026-05-06,543.26
1436510686281979825,https://www.airbnb.com/rooms/1436510686281979825?locale=en-US&currency=USD&check_in=2026-05-01&check_out=2026-05-06,600.0
1618852355466062880,https://www.airbnb.com/rooms/1618852355466062880?locale=en-US&currency=USD&check_in=2026-05-01&check_out=2026-05-06,592.44
1307765411651499674,https://www.airbnb.com/rooms/1307765411651499674?locale=en-US&currency=USD&check_in=2026-12-01&check_out=2026-12-06,608.83
1590771433666840215,https://www.airbnb.com/rooms/1590771433666840215?locale=en-US&currency=USD&check_in=2026-05-01&check_out=2026-05-06,537.41
1635798593420134671,https://www.airbnb.com/rooms/1635798593420134671?locale=en-US&currency=USD&check_in=2026-05-01&check_out=2026-05-06,1.0
1427722712478374393,https://www.airbnb.com/rooms/1427722712478374393?locale=en-US&currency=USD&check_in=2026-05-01&check_out=2026-05-06,640.0
921055669157802876,https://www.airbnb.com/rooms/921055669157802876?locale=en-US&currency=USD&check_in=2027-04-01&check_out=2027-04-06,541.0
583239323050291921,https://www.airbnb.com/rooms/583239323050291921?locale=en-US&currency=USD&check_in=2026-05-20&check_out=2026-05-25,597.12
790380568359156164,https://www.airbnb.com/rooms/790380568359156164?locale=en-US&currency=USD&check_in=2026-05-01&check_out=2026-05-06,583.0
1646731991308747646,https://www.airbnb.com/rooms/1646731991308747646?locale=en-US&currency=USD&check_in=2026-05-01&check_out=2026-05-06,585.41
840570444535345863,https://www.airbnb.com/rooms/840570444535345863?locale=en-US&currency=USD&check_in=2026-05-01&check_out=2026-05-06,600.0
793250519214794991,https://www.airbnb.com/rooms/793250519214794991?locale=en-US&currency=USD&check_in=2026-05-01&check_out=2026-05-06,816.0
1571096132163176946,https://www.airbnb.com/rooms/1571096132163176946?locale=en-US&currency=USD&check_in=2026-05-16&check_out=2026-05-21,567.85
1540866950390106555,https://www.airbnb.com/rooms/1540866950390106555?locale=en-US&currency=USD&check_in=2026-05-01&check_out=2026-05-06,687.45
1515188443288472134,https://www.airbnb.com/rooms/1515188443288472134?locale=en-US&currency=USD&check_in=2026-05-01&check_out=2026-05-06,643.95
767250167518106488,https://www.airbnb.com/rooms/767250167518106488?locale=en-US&currency=USD&check_in=2026-05-16&check_out=2026-05-21,641.61
1376137007484981933,https://www.airbnb.com/rooms/1376137007484981933?locale=en-US&currency=USD&check_in=2026-05-01&check_out=2026-05-06,702.49
1540867010687173258,https://www.airbnb.com/rooms/1540867010687173258?locale=en-US&currency=USD&check_in=2026-05-01&check_out=2026-05-06,681.99
1512472639112292825,https://www.airbnb.com/rooms/1512472639112292825?locale=en-US&currency=USD&check_in=2026-05-17&check_out=2026-05-22,948.15
1565163973926517939,https://www.airbnb.com/rooms/1565163973926517939?locale=en-US&currency=USD&check_in=2026-05-01&check_out=2026-05-06,1.0
1565542713272257639,https://www.airbnb.com/rooms/1565542713272257639?locale=en-US&currency=USD&check_in=2026-05-01&check_out=2026-05-06,614.68
1199150166439409254,https://www.airbnb.com/rooms/1199150166439409254?locale=en-US&currency=USD&check_in=2026-05-01&check_out=2026-05-06,1.0
1389704208895953397,https://www.airbnb.com/rooms/1389704208895953397?locale=en-US&currency=USD&check_in=2026-05-01&check_out=2026-05-06,700.0
1553674803899835954,https://www.airbnb.com/rooms/1553674803899835954?locale=en-US&currency=USD&check_in=2026-05-01&check_out=2026-05-06,1.0
1197153629879952777,https://www.airbnb.com/rooms/1197153629879952777?locale=en-US&currency=USD&check_in=2026-05-01&check_out=2026-05-06,250.0
1616671277738523518,https://www.airbnb.com/rooms/1616671277738523518?locale=en-US&currency=USD&check_in=2026-05-01&check_out=2026-05-06,247.0
1446377870547604835,https://www.airbnb.com/rooms/1446377870547604835?locale=en-US&currency=USD&check_in=2026-05-01&check_out=2026-05-06,700.0
1573074742502520340,https://www.airbnb.com/rooms/1573074742502520340?locale=en-US&currency=USD&check_in=2026-05-10&check_out=2026-05-15,343.6
850656618737813663,https://www.airbnb.com/rooms/850656618737813663?locale=en-US&currency=USD&check_in=2026-05-18&check_out=2026-05-23,263.43
1347267116432063019,https://www.airbnb.com/rooms/1347267116432063019?locale=en-US&currency=USD&check_in=2026-05-01&check_out=2026-05-06,665.03
1096581167183948351,https://www.airbnb.com/rooms/1096581167183948351?locale=en-US&currency=USD&check_in=2026-05-01&check_out=2026-05-06,1.0
1581793881355263929,https://www.airbnb.com/rooms/1581793881355263929?locale=en-US&currency=USD&check_in=2026-05-03&check_out=2026-05-08,541.56
1316446128967440000,https://www.airbnb.com/rooms/1316446128967440000?locale=en-US&currency=USD&check_in=2026-05-12&check_out=2026-05-17,301.4
767261839678201600,https://www.airbnb.com/rooms/767261839678201600?locale=en-US&currency=USD&check_in=2026-05-01&check_out=2026-05-06,313.8
1470802297154260358,https://www.airbnb.com/rooms/1470802297154260358?locale=en-US&currency=USD&check_in=2026-05-16&check_out=2026-05-21,638.1
1006152808275971011,https://www.airbnb.com/rooms/1006152808275971011?locale=en-US&currency=USD&check_in=2026-05-10&check_out=2026-05-15,305.6
1159548808219672828,https://www.airbnb.com/rooms/1159548808219672828?locale=en-US&currency=USD&check_in=2026-05-02&check_out=2026-05-07,292.71
1411044632961779189,https://www.airbnb.com/rooms/1411044632961779189?locale=en-US&currency=USD&check_in=2026-05-01&check_out=2026-05-06,351.25
1450539156354909288,https://www.airbnb.com/rooms/1450539156354909288?locale=en-US&currency=USD&check_in=2026-05-05&check_out=2026-05-10,374.8
1473713252059796654,https://www.airbnb.com/rooms/1473713252059796654?locale=en-US&currency=USD&check_in=2026-05-01&check_out=2026-05-06,1.0
1213666123535544748,https://www.airbnb.com/rooms/1213666123535544748?locale=en-US&currency=USD&check_in=2026-05-01&check_out=2026-05-06,1.0
1200336845948322247,https://www.airbnb.com/rooms/1200336845948322247?locale=en-US&currency=USD&check_in=2026-05-01&check_out=2026-05-06,690.0
1093452352113471451,https://www.airbnb.com/rooms/1093452352113471451?locale=en-US&currency=USD&check_in=2026-05-04&check_out=2026-05-09,251.73
1623416388591439901,https://www.airbnb.com/rooms/1623416388591439901?locale=en-US&currency=USD&check_in=2026-05-11&check_out=2026-05-16,271.54
1275570156151904939,https://www.airbnb.com/rooms/1275570156151904939?locale=en-US&currency=USD&check_in=2026-05-01&check_out=2026-05-06,292.71
1445646500819337593,https://www.airbnb.com/rooms/1445646500819337593?locale=en-US&currency=USD&check_in=2026-05-01&check_out=2026-05-06,637.83
43397730,https://www.airbnb.com/rooms/43397730?locale=en-US&currency=USD&check_in=2026-05-01&check_out=2026-05-06,585.41
1559864962649978069,https://www.airbnb.com/rooms/1559864962649978069?locale=en-US&currency=USD&check_in=2026-05-01&check_out=2026-05-06,491.75
1457324740847047677,https://www.airbnb.com/rooms/1457324740847047677?locale=en-US&currency=USD&check_in=2026-05-01&check_out=2026-05-06,712.33
1002526531958813134,https://www.airbnb.com/rooms/1002526531958813134?locale=en-US&currency=USD&check_in=2026-05-09&check_out=2026-05-14,256.0
38946242,https://www.airbnb.com/rooms/38946242?locale=en-US&currency=USD&check_in=2026-05-01&check_out=2026-05-07,409.79
1203766595395527057,https://www.airbnb.com/rooms/1203766595395527057?locale=en-US&currency=USD&check_in=2026-05-01&check_out=2026-05-06,492.68
1010234716243191838,https://www.airbnb.com/rooms/1010234716243191838?locale=en-US&currency=USD&check_in=2026-05-01&check_out=2026-05-06,585.41
1440633499141591035,https://www.airbnb.com/rooms/1440633499141591035?locale=en-US&currency=USD&check_in=2026-05-01&check_out=2026-05-07,409.79
1556792299369861049,https://www.airbnb.com/rooms/1556792299369861049?locale=en-US&currency=USD&check_in=2026-05-01&check_out=2026-05-06,602.88
1452066072137002060,https://www.airbnb.com/rooms/1452066072137002060?locale=en-US&currency=USD&check_in=2026-05-01&check_out=2026-05-06,643.95
1491129205330448899,https://www.airbnb.com/rooms/1491129205330448899?locale=en-US&currency=USD&check_in=2026-05-01&check_out=2026-05-06,705.0
1389360838332900247,https://www.airbnb.com/rooms/1389360838332900247?locale=en-US&currency=USD&check_in=2026-05-01&check_out=2026-05-06,702.49
1276775479827473104,https://www.airbnb.com/rooms/1276775479827473104?locale=en-US&currency=USD&check_in=2026-05-01&check_out=2026-05-06,936.66
821096960529498282,https://www.airbnb.com/rooms/821096960529498282?locale=en-US&currency=USD&check_in=2026-05-01&check_out=2026-05-06,533.0
782481337677395566,https://www.airbnb.com/rooms/782481337677395566?locale=en-US&currency=USD&check_in=2026-05-01&check_out=2026-05-06,643.95
1309620393666611436,https://www.airbnb.com/rooms/1309620393666611436?locale=en-US&currency=USD&check_in=2026-05-01&check_out=2026-05-06,505.8
1405138989550573906,https://www.airbnb.com/rooms/1405138989550573906?locale=en-US&currency=USD&check_in=2026-05-01&check_out=2026-05-06,761.04
1432551452519222832,https://www.airbnb.com/rooms/1432551452519222832?locale=en-US&currency=USD&check_in=2026-05-01&check_out=2026-05-06,971.78
1381147120527619593,https://www.airbnb.com/rooms/1381147120527619593?locale=en-US&currency=USD&check_in=2026-05-01&check_out=2026-05-06,632.25
1445646544282519034,https://www.airbnb.com/rooms/1445646544282519034?locale=en-US&currency=USD&check_in=2026-05-01&check_out=2026-05-06,637.83
1410285275788709542,https://www.airbnb.com/rooms/1410285275788709542?locale=en-US&currency=USD&check_in=2026-06-22&check_out=2026-06-27,124.11
1592102038145893024,https://www.airbnb.com/rooms/1592102038145893024?locale=en-US&currency=USD&check_in=2026-05-01&check_out=2026-05-06,684.72
1445646561843999768,https://www.airbnb.com/rooms/1445646561843999768?locale=en-US&currency=USD&check_in=2026-05-01&check_out=2026-05-06,661.2
1666578207289164185,https://www.airbnb.com/rooms/1666578207289164185?locale=en-US&currency=USD&check_in=2026-05-12&check_out=2026-05-17,354.64
1530281632759848179,https://www.airbnb.com/rooms/1530281632759848179?locale=en-US&currency=USD&check_in=2026-05-01&check_out=2026-05-06,678.13
1329844712827279066,https://www.airbnb.com/rooms/1329844712827279066?locale=en-US&currency=USD&check_in=2026-05-01&check_out=2026-05-06,643.95
1652916728666072209,https://www.airbnb.com/rooms/1652916728666072209?locale=en-US&currency=USD&check_in=2026-05-02&check_out=2026-05-07,425.0
54284898,https://www.airbnb.com/rooms/54284898?locale=en-US&currency=USD&check_in=2026-05-01&check_out=2026-05-06,521.02
1499508580442133576,https://www.airbnb.com/rooms/1499508580442133576?locale=en-US&currency=USD&check_in=2026-05-01&check_out=2026-05-06,491.75
1150701674658456921,https://www.airbnb.com/rooms/1150701674658456921?locale=en-US&currency=USD&check_in=2026-05-01&check_out=2026-05-06,585.41
1294094879751028673,https://www.airbnb.com/rooms/1294094879751028673?locale=en-US&currency=USD&check_in=2026-05-01&check_out=2026-05-06,526.87
1429721009267866412,https://www.airbnb.com/rooms/1429721009267866412?locale=en-US&currency=USD&check_in=2026-05-01&check_out=2026-05-06,769.0
1440898402444133817,https://www.airbnb.com/rooms/1440898402444133817?locale=en-US&currency=USD&check_in=2026-05-01&check_out=2026-05-06,507.2
1452180073884959095,https://www.airbnb.com/rooms/1452180073884959095?locale=en-US&currency=USD&check_in=2026-05-01&check_out=2026-05-06,693.6
1516539630682569127,https://www.airbnb.com/rooms/1516539630682569127?locale=en-US&currency=USD&check_in=2026-05-01&check_out=2026-05-06,817.46
1405118804682423685,https://www.airbnb.com/rooms/1405118804682423685?locale=en-US&currency=USD&check_in=2026-05-01&check_out=2026-05-06,643.95
1478960885626856274,https://www.airbnb.com/rooms/1478960885626856274?locale=en-US&currency=USD&check_in=2026-05-01&check_out=2026-05-06,962.89
1071535243607304122,https://www.airbnb.com/rooms/1071535243607304122?locale=en-US&currency=USD&check_in=2026-05-01&check_out=2026-05-06,585.41
1205569424125561545,https://www.airbnb.com/rooms/1205569424125561545?locale=en-US&currency=USD&check_in=2026-05-01&check_out=2026-05-06,738.83
1616803323828759267,https://www.airbnb.com/rooms/1616803323828759267?locale=en-US&currency=USD&check_in=2026-05-01&check_out=2026-05-06,690.79
1440967574825585639,https://www.airbnb.com/rooms/1440967574825585639?locale=en-US&currency=USD&check_in=2026-05-01&check_out=2026-05-06,501.0
1418782925084058337,https://www.airbnb.com/rooms/1418782925084058337?locale=en-US&currency=USD&check_in=2026-05-01&check_out=2026-05-06,643.95
43509788,https://www.airbnb.com/rooms/43509788?locale=en-US&currency=USD&check_in=2026-05-01&check_out=2026-05-06,679.08
1611679336986092046,https://www.airbnb.com/rooms/1611679336986092046?locale=en-US&currency=USD&check_in=2026-05-01&check_out=2026-05-06,496.43
1294033989900300209,https://www.airbnb.com/rooms/1294033989900300209?locale=en-US&currency=USD&check_in=2026-05-01&check_out=2026-05-06,679.08
1218690711283000676,https://www.airbnb.com/rooms/1218690711283000676?locale=en-US&currency=USD&check_in=2026-05-01&check_out=2026-05-06,585.41
1491129148228091684,https://www.airbnb.com/rooms/1491129148228091684?locale=en-US&currency=USD&check_in=2026-05-01&check_out=2026-05-06,552.4
1489397476289841313,https://www.airbnb.com/rooms/1489397476289841313?locale=en-US&currency=USD&check_in=2026-05-01&check_out=2026-05-06,526.87
1457037256563088985,https://www.airbnb.com/rooms/1457037256563088985?locale=en-US&currency=USD&check_in=2026-05-01&check_out=2026-05-06,585.41
1445646528854461805,https://www.airbnb.com/rooms/1445646528854461805?locale=en-US&currency=USD&check_in=2026-05-01&check_out=2026-05-06,661.2
1574538109548445612,https://www.airbnb.com/rooms/1574538109548445612?locale=en-US&currency=USD&check_in=2026-05-01&check_out=2026-05-06,503.45
1564804098462088891,https://www.airbnb.com/rooms/1564804098462088891?locale=en-US&currency=USD&check_in=2026-05-01&check_out=2026-05-06,707.18
901903775152207502,https://www.airbnb.com/rooms/901903775152207502?locale=en-US&currency=USD&check_in=2026-05-01&check_out=2026-05-06,591.75
1122134810860842771,https://www.airbnb.com/rooms/1122134810860842771?locale=en-US&currency=USD&check_in=2026-05-01&check_out=2026-05-06,585.41
1294049452148919260,https://www.airbnb.com/rooms/1294049452148919260?locale=en-US&currency=USD&check_in=2026-05-01&check_out=2026-05-06,679.08
1610621779690251075,https://www.airbnb.com/rooms/1610621779690251075?locale=en-US&currency=USD&check_in=2026-05-01&check_out=2026-05-06,777.61
827363221421986685,https://www.airbnb.com/rooms/827363221421986685?locale=en-US&currency=USD&check_in=2026-05-01&check_out=2026-05-06,585.41
1499641239286051817,https://www.airbnb.com/rooms/1499641239286051817?locale=en-US&currency=USD&check_in=2026-05-01&check_out=2026-05-06,505.0
1327706571366113646,https://www.airbnb.com/rooms/1327706571366113646?locale=en-US&currency=USD&check_in=2026-05-01&check_out=2026-05-06,613.43
1287671116502290133,https://www.airbnb.com/rooms/1287671116502290133?locale=en-US&currency=USD&check_in=2026-05-01&check_out=2026-05-06,629.9
574671355984195579,https://www.airbnb.com/rooms/574671355984195579?locale=en-US&currency=USD&check_in=2026-05-01&check_out=2026-05-06,600.63
1582594174336838571,https://www.airbnb.com/rooms/1582594174336838571?locale=en-US&currency=USD&check_in=2026-05-01&check_out=2026-05-06,675.1
1444478893402699664,https://www.airbnb.com/rooms/1444478893402699664?locale=en-US&currency=USD&check_in=2026-05-01&check_out=2026-05-06,526.87
1533520482498853631,https://www.airbnb.com/rooms/1533520482498853631?locale=en-US&currency=USD&check_in=2026-05-01&check_out=2026-05-06,904.33
43509941,https://www.airbnb.com/rooms/43509941?locale=en-US&currency=USD&check_in=2026-05-01&check_out=2026-05-06,655.66
817450906697134613,https://www.airbnb.com/rooms/817450906697134613?locale=en-US&currency=USD&check_in=2026-05-01&check_out=2026-05-06,761.04
1526749145558499873,https://www.airbnb.com/rooms/1526749145558499873?locale=en-US&currency=USD&check_in=2026-05-01&check_out=2026-05-06,822.86
1625234505264381457,https://www.airbnb.com/rooms/1625234505264381457?locale=en-US&currency=USD&check_in=2026-05-01&check_out=2026-05-06,1.0
1184876478606235558,https://www.airbnb.com/rooms/1184876478606235558?locale=en-US&currency=USD&check_in=2026-05-01&check_out=2026-05-06,561.99
921041127046644867,https://www.airbnb.com/rooms/921041127046644867?locale=en-US&currency=USD&check_in=2026-05-01&check_out=2026-05-06,818.39
1033874472880546491,https://www.airbnb.com/rooms/1033874472880546491?locale=en-US&currency=USD&check_in=2026-05-01&check_out=2026-05-06,565.0
1440898086586976039,https://www.airbnb.com/rooms/1440898086586976039?locale=en-US&currency=USD&check_in=2026-05-01&check_out=2026-05-06,501.0
1272502325164181183,https://www.airbnb.com/rooms/1272502325164181183?locale=en-US&currency=USD&check_in=2026-05-01&check_out=2026-05-06,702.49
1532530398314038216,https://www.airbnb.com/rooms/1532530398314038216?locale=en-US&currency=USD&check_in=2026-05-01&check_out=2026-05-06,843.46
1289781577859865793,https://www.airbnb.com/rooms/1289781577859865793?locale=en-US&currency=USD&check_in=2026-05-01&check_out=2026-05-06,702.49
1617597066778325822,https://www.airbnb.com/rooms/1617597066778325822?locale=en-US&currency=USD&check_in=2026-05-01&check_out=2026-05-06,841.13
950976395331448891,https://www.airbnb.com/rooms/950976395331448891?locale=en-US&currency=USD&check_in=2026-05-01&check_out=2026-05-06,577.92
1519554024187806895,https://www.airbnb.com/rooms/1519554024187806895?locale=en-US&currency=USD&check_in=2026-05-01&check_out=2026-05-06,684.72
1478797865239332966,https://www.airbnb.com/rooms/1478797865239332966?locale=en-US&currency=USD&check_in=2026-05-01&check_out=2026-05-06,604.15
769589744085602122,https://www.airbnb.com/rooms/769589744085602122?locale=en-US&currency=USD&check_in=2026-05-01&check_out=2026-05-08,409.79
1316580252211000461,https://www.airbnb.com/rooms/1316580252211000461?locale=en-US&currency=USD&check_in=2026-05-01&check_out=2026-05-06,608.83
1432551500439416435,https://www.airbnb.com/rooms/1432551500439416435?locale=en-US&currency=USD&check_in=2026-05-01&check_out=2026-05-06,762.25
915286149929110903,https://www.airbnb.com/rooms/915286149929110903?locale=en-US&currency=USD&check_in=2026-05-01&check_out=2026-05-06,936.66
1144794481310501818,https://www.airbnb.com/rooms/1144794481310501818?locale=en-US&currency=USD&check_in=2026-05-01&check_out=2026-05-06,603.45
1486127003852299275,https://www.airbnb.com/rooms/1486127003852299275?locale=en-US&currency=USD&check_in=2026-05-01&check_out=2026-05-06,602.43
1446422044732559204,https://www.airbnb.com/rooms/1446422044732559204?locale=en-US&currency=USD&check_in=2026-05-01&check_out=2026-05-06,612.0
1536158377257475646,https://www.airbnb.com/rooms/1536158377257475646?locale=en-US&currency=USD&check_in=2026-05-01&check_out=2026-05-06,626.39
1401431850215627441,https://www.airbnb.com/rooms/1401431850215627441?locale=en-US&currency=USD&check_in=2026-05-01&check_out=2026-05-06,643.95
1617776222945722269,https://www.airbnb.com/rooms/1617776222945722269?locale=en-US&currency=USD&check_in=2026-05-01&check_out=2026-05-06,505.8
1659383907516482890,https://www.airbnb.com/rooms/1659383907516482890?locale=en-US&currency=USD&check_in=2026-05-01&check_out=2026-05-06,819.58
1459312341158792838,https://www.airbnb.com/rooms/1459312341158792838?locale=en-US&currency=USD&check_in=2026-05-01&check_out=2026-05-06,776.02
1443504841871221399,https://www.airbnb.com/rooms/1443504841871221399?locale=en-US&currency=USD&check_in=2026-05-01&check_out=2026-05-06,936.66
1531939345241143002,https://www.airbnb.com/rooms/1531939345241143002?locale=en-US&currency=USD&check_in=2026-05-01&check_out=2026-05-06,607.66
22699695,https://www.airbnb.com/rooms/22699695?locale=en-US&currency=USD&check_in=2026-05-01&check_out=2026-05-06,538.58
1586515552644876714,https://www.airbnb.com/rooms/1586515552644876714?locale=en-US&currency=USD&check_in=2026-05-01&check_out=2026-05-06,643.95
1614535123416058786,https://www.airbnb.com/rooms/1614535123416058786?locale=en-US&currency=USD&check_in=2026-05-01&check_out=2026-05-06,509.59
1445646637252195144,https://www.airbnb.com/rooms/1445646637252195144?locale=en-US&currency=USD&check_in=2026-05-01&check_out=2026-05-06,895.2
1533251126747083639,https://www.airbnb.com/rooms/1533251126747083639?locale=en-US&currency=USD&check_in=2026-05-01&check_out=2026-05-06,567.85
1584239528075360592,https://www.airbnb.com/rooms/1584239528075360592?locale=en-US&currency=USD&check_in=2026-05-01&check_out=2026-05-06,725.91
1227334682807627505,https://www.airbnb.com/rooms/1227334682807627505?locale=en-US&currency=USD&check_in=2026-05-01&check_out=2026-05-06,681.99
1646534430539307076,https://www.airbnb.com/rooms/1646534430539307076?locale=en-US&currency=USD&check_in=2026-05-01&check_out=2026-05-06,496.43
1562543549271907985,https://www.airbnb.com/rooms/1562543549271907985?locale=en-US&currency=USD&check_in=2026-05-01&check_out=2026-05-06,828.94
1235628381678495442,https://www.airbnb.com/rooms/1235628381678495442?locale=en-US&currency=USD&check_in=2026-12-06&check_out=2026-12-11,776.02
1294785306366009065,https://www.airbnb.com/rooms/1294785306366009065?locale=en-US&currency=USD&check_in=2026-05-01&check_out=2026-05-06,550.29
1582648511499746443,https://www.airbnb.com/rooms/1582648511499746443?locale=en-US&currency=USD&check_in=2026-05-01&check_out=2026-05-06,1.0
1557490459076177745,https://www.airbnb.com/rooms/1557490459076177745?locale=en-US&currency=USD&check_in=2026-05-01&check_out=2026-05-06,930.34
1469720738734772480,https://www.airbnb.com/rooms/1469720738734772480?locale=en-US&currency=USD&check_in=2026-05-01&check_out=2026-05-06,603.0
1663077126921723861,https://www.airbnb.com/rooms/1663077126921723861?locale=en-US&currency=USD&check_in=2026-05-01&check_out=2026-05-06,632.25
1508829161605881526,https://www.airbnb.com/rooms/1508829161605881526?locale=en-US&currency=USD&check_in=2026-05-01&check_out=2026-05-06,684.72
48921273,https://www.airbnb.com/rooms/48921273?locale=en-US&currency=USD&check_in=2026-05-01&check_out=2026-05-06,585.41
1512989738858906315,https://www.airbnb.com/rooms/1512989738858906315?locale=en-US&currency=USD&check_in=2026-05-01&check_out=2026-05-06,902.71
937731267495715175,https://www.airbnb.com/rooms/937731267495715175?locale=en-US&currency=USD&check_in=2026-05-01&check_out=2026-05-08,470.62
1464002704784013982,https://www.airbnb.com/rooms/1464002704784013982?locale=en-US&currency=USD&check_in=2026-05-01&check_out=2026-05-06,819.58
895713563277225420,https://www.airbnb.com/rooms/895713563277225420?locale=en-US&currency=USD&check_in=2026-05-01&check_out=2026-05-06,1.0
1192036094779793590,https://www.airbnb.com/rooms/1192036094779793590?locale=en-US&currency=USD&check_in=2026-05-01&check_out=2026-05-06,632.25
582378495847238100,https://www.airbnb.com/rooms/582378495847238100?locale=en-US&currency=USD&check_in=2026-05-01&check_out=2026-05-06,526.87
30192356,https://www.airbnb.com/rooms/30192356?locale=en-US&currency=USD&check_in=2026-05-03&check_out=2026-05-08,650.98
1294785652344118552,https://www.airbnb.com/rooms/1294785652344118552?locale=en-US&currency=USD&check_in=2026-05-01&check_out=2026-05-06,727.08
37019965,https://www.airbnb.com/rooms/37019965?locale=en-US&currency=USD&check_in=2026-05-01&check_out=2026-05-06,746.28
1613747481179856882,https://www.airbnb.com/rooms/1613747481179856882?locale=en-US&currency=USD&check_in=2026-05-01&check_out=2026-05-06,622.0
1516562826660497619,https://www.airbnb.com/rooms/1516562826660497619?locale=en-US&currency=USD&check_in=2026-05-01&check_out=2026-05-06,726.53
1486133315377024248,https://www.airbnb.com/rooms/1486133315377024248?locale=en-US&currency=USD&check_in=2026-05-01&check_out=2026-05-06,1.0
1237038847786696282,https://www.airbnb.com/rooms/1237038847786696282?locale=en-US&currency=USD&check_in=2026-05-01&check_out=2026-05-06,961.15
1663283542397666436,https://www.airbnb.com/rooms/1663283542397666436?locale=en-US&currency=USD&check_in=2026-05-01&check_out=2026-05-06,909.33
1378514346513857875,https://www.airbnb.com/rooms/1378514346513857875?locale=en-US&currency=USD&check_in=2026-05-01&check_out=2026-05-06,550.29
1618830333249037414,https://www.airbnb.com/rooms/1618830333249037414?locale=en-US&currency=USD&check_in=2026-05-01&check_out=2026-05-06,643.95
1589656204275030763,https://www.airbnb.com/rooms/1589656204275030763?locale=en-US&currency=USD&check_in=2026-05-01&check_out=2026-05-06,936.66
1512149380519707143,https://www.airbnb.com/rooms/1512149380519707143?locale=en-US&currency=USD&check_in=2026-05-01&check_out=2026-05-06,902.71
1528197606062246603,https://www.airbnb.com/rooms/1528197606062246603?locale=en-US&currency=USD&check_in=2026-05-01&check_out=2026-05-06,707.0
1199981606575500211,https://www.airbnb.com/rooms/1199981606575500211?locale=en-US&currency=USD&check_in=2026-05-01&check_out=2026-05-06,882.8
1359424298481801473,https://www.airbnb.com/rooms/1359424298481801473?locale=en-US&currency=USD&check_in=2026-05-01&check_out=2026-05-06,550.29
1656554585993706054,https://www.airbnb.com/rooms/1656554585993706054?locale=en-US&currency=USD&check_in=2026-05-01&check_out=2026-05-06,585.41
915257544596805795,https://www.airbnb.com/rooms/915257544596805795?locale=en-US&currency=USD&check_in=2026-05-01&check_out=2026-05-08,594.61
17557434,https://www.airbnb.com/rooms/17557434?locale=en-US&currency=USD&check_in=2026-05-16&check_out=2026-05-21,592.44
1305199592577271557,https://www.airbnb.com/rooms/1305199592577271557?locale=en-US&currency=USD&check_in=2026-05-01&check_out=2026-05-06,701.32
42837243,https://www.airbnb.com/rooms/42837243?locale=en-US&currency=USD&check_in=2026-05-01&check_out=2026-05-06,585.41
1612360935058078370,https://www.airbnb.com/rooms/1612360935058078370?locale=en-US&currency=USD&check_in=2026-05-01&check_out=2026-05-06,585.41
1557462941385564793,https://www.airbnb.com/rooms/1557462941385564793?locale=en-US&currency=USD&check_in=2026-05-01&check_out=2026-05-06,1.0
1512490753306617754,https://www.airbnb.com/rooms/1512490753306617754?locale=en-US&currency=USD&check_in=2026-05-01&check_out=2026-05-06,496.43
1149010951297250321,https://www.airbnb.com/rooms/1149010951297250321?locale=en-US&currency=USD&check_in=2026-05-01&check_out=2026-05-06,965.93
1615388235129112129,https://www.airbnb.com/rooms/1615388235129112129?locale=en-US&currency=USD&check_in=2026-05-01&check_out=2026-05-06,2.0
1512149212991607973,https://www.airbnb.com/rooms/1512149212991607973?locale=en-US&currency=USD&check_in=2026-11-02&check_out=2026-11-07,639.01
1504234528836825783,https://www.airbnb.com/rooms/1504234528836825783?locale=en-US&currency=USD&check_in=2026-05-01&check_out=2026-05-06,707.18
1579451470491723940,https://www.airbnb.com/rooms/1579451470491723940?locale=en-US&currency=USD&check_in=2026-05-01&check_out=2026-05-06,1.0
1048361463194323622,https://www.airbnb.com/rooms/1048361463194323622?locale=en-US&currency=USD&check_in=2026-05-01&check_out=2026-05-06,1.0
980949884076025140,https://www.airbnb.com/rooms/980949884076025140?locale=en-US&currency=USD&check_in=2026-05-01&check_out=2026-05-06,1.0
1613302774809465872,https://www.airbnb.com/rooms/1613302774809465872?locale=en-US&currency=USD&check_in=2026-05-01&check_out=2026-05-06,916.6
1176993323789019599,https://www.airbnb.com/rooms/1176993323789019599?locale=en-US&currency=USD&check_in=2026-05-01&check_out=2026-05-06,1.0
1606001718595835543,https://www.airbnb.com/rooms/1606001718595835543?locale=en-US&currency=USD&check_in=2026-05-01&check_out=2026-05-06,290.0
1042267008410146028,https://www.airbnb.com/rooms/1042267008410146028?locale=en-US&currency=USD&check_in=2026-05-01&check_out=2026-05-06,557.31
1446453285013975283,https://www.airbnb.com/rooms/1446453285013975283?locale=en-US&currency=USD&check_in=2026-05-01&check_out=2026-05-06,1.0
1360361550986322558,https://www.airbnb.com/rooms/1360361550986322558?locale=en-US&currency=USD&check_in=2026-05-01&check_out=2026-05-06,253.13
1403352409719548548,https://www.airbnb.com/rooms/1403352409719548548?locale=en-US&currency=USD&check_in=2026-05-01&check_out=2026-05-06,265.14
1416404953594448126,https://www.airbnb.com/rooms/1416404953594448126?locale=en-US&currency=USD&check_in=2026-05-01&check_out=2026-05-06,277.2
1583383730365544848,https://www.airbnb.com/rooms/1583383730365544848?locale=en-US&currency=USD&check_in=2026-05-12&check_out=2026-05-17,268.0
1530283528076762842,https://www.airbnb.com/rooms/1530283528076762842?locale=en-US&currency=USD&check_in=2026-05-01&check_out=2026-05-06,600.0
1150577455375633849,https://www.airbnb.com/rooms/1150577455375633849?locale=en-US&currency=USD&check_in=2026-05-01&check_out=2026-05-06,863.86
1577988958474149016,https://www.airbnb.com/rooms/1577988958474149016?locale=en-US&currency=USD&check_in=2026-05-01&check_out=2026-05-06,626.0
1338161607315089684,https://www.airbnb.com/rooms/1338161607315089684?locale=en-US&currency=USD&check_in=2026-05-01&check_out=2026-05-06,277.2
1584197650302710091,https://www.airbnb.com/rooms/1584197650302710091?locale=en-US&currency=USD&check_in=2026-05-01&check_out=2026-05-06,784.45
1471185594805842352,https://www.airbnb.com/rooms/1471185594805842352?locale=en-US&currency=USD&check_in=2026-05-03&check_out=2026-05-08,263.43
1231653058739693540,https://www.airbnb.com/rooms/1231653058739693540?locale=en-US&currency=USD&check_in=2026-05-01&check_out=2026-05-06,247.0
1606000121406098996,https://www.airbnb.com/rooms/1606000121406098996?locale=en-US&currency=USD&check_in=2026-05-01&check_out=2026-05-06,280.74
1308904711746092153,https://www.airbnb.com/rooms/1308904711746092153?locale=en-US&currency=USD&check_in=2026-06-05&check_out=2026-06-10,111.23
1482831691532989712,https://www.airbnb.com/rooms/1482831691532989712?locale=en-US&currency=USD&check_in=2026-05-01&check_out=2026-05-06,643.95
1328533267625737787,https://www.airbnb.com/rooms/1328533267625737787?locale=en-US&currency=USD&check_in=2026-05-09&check_out=2026-05-14,45.0
990819819239551225,https://www.airbnb.com/rooms/990819819239551225?locale=en-US&currency=USD&check_in=2026-06-29&check_out=2026-07-04,93.67
1140397074391194529,https://www.airbnb.com/rooms/1140397074391194529?locale=en-US&currency=USD&check_in=2026-05-20&check_out=2026-05-25,152.21
548357234359742514,https://www.airbnb.com/rooms/548357234359742514?locale=en-US&currency=USD&check_in=2026-05-24&check_out=2026-05-29,127.62
1211517904705642228,https://www.airbnb.com/rooms/1211517904705642228?locale=en-US&currency=USD&check_in=2026-05-01&check_out=2026-05-06,681.99
1386837152554091839,https://www.airbnb.com/rooms/1386837152554091839?locale=en-US&currency=USD&check_in=2026-05-03&check_out=2026-05-08,282.18
1384852378701047247,https://www.airbnb.com/rooms/1384852378701047247?locale=en-US&currency=USD&check_in=2026-05-01&check_out=2026-05-06,134.0
682690250626597918,https://www.airbnb.com/rooms/682690250626597918?locale=en-US&currency=USD&check_in=2026-05-01&check_out=2026-05-06,187.33
1005550448699835917,https://www.airbnb.com/rooms/1005550448699835917?locale=en-US&currency=USD&check_in=2026-05-01&check_out=2026-05-06,795.66
1386837091935393566,https://www.airbnb.com/rooms/1386837091935393566?locale=en-US&currency=USD&check_in=2026-05-06&check_out=2026-05-11,321.16
1197914284641397138,https://www.airbnb.com/rooms/1197914284641397138?locale=en-US&currency=USD&check_in=2026-05-01&check_out=2026-05-06,229.0
741879738876441933,https://www.airbnb.com/rooms/741879738876441933?locale=en-US&currency=USD&check_in=2026-05-01&check_out=2026-05-06,187.2
1592040413836682723,https://www.airbnb.com/rooms/1592040413836682723?locale=en-US&currency=USD&check_in=2026-06-15&check_out=2026-06-20,134.65
1538568289441979831,https://www.airbnb.com/rooms/1538568289441979831?locale=en-US&currency=USD&check_in=2026-05-01&check_out=2026-05-06,125.0
1521920347791839111,https://www.airbnb.com/rooms/1521920347791839111?locale=en-US&currency=USD&check_in=2026-05-01&check_out=2026-05-06,838.63
1086034169094747543,https://www.airbnb.com/rooms/1086034169094747543?locale=en-US&currency=USD&check_in=2026-05-05&check_out=2026-05-10,125.6
1631384019096963391,https://www.airbnb.com/rooms/1631384019096963391?locale=en-US&currency=USD&check_in=2026-05-03&check_out=2026-05-08,199.0
1367296864393571550,https://www.airbnb.com/rooms/1367296864393571550?locale=en-US&currency=USD&check_in=2026-05-13&check_out=2026-05-18,177.2
1266720263498449629,https://www.airbnb.com/rooms/1266720263498449629?locale=en-US&currency=USD&check_in=2026-05-17&check_out=2026-05-22,131.72
1645810248468090517,https://www.airbnb.com/rooms/1645810248468090517?locale=en-US&currency=USD&check_in=2026-05-04&check_out=2026-05-09,185.83
1498754373289779521,https://www.airbnb.com/rooms/1498754373289779521?locale=en-US&currency=USD&check_in=2026-05-05&check_out=2026-05-10,160.64
1016436443744428874,https://www.airbnb.com/rooms/1016436443744428874?locale=en-US&currency=USD&check_in=2026-05-03&check_out=2026-05-08,279.21
955483694118034334,https://www.airbnb.com/rooms/955483694118034334?locale=en-US&currency=USD&check_in=2026-05-01&check_out=2026-05-06,175.62
1527397043296637590,https://www.airbnb.com/rooms/1527397043296637590?locale=en-US&currency=USD&check_in=2026-05-08&check_out=2026-05-13,140.5
1219831683203707022,https://www.airbnb.com/rooms/1219831683203707022?locale=en-US&currency=USD&check_in=2026-05-01&check_out=2026-05-06,1.0
21705643,https://www.airbnb.com/rooms/21705643?locale=en-US&currency=USD&check_in=2026-05-01&check_out=2026-05-06,655.66
1384849964527495743,https://www.airbnb.com/rooms/1384849964527495743?locale=en-US&currency=USD&check_in=2026-05-04&check_out=2026-05-09,123.0
1503583342792353981,https://www.airbnb.com/rooms/1503583342792353981?locale=en-US&currency=USD&check_in=2026-05-01&check_out=2026-05-06,149.0
1424519240566200741,https://www.airbnb.com/rooms/1424519240566200741?locale=en-US&currency=USD&check_in=2026-05-01&check_out=2026-05-06,314.08
1246420010937198295,https://www.airbnb.com/rooms/1246420010937198295?locale=en-US&currency=USD&check_in=2026-05-21&check_out=2026-05-26,159.23
1591138045124712482,https://www.airbnb.com/rooms/1591138045124712482?locale=en-US&currency=USD&check_in=2026-05-01&check_out=2026-05-06,303.3
1513115415528048355,https://www.airbnb.com/rooms/1513115415528048355?locale=en-US&currency=USD&check_in=2026-05-05&check_out=2026-05-10,284.51
1160654349423127406,https://www.airbnb.com/rooms/1160654349423127406?locale=en-US&currency=USD&check_in=2026-05-03&check_out=2026-05-08,292.71
1585066826397290820,https://www.airbnb.com/rooms/1585066826397290820?locale=en-US&currency=USD&check_in=2026-05-01&check_out=2026-05-06,257.58
1608544760873304610,https://www.airbnb.com/rooms/1608544760873304610?locale=en-US&currency=USD&check_in=2026-05-01&check_out=2026-05-06,281.77
1186304038561754960,https://www.airbnb.com/rooms/1186304038561754960?locale=en-US&currency=USD&check_in=2026-05-01&check_out=2026-05-06,196.0
1239185343752708475,https://www.airbnb.com/rooms/1239185343752708475?locale=en-US&currency=USD&check_in=2026-05-01&check_out=2026-05-06,1.0
926187713279264652,https://www.airbnb.com/rooms/926187713279264652?locale=en-US&currency=USD&check_in=2026-05-01&check_out=2026-05-06,351.25
1180558154817796469,https://www.airbnb.com/rooms/1180558154817796469?locale=en-US&currency=USD&check_in=2026-05-01&check_out=2026-05-06,149.88
1338753216179724420,https://www.airbnb.com/rooms/1338753216179724420?locale=en-US&currency=USD&check_in=2026-05-01&check_out=2026-05-06,368.81
1177436101599966323,https://www.airbnb.com/rooms/1177436101599966323?locale=en-US&currency=USD&check_in=2026-05-01&check_out=2026-05-06,684.93
1566650176484653461,https://www.airbnb.com/rooms/1566650176484653461?locale=en-US&currency=USD&check_in=2026-05-01&check_out=2026-05-06,1.0
1355135981772594885,https://www.airbnb.com/rooms/1355135981772594885?locale=en-US&currency=USD&check_in=2026-05-01&check_out=2026-05-06,362.95
1465228687699287493,https://www.airbnb.com/rooms/1465228687699287493?locale=en-US&currency=USD&check_in=2026-05-01&check_out=2026-05-06,587.75
1144710959871941954,https://www.airbnb.com/rooms/1144710959871941954?locale=en-US&currency=USD&check_in=2026-05-01&check_out=2026-05-06,310.27
1278327552855186863,https://www.airbnb.com/rooms/1278327552855186863?locale=en-US&currency=USD&check_in=2026-05-02&check_out=2026-05-07,145.55
1632552831530239567,https://www.airbnb.com/rooms/1632552831530239567?locale=en-US&currency=USD&check_in=2026-05-04&check_out=2026-05-09,93.67
1359624363244490505,https://www.airbnb.com/rooms/1359624363244490505?locale=en-US&currency=USD&check_in=2026-05-03&check_out=2026-05-08,87.81
1113905175665688448,https://www.airbnb.com/rooms/1113905175665688448?locale=en-US&currency=USD&check_in=2026-05-01&check_out=2026-05-06,220.91
1594943812538194632,https://www.airbnb.com/rooms/1594943812538194632?locale=en-US&currency=USD&check_in=2026-05-01&check_out=2026-05-06,126.45
1487594384299959437,https://www.airbnb.com/rooms/1487594384299959437?locale=en-US&currency=USD&check_in=2026-05-11&check_out=2026-05-16,140.03
913438781106788261,https://www.airbnb.com/rooms/913438781106788261?locale=en-US&currency=USD&check_in=2026-05-08&check_out=2026-05-13,246.34
1410660722583584685,https://www.airbnb.com/rooms/1410660722583584685?locale=en-US&currency=USD&check_in=2026-05-01&check_out=2026-05-06,1.0
856016524903906952,https://www.airbnb.com/rooms/856016524903906952?locale=en-US&currency=USD&check_in=2026-05-01&check_out=2026-05-06,681.99
1277499307467449071,https://www.airbnb.com/rooms/1277499307467449071?locale=en-US&currency=USD&check_in=2026-05-01&check_out=2026-05-06,585.41
1540534693706492225,https://www.airbnb.com/rooms/1540534693706492225?locale=en-US&currency=USD&check_in=2026-05-06&check_out=2026-05-11,166.26
1373091368334539780,https://www.airbnb.com/rooms/1373091368334539780?locale=en-US&currency=USD&check_in=2026-05-01&check_out=2026-05-06,913.24
907900182421893647,https://www.airbnb.com/rooms/907900182421893647?locale=en-US&currency=USD&check_in=2026-05-01&check_out=2026-05-06,580.73
1319283469075375885,https://www.airbnb.com/rooms/1319283469075375885?locale=en-US&currency=USD&check_in=2026-05-01&check_out=2026-05-06,587.75
1461713378764072274,https://www.airbnb.com/rooms/1461713378764072274?locale=en-US&currency=USD&check_in=2026-05-02&check_out=2026-05-07,967.8
1420148568011420764,https://www.airbnb.com/rooms/1420148568011420764?locale=en-US&currency=USD&check_in=2026-05-01&check_out=2026-05-06,202.0
1288329476638689556,https://www.airbnb.com/rooms/1288329476638689556?locale=en-US&currency=USD&check_in=2026-05-01&check_out=2026-05-06,795.66
681776133764713251,https://www.airbnb.com/rooms/681776133764713251?locale=en-US&currency=USD&check_in=2026-05-01&check_out=2026-05-06,755.18
1081247984167693443,https://www.airbnb.com/rooms/1081247984167693443?locale=en-US&currency=USD&check_in=2026-05-06&check_out=2026-05-11,200.79
1639590721647305136,https://www.airbnb.com/rooms/1639590721647305136?locale=en-US&currency=USD&check_in=2026-05-01&check_out=2026-05-06,585.41
1482417253416515863,https://www.airbnb.com/rooms/1482417253416515863?locale=en-US&currency=USD&check_in=2026-05-01&check_out=2026-05-06,844.16
1445646791908439806,https://www.airbnb.com/rooms/1445646791908439806?locale=en-US&currency=USD&check_in=2026-05-01&check_out=2026-05-06,850.44
1164140665122725054,https://www.airbnb.com/rooms/1164140665122725054?locale=en-US&currency=USD&check_in=2026-05-01&check_out=2026-05-06,1.0
1475401542202125417,https://www.airbnb.com/rooms/1475401542202125417?locale=en-US&currency=USD&check_in=2026-05-01&check_out=2026-05-06,822.86
1423354259007251917,https://www.airbnb.com/rooms/1423354259007251917?locale=en-US&currency=USD&check_in=2026-05-01&check_out=2026-05-06,936.66
1615388050655414022,https://www.airbnb.com/rooms/1615388050655414022?locale=en-US&currency=USD&check_in=2026-05-01&check_out=2026-05-06,1.0
1423376957296582046,https://www.airbnb.com/rooms/1423376957296582046?locale=en-US&currency=USD&check_in=2026-05-01&check_out=2026-05-06,893.19
1297096849586231529,https://www.airbnb.com/rooms/1297096849586231529?locale=en-US&currency=USD&check_in=2026-05-01&check_out=2026-05-06,632.25
1249334199993271826,https://www.airbnb.com/rooms/1249334199993271826?locale=en-US&currency=USD&check_in=2026-05-03&check_out=2026-05-08,124.6
1475269023270252461,https://www.airbnb.com/rooms/1475269023270252461?locale=en-US&currency=USD&check_in=2026-05-01&check_out=2026-05-06,594.78
1484626050712332965,https://www.airbnb.com/rooms/1484626050712332965?locale=en-US&currency=USD&check_in=2026-05-01&check_out=2026-05-06,723.57
1560225461384156429,https://www.airbnb.com/rooms/1560225461384156429?locale=en-US&currency=USD&check_in=2026-05-01&check_out=2026-05-06,742.01
787507286574674085,https://www.airbnb.com/rooms/787507286574674085?locale=en-US&currency=USD&check_in=2026-05-08&check_out=2026-05-13,311.0
1558885122405432399,https://www.airbnb.com/rooms/1558885122405432399?locale=en-US&currency=USD&check_in=2026-05-01&check_out=2026-05-06,725.64
1223309088817999779,https://www.airbnb.com/rooms/1223309088817999779?locale=en-US&currency=USD&check_in=2026-08-06&check_out=2026-08-11,130.0
1182511995447620673,https://www.airbnb.com/rooms/1182511995447620673?locale=en-US&currency=USD&check_in=2026-05-04&check_out=2026-05-09,234.17
1340435226653635462,https://www.airbnb.com/rooms/1340435226653635462?locale=en-US&currency=USD&check_in=2026-05-05&check_out=2026-05-10,213.0
1600296998782411614,https://www.airbnb.com/rooms/1600296998782411614?locale=en-US&currency=USD&check_in=2026-05-02&check_out=2026-05-07,238.85
1094737973419244719,https://www.airbnb.com/rooms/1094737973419244719?locale=en-US&currency=USD&check_in=2026-05-06&check_out=2026-05-11,219.5
1437055398516312551,https://www.airbnb.com/rooms/1437055398516312551?locale=en-US&currency=USD&check_in=2026-05-01&check_out=2026-05-06,319.28
1236869736596826155,https://www.airbnb.com/rooms/1236869736596826155?locale=en-US&currency=USD&check_in=2026-05-08&check_out=2026-05-13,193.0
1436654490966779045,https://www.airbnb.com/rooms/1436654490966779045?locale=en-US&currency=USD&check_in=2026-05-01&check_out=2026-05-06,185.66
979799389609084264,https://www.airbnb.com/rooms/979799389609084264?locale=en-US&currency=USD&check_in=2026-05-01&check_out=2026-05-06,411.54
1662438871579227708,https://www.airbnb.com/rooms/1662438871579227708?locale=en-US&currency=USD&check_in=2026-05-01&check_out=2026-05-06,273.93
970930640022554250,https://www.airbnb.com/rooms/970930640022554250?locale=en-US&currency=USD&check_in=2026-05-01&check_out=2026-05-06,1.0
1198390754839197557,https://www.airbnb.com/rooms/1198390754839197557?locale=en-US&currency=USD&check_in=2026-05-01&check_out=2026-05-08,150.43
1517967461600586206,https://www.airbnb.com/rooms/1517967461600586206?locale=en-US&currency=USD&check_in=2026-05-01&check_out=2026-05-06,225.46
1433131550332600221,https://www.airbnb.com/rooms/1433131550332600221?locale=en-US&currency=USD&check_in=2026-05-04&check_out=2026-05-09,231.6
1600296958383830853,https://www.airbnb.com/rooms/1600296958383830853?locale=en-US&currency=USD&check_in=2026-05-01&check_out=2026-05-06,215.43
1471160003390200629,https://www.airbnb.com/rooms/1471160003390200629?locale=en-US&currency=USD&check_in=2026-05-01&check_out=2026-05-06,390.06
1587917123955001377,https://www.airbnb.com/rooms/1587917123955001377?locale=en-US&currency=USD&check_in=2026-05-02&check_out=2026-05-07,205.0
1460693464593175129,https://www.airbnb.com/rooms/1460693464593175129?locale=en-US&currency=USD&check_in=2026-05-01&check_out=2026-05-06,231.6
1243641468702444402,https://www.airbnb.com/rooms/1243641468702444402?locale=en-US&currency=USD&check_in=2026-05-15&check_out=2026-05-20,245.0
1013855054944324231,https://www.airbnb.com/rooms/1013855054944324231?locale=en-US&currency=USD&check_in=2026-05-01&check_out=2026-05-06,193.72
1580355392533303704,https://www.airbnb.com/rooms/1580355392533303704?locale=en-US&currency=USD&check_in=2026-05-01&check_out=2026-05-06,952.58
1660788143173192815,https://www.airbnb.com/rooms/1660788143173192815?locale=en-US&currency=USD&check_in=2026-05-01&check_out=2026-05-06,276.0
1654659731934554513,https://www.airbnb.com/rooms/1654659731934554513?locale=en-US&currency=USD&check_in=2026-05-01&check_out=2026-05-06,241.61
1652916769583350196,https://www.airbnb.com/rooms/1652916769583350196?locale=en-US&currency=USD&check_in=2026-05-01&check_out=2026-05-06,285.0
1385510783341149832,https://www.airbnb.com/rooms/1385510783341149832?locale=en-US&currency=USD&check_in=2026-05-06&check_out=2026-05-11,200.21
1107780146113704019,https://www.airbnb.com/rooms/1107780146113704019?locale=en-US&currency=USD&check_in=2026-05-01&check_out=2026-05-06,256.07
1522835002642086927,https://www.airbnb.com/rooms/1522835002642086927?locale=en-US&currency=USD&check_in=2026-05-01&check_out=2026-05-06,220.05
1295091350098862553,https://www.airbnb.com/rooms/1295091350098862553?locale=en-US&currency=USD&check_in=2026-05-01&check_out=2026-05-06,215.43
1555243937779872139,https://www.airbnb.com/rooms/1555243937779872139?locale=en-US&currency=USD&check_in=2026-05-01&check_out=2026-05-06,184.11
1667561977206768000,https://www.airbnb.com/rooms/1667561977206768000?locale=en-US&currency=USD&check_in=2026-05-01&check_out=2026-05-06,228.24
16290979,https://www.airbnb.com/rooms/16290979?locale=en-US&currency=USD&check_in=2026-05-10&check_out=2026-05-15,51.28
49773821,https://www.airbnb.com/rooms/49773821?locale=en-US&currency=USD&check_in=2026-05-01&check_out=2026-05-06,93.6
1319518528043591439,https://www.airbnb.com/rooms/1319518528043591439?locale=en-US&currency=USD&check_in=2026-05-01&check_out=2026-05-06,101.86
1468774485421506345,https://www.airbnb.com/rooms/1468774485421506345?locale=en-US&currency=USD&check_in=2026-05-21&check_out=2026-05-26,56.03
1344833182175148192,https://www.airbnb.com/rooms/1344833182175148192?locale=en-US&currency=USD&check_in=2026-05-01&check_out=2026-05-06,73.5
1661961428021860914,https://www.airbnb.com/rooms/1661961428021860914?locale=en-US&currency=USD&check_in=2026-05-01&check_out=2026-05-06,73.88
1391961996516455889,https://www.airbnb.com/rooms/1391961996516455889?locale=en-US&currency=USD&check_in=2026-05-09&check_out=2026-05-14,92.5
1130933842478962946,https://www.airbnb.com/rooms/1130933842478962946?locale=en-US&currency=USD&check_in=2026-05-01&check_out=2026-05-06,596.75
1650309846526152378,https://www.airbnb.com/rooms/1650309846526152378?locale=en-US&currency=USD&check_in=2026-05-11&check_out=2026-05-16,35.13
1061500549000037414,https://www.airbnb.com/rooms/1061500549000037414?locale=en-US&currency=USD&check_in=2026-05-01&check_out=2026-05-06,87.8
1381310134257979009,https://www.airbnb.com/rooms/1381310134257979009?locale=en-US&currency=USD&check_in=2026-05-01&check_out=2026-05-06,163.62
1455696827301343990,https://www.airbnb.com/rooms/1455696827301343990?locale=en-US&currency=USD&check_in=2026-05-16&check_out=2026-05-21,111.0
983414519320104363,https://www.airbnb.com/rooms/983414519320104363?locale=en-US&currency=USD&check_in=2026-05-01&check_out=2026-05-06,585.41
1320558631955734319,https://www.airbnb.com/rooms/1320558631955734319?locale=en-US&currency=USD&check_in=2026-05-01&check_out=2026-05-06,190.0
1287024945233006977,https://www.airbnb.com/rooms/1287024945233006977?locale=en-US&currency=USD&check_in=2026-05-01&check_out=2026-05-06,264.96
29474692,https://www.airbnb.com/rooms/29474692?locale=en-US&currency=USD&check_in=2026-05-26&check_out=2026-05-31,140.5
1402756406268182046,https://www.airbnb.com/rooms/1402756406268182046?locale=en-US&currency=USD&check_in=2026-05-07&check_out=2026-05-12,36.29
1295698845162295682,https://www.airbnb.com/rooms/1295698845162295682?locale=en-US&currency=USD&check_in=2026-05-01&check_out=2026-05-06,681.99
1549181843960990591,https://www.airbnb.com/rooms/1549181843960990591?locale=en-US&currency=USD&check_in=2026-05-01&check_out=2026-05-06,587.75
873185899027327222,https://www.airbnb.com/rooms/873185899027327222?locale=en-US&currency=USD&check_in=2026-05-08&check_out=2026-05-13,40.98
1561888686587426835,https://www.airbnb.com/rooms/1561888686587426835?locale=en-US&currency=USD&check_in=2026-05-01&check_out=2026-05-06,103.6
1516522674034869790,https://www.airbnb.com/rooms/1516522674034869790?locale=en-US&currency=USD&check_in=2026-05-01&check_out=2026-05-06,115.7
1626885025560964314,https://www.airbnb.com/rooms/1626885025560964314?locale=en-US&currency=USD&check_in=2026-05-04&check_out=2026-05-09,117.08
1381909454017496563,https://www.airbnb.com/rooms/1381909454017496563?locale=en-US&currency=USD&check_in=2026-05-02&check_out=2026-05-07,188.0
1663770474362885940,https://www.airbnb.com/rooms/1663770474362885940?locale=en-US&currency=USD&check_in=2026-05-01&check_out=2026-05-06,136.4
1585666207665224564,https://www.airbnb.com/rooms/1585666207665224564?locale=en-US&currency=USD&check_in=2026-05-01&check_out=2026-05-06,105.8
1533469992700415044,https://www.airbnb.com/rooms/1533469992700415044?locale=en-US&currency=USD&check_in=2026-05-01&check_out=2026-05-06,121.0
1516286876818942480,https://www.airbnb.com/rooms/1516286876818942480?locale=en-US&currency=USD&check_in=2026-05-02&check_out=2026-05-07,117.08
1605417407792668866,https://www.airbnb.com/rooms/1605417407792668866?locale=en-US&currency=USD&check_in=2026-05-01&check_out=2026-05-06,227.14
1134834727239525225,https://www.airbnb.com/rooms/1134834727239525225?locale=en-US&currency=USD&check_in=2026-05-04&check_out=2026-05-09,111.0
1641357479567752225,https://www.airbnb.com/rooms/1641357479567752225?locale=en-US&currency=USD&check_in=2026-05-01&check_out=2026-05-06,110.2
1622549096871242818,https://www.airbnb.com/rooms/1622549096871242818?locale=en-US&currency=USD&check_in=2026-05-01&check_out=2026-05-06,110.0
1437671449717350991,https://www.airbnb.com/rooms/1437671449717350991?locale=en-US&currency=USD&check_in=2026-05-01&check_out=2026-05-06,266.0
1527566992590507701,https://www.airbnb.com/rooms/1527566992590507701?locale=en-US&currency=USD&check_in=2026-05-01&check_out=2026-05-06,179.29
1557964439281854268,https://www.airbnb.com/rooms/1557964439281854268?locale=en-US&currency=USD&check_in=2026-05-01&check_out=2026-05-06,217.0
1510754777616150849,https://www.airbnb.com/rooms/1510754777616150849?locale=en-US&currency=USD&check_in=2026-05-02&check_out=2026-05-07,114.4
1476002826939712437,https://www.airbnb.com/rooms/1476002826939712437?locale=en-US&currency=USD&check_in=2026-05-01&check_out=2026-05-06,443.63
1600937347509723473,https://www.airbnb.com/rooms/1600937347509723473?locale=en-US&currency=USD&check_in=2026-05-01&check_out=2026-05-06,350.0
780234254783166196,https://www.airbnb.com/rooms/780234254783166196?locale=en-US&currency=USD&check_in=2026-05-01&check_out=2026-05-06,270.46
1416740441171469640,https://www.airbnb.com/rooms/1416740441171469640?locale=en-US&currency=USD&check_in=2026-05-01&check_out=2026-05-06,99.52
1148587259262300775,https://www.airbnb.com/rooms/1148587259262300775?locale=en-US&currency=USD&check_in=2026-05-01&check_out=2026-05-06,87.81
1538334896256907735,https://www.airbnb.com/rooms/1538334896256907735?locale=en-US&currency=USD&check_in=2026-05-10&check_out=2026-05-15,297.4
1468039225480569918,https://www.airbnb.com/rooms/1468039225480569918?locale=en-US&currency=USD&check_in=2026-05-01&check_out=2026-05-06,227.33
1570242333353102799,https://www.airbnb.com/rooms/1570242333353102799?locale=en-US&currency=USD&check_in=2026-05-01&check_out=2026-05-06,352.36
1656799728039423148,https://www.airbnb.com/rooms/1656799728039423148?locale=en-US&currency=USD&check_in=2026-05-01&check_out=2026-05-06,32.78
1360705356457676892,https://www.airbnb.com/rooms/1360705356457676892?locale=en-US&currency=USD&check_in=2026-05-01&check_out=2026-05-06,247.51
1559005011667532352,https://www.airbnb.com/rooms/1559005011667532352?locale=en-US&currency=USD&check_in=2026-05-01&check_out=2026-05-06,821.58
1384463896262583587,https://www.airbnb.com/rooms/1384463896262583587?locale=en-US&currency=USD&check_in=2026-05-01&check_out=2026-05-06,1.0
1217270627709511992,https://www.airbnb.com/rooms/1217270627709511992?locale=en-US&currency=USD&check_in=2026-05-11&check_out=2026-05-16,262.0
1446658569534429310,https://www.airbnb.com/rooms/1446658569534429310?locale=en-US&currency=USD&check_in=2026-05-01&check_out=2026-05-06,952.52
1658309958779764860,https://www.airbnb.com/rooms/1658309958779764860?locale=en-US&currency=USD&check_in=2026-05-01&check_out=2026-05-06,380.0
1458081602095496176,https://www.airbnb.com/rooms/1458081602095496176?locale=en-US&currency=USD&check_in=2026-05-06&check_out=2026-05-11,57.14
1651458625539048520,https://www.airbnb.com/rooms/1651458625539048520?locale=en-US&currency=USD&check_in=2026-05-07&check_out=2026-05-12,54.0
1577498817421648011,https://www.airbnb.com/rooms/1577498817421648011?locale=en-US&currency=USD&check_in=2026-05-01&check_out=2026-05-06,57.0
1602952473937904539,https://www.airbnb.com/rooms/1602952473937904539?locale=en-US&currency=USD&check_in=2026-05-01&check_out=2026-05-06,54.56
1500564623119654463,https://www.airbnb.com/rooms/1500564623119654463?locale=en-US&currency=USD&check_in=2026-05-03&check_out=2026-05-08,111.0
1462083158663460392,https://www.airbnb.com/rooms/1462083158663460392?locale=en-US&currency=USD&check_in=2026-05-19&check_out=2026-05-24,50.2
1205923422679122452,https://www.airbnb.com/rooms/1205923422679122452?locale=en-US&currency=USD&check_in=2026-05-11&check_out=2026-05-16,54.3
1627920018543138833,https://www.airbnb.com/rooms/1627920018543138833?locale=en-US&currency=USD&check_in=2026-05-02&check_out=2026-05-07,36.06
1227500356597227063,https://www.airbnb.com/rooms/1227500356597227063?locale=en-US&currency=USD&check_in=2026-05-03&check_out=2026-05-08,59.71
1176701377573639512,https://www.airbnb.com/rooms/1176701377573639512?locale=en-US&currency=USD&check_in=2026-05-01&check_out=2026-05-06,1.0
1380367733532763436,https://www.airbnb.com/rooms/1380367733532763436?locale=en-US&currency=USD&check_in=2026-05-01&check_out=2026-05-06,561.99
1660860920493578848,https://www.airbnb.com/rooms/1660860920493578848?locale=en-US&currency=USD&check_in=2026-05-01&check_out=2026-05-06,46.0
1537826898913582841,https://www.airbnb.com/rooms/1537826898913582841?locale=en-US&currency=USD&check_in=2026-05-01&check_out=2026-05-06,34.3
1571946785181337497,https://www.airbnb.com/rooms/1571946785181337497?locale=en-US&currency=USD&check_in=2026-05-09&check_out=2026-05-14,49.18
840544248476763973,https://www.airbnb.com/rooms/840544248476763973?locale=en-US&currency=USD&check_in=2026-05-19&check_out=2026-05-24,47.43
1191708492273500924,https://www.airbnb.com/rooms/1191708492273500924?locale=en-US&currency=USD&check_in=2026-05-26&check_out=2026-05-31,80.08
1661940217216626136,https://www.airbnb.com/rooms/1661940217216626136?locale=en-US&currency=USD&check_in=2026-05-01&check_out=2026-05-06,104.2
9817667,https://www.airbnb.com/rooms/9817667?locale=en-US&currency=USD&check_in=2026-05-01&check_out=2026-05-08,384.7
987674334031324113,https://www.airbnb.com/rooms/987674334031324113?locale=en-US&currency=USD&check_in=2026-05-01&check_out=2026-05-06,585.41
1496952984287693498,https://www.airbnb.com/rooms/1496952984287693498?locale=en-US&currency=USD&check_in=2026-05-01&check_out=2026-05-06,76.78
1625234508288497839,https://www.airbnb.com/rooms/1625234508288497839?locale=en-US&currency=USD&check_in=2026-05-01&check_out=2026-05-06,1.0
702026328842974612,https://www.airbnb.com/rooms/702026328842974612?locale=en-US&currency=USD&check_in=2026-05-01&check_out=2026-05-06,1.0
1385060229363452468,https://www.airbnb.com/rooms/1385060229363452468?locale=en-US&currency=USD&check_in=2026-05-11&check_out=2026-05-16,23.42
1328510560169599144,https://www.airbnb.com/rooms/1328510560169599144?locale=en-US&currency=USD&check_in=2026-05-14&check_out=2026-05-19,45.0
1424085784389397598,https://www.airbnb.com/rooms/1424085784389397598?locale=en-US&currency=USD&check_in=2026-05-12&check_out=2026-05-17,57.84
974439554519651935,https://www.airbnb.com/rooms/974439554519651935?locale=en-US&currency=USD&check_in=2026-05-04&check_out=2026-05-09,42.0
1525505027880129868,https://www.airbnb.com/rooms/1525505027880129868?locale=en-US&currency=USD&check_in=2026-05-03&check_out=2026-05-08,203.0
1386837140721974511,https://www.airbnb.com/rooms/1386837140721974511?locale=en-US&currency=USD&check_in=2026-05-03&check_out=2026-05-08,114.6
1180360628636458295,https://www.airbnb.com/rooms/1180360628636458295?locale=en-US&currency=USD&check_in=2026-05-01&check_out=2026-05-06,165.0
1076004459965459449,https://www.airbnb.com/rooms/1076004459965459449?locale=en-US&currency=USD&check_in=2026-05-01&check_out=2026-05-06,95.5
1493082525022030240,https://www.airbnb.com/rooms/1493082525022030240?locale=en-US&currency=USD&check_in=2026-05-02&check_out=2026-05-07,58.54
1361000007215165792,https://www.airbnb.com/rooms/1361000007215165792?locale=en-US&currency=USD&check_in=2026-05-01&check_out=2026-05-06,325.29
888504443407553239,https://www.airbnb.com/rooms/888504443407553239?locale=en-US&currency=USD&check_in=2026-05-01&check_out=2026-05-08,492.86
1381052147216678160,https://www.airbnb.com/rooms/1381052147216678160?locale=en-US&currency=USD&check_in=2026-05-02&check_out=2026-05-07,237.88
1213016649959329038,https://www.airbnb.com/rooms/1213016649959329038?locale=en-US&currency=USD&check_in=2026-05-01&check_out=2026-05-06,807.87
904166347638363320,https://www.airbnb.com/rooms/904166347638363320?locale=en-US&currency=USD&check_in=2026-05-01&check_out=2026-05-06,93.43
1329094986217248475,https://www.airbnb.com/rooms/1329094986217248475?locale=en-US&currency=USD&check_in=2026-05-11&check_out=2026-05-16,119.42
1608458404556032761,https://www.airbnb.com/rooms/1608458404556032761?locale=en-US&currency=USD&check_in=2026-05-30&check_out=2026-06-04,64.39
992609716219291240,https://www.airbnb.com/rooms/992609716219291240?locale=en-US&currency=USD&check_in=2026-05-01&check_out=2026-05-06,293.5
1381660179165917310,https://www.airbnb.com/rooms/1381660179165917310?locale=en-US&currency=USD&check_in=2026-05-07&check_out=2026-05-12,50.0
1659643333291643223,https://www.airbnb.com/rooms/1659643333291643223?locale=en-US&currency=USD&check_in=2026-05-01&check_out=2026-05-06,312.0
1179853350598080082,https://www.airbnb.com/rooms/1179853350598080082?locale=en-US&currency=USD&check_in=2026-05-01&check_out=2026-05-06,237.21
1506578188692303219,https://www.airbnb.com/rooms/1506578188692303219?locale=en-US&currency=USD&check_in=2026-05-01&check_out=2026-05-06,23.43
1559479900130565419,https://www.airbnb.com/rooms/1559479900130565419?locale=en-US&currency=USD&check_in=2026-05-03&check_out=2026-05-08,19.9
1150409328715597197,https://www.airbnb.com/rooms/1150409328715597197?locale=en-US&currency=USD&check_in=2026-05-01&check_out=2026-05-06,40.5
1380648806849968691,https://www.airbnb.com/rooms/1380648806849968691?locale=en-US&currency=USD&check_in=2026-05-01&check_out=2026-05-06,51.08
26825202,https://www.airbnb.com/rooms/26825202?locale=en-US&currency=USD&check_in=2026-05-09&check_out=2026-05-14,40.5
49039745,https://www.airbnb.com/rooms/49039745?locale=en-US&currency=USD&check_in=2026-05-01&check_out=2026-05-06,300.0
13181162,https://www.airbnb.com/rooms/13181162?locale=en-US&currency=USD&check_in=2026-05-04&check_out=2026-05-09,70.48
1226127346468491659,https://www.airbnb.com/rooms/1226127346468491659?locale=en-US&currency=USD&check_in=2026-05-13&check_out=2026-05-18,82.68
43167843,https://www.airbnb.com/rooms/43167843?locale=en-US&currency=USD&check_in=2026-05-03&check_out=2026-05-08,68.24
1519742118292616756,https://www.airbnb.com/rooms/1519742118292616756?locale=en-US&currency=USD&check_in=2026-05-01&check_out=2026-05-06,189.0
1209722553336604480,https://www.airbnb.com/rooms/1209722553336604480?locale=en-US&currency=USD&check_in=2026-05-01&check_out=2026-05-06,87.11
1526162316052604824,https://www.airbnb.com/rooms/1526162316052604824?locale=en-US&currency=USD&check_in=2026-05-11&check_out=2026-05-16,22.25
1092586881052614372,https://www.airbnb.com/rooms/1092586881052614372?locale=en-US&currency=USD&check_in=2026-05-05&check_out=2026-05-10,82.9
1011425577705002985,https://www.airbnb.com/rooms/1011425577705002985?locale=en-US&currency=USD&check_in=2026-05-04&check_out=2026-05-09,62.5
997711796092033105,https://www.airbnb.com/rooms/997711796092033105?locale=en-US&currency=USD&check_in=2026-05-01&check_out=2026-05-06,57.0
1237564646529998624,https://www.airbnb.com/rooms/1237564646529998624?locale=en-US&currency=USD&check_in=2026-05-05&check_out=2026-05-10,78.8
1414405144370930392,https://www.airbnb.com/rooms/1414405144370930392?locale=en-US&currency=USD&check_in=2026-05-01&check_out=2026-05-06,40.0
1587065249933171470,https://www.airbnb.com/rooms/1587065249933171470?locale=en-US&currency=USD&check_in=2026-05-01&check_out=2026-05-06,264.0
1666273648078837043,https://www.airbnb.com/rooms/1666273648078837043?locale=en-US&currency=USD&check_in=2026-05-04&check_out=2026-05-09,79.57
1576999623902796969,https://www.airbnb.com/rooms/1576999623902796969?locale=en-US&currency=USD&check_in=2026-05-18&check_out=2026-05-23,66.74
1134768290926510851,https://www.airbnb.com/rooms/1134768290926510851?locale=en-US&currency=USD&check_in=2026-05-12&check_out=2026-05-17,91.0
1418293145930199756,https://www.airbnb.com/rooms/1418293145930199756?locale=en-US&currency=USD&check_in=2026-05-01&check_out=2026-05-06,79.62
1571669607123814061,https://www.airbnb.com/rooms/1571669607123814061?locale=en-US&currency=USD&check_in=2026-05-04&check_out=2026-05-09,69.27
1459275458309413302,https://www.airbnb.com/rooms/1459275458309413302?locale=en-US&currency=USD&check_in=2026-05-04&check_out=2026-05-09,65.75
1498035269967530342,https://www.airbnb.com/rooms/1498035269967530342?locale=en-US&currency=USD&check_in=2026-05-01&check_out=2026-05-06,134.4
1577541709058668590,https://www.airbnb.com/rooms/1577541709058668590?locale=en-US&currency=USD&check_in=2026-05-01&check_out=2026-05-06,68.0
1294308350286532199,https://www.airbnb.com/rooms/1294308350286532199?locale=en-US&currency=USD&check_in=2026-05-01&check_out=2026-05-06,83.46
1136034941071797168,https://www.airbnb.com/rooms/1136034941071797168?locale=en-US&currency=USD&check_in=2026-05-01&check_out=2026-05-06,170.88
1513175808352388853,https://www.airbnb.com/rooms/1513175808352388853?locale=en-US&currency=USD&check_in=2026-05-01&check_out=2026-05-06,117.08
39507154,https://www.airbnb.com/rooms/39507154?locale=en-US&currency=USD&check_in=2026-05-08&check_out=2026-05-13,118.72
1428921969631212583,https://www.airbnb.com/rooms/1428921969631212583?locale=en-US&currency=USD&check_in=2026-05-04&check_out=2026-05-09,116.23
1664768965528056358,https://www.airbnb.com/rooms/1664768965528056358?locale=en-US&currency=USD&check_in=2026-05-01&check_out=2026-05-06,79.57
1564463961314051474,https://www.airbnb.com/rooms/1564463961314051474?locale=en-US&currency=USD&check_in=2026-05-01&check_out=2026-05-06,67.0
570158961517853330,https://www.airbnb.com/rooms/570158961517853330?locale=en-US&currency=USD&check_in=2026-05-19&check_out=2026-05-24,114.27
842399195003437617,https://www.airbnb.com/rooms/842399195003437617?locale=en-US&currency=USD&check_in=2026-05-01&check_out=2026-05-06,41.0
1589334524141935489,https://www.airbnb.com/rooms/1589334524141935489?locale=en-US&currency=USD&check_in=2026-05-01&check_out=2026-05-06,98.15
1396502372937750562,https://www.airbnb.com/rooms/1396502372937750562?locale=en-US&currency=USD&check_in=2026-05-01&check_out=2026-05-06,231.82
1665543950440841449,https://www.airbnb.com/rooms/1665543950440841449?locale=en-US&currency=USD&check_in=2026-05-01&check_out=2026-05-06,62.52
846283079041523899,https://www.airbnb.com/rooms/846283079041523899?locale=en-US&currency=USD&check_in=2026-05-01&check_out=2026-05-06,236.79
1631383974182856339,https://www.airbnb.com/rooms/1631383974182856339?locale=en-US&currency=USD&check_in=2026-05-10&check_out=2026-05-15,233.0
1484108310535882439,https://www.airbnb.com/rooms/1484108310535882439?locale=en-US&currency=USD&check_in=2026-05-01&check_out=2026-05-06,122.54
1042483269666961325,https://www.airbnb.com/rooms/1042483269666961325?locale=en-US&currency=USD&check_in=2026-05-01&check_out=2026-05-06,278.09
1165139126286619184,https://www.airbnb.com/rooms/1165139126286619184?locale=en-US&currency=USD&check_in=2026-05-12&check_out=2026-05-17,117.08
1116095384228706250,https://www.airbnb.com/rooms/1116095384228706250?locale=en-US&currency=USD&check_in=2026-05-03&check_out=2026-05-08,233.69
1657643569182262085,https://www.airbnb.com/rooms/1657643569182262085?locale=en-US&currency=USD&check_in=2026-05-01&check_out=2026-05-06,284.17
1236707226138243619,https://www.airbnb.com/rooms/1236707226138243619?locale=en-US&currency=USD&check_in=2026-05-08&check_out=2026-05-13,243.53
1086195826555814305,https://www.airbnb.com/rooms/1086195826555814305?locale=en-US&currency=USD&check_in=2026-05-01&check_out=2026-05-06,33.49
1443617973956365407,https://www.airbnb.com/rooms/1443617973956365407?locale=en-US&currency=USD&check_in=2026-05-01&check_out=2026-05-06,231.12
1415371678389603532,https://www.airbnb.com/rooms/1415371678389603532?locale=en-US&currency=USD&check_in=2026-05-01&check_out=2026-05-06,223.39
1662521167821890682,https://www.airbnb.com/rooms/1662521167821890682?locale=en-US&currency=USD&check_in=2026-05-06&check_out=2026-05-11,285.53
38458462,https://www.airbnb.com/rooms/38458462?locale=en-US&currency=USD&check_in=2026-05-06&check_out=2026-05-11,156.19
1138076289355351323,https://www.airbnb.com/rooms/1138076289355351323?locale=en-US&currency=USD&check_in=2026-05-13&check_out=2026-05-18,224.8
1413793482058721505,https://www.airbnb.com/rooms/1413793482058721505?locale=en-US&currency=USD&check_in=2026-05-01&check_out=2026-05-06,224.33
1454518561688224646,https://www.airbnb.com/rooms/1454518561688224646?locale=en-US&currency=USD&check_in=2026-05-01&check_out=2026-05-06,216.84
1496950722323360486,https://www.airbnb.com/rooms/1496950722323360486?locale=en-US&currency=USD&check_in=2026-06-06&check_out=2026-06-11,81.02
1587750863099568632,https://www.airbnb.com/rooms/1587750863099568632?locale=en-US&currency=USD&check_in=2026-05-01&check_out=2026-05-06,231.8
1374555678493358475,https://www.airbnb.com/rooms/1374555678493358475?locale=en-US&currency=USD&check_in=2026-05-01&check_out=2026-05-06,231.82
1345522196864629056,https://www.airbnb.com/rooms/1345522196864629056?locale=en-US&currency=USD&check_in=2026-06-22&check_out=2026-06-27,239.6
1632225813707712266,https://www.airbnb.com/rooms/1632225813707712266?locale=en-US&currency=USD&check_in=2026-05-01&check_out=2026-05-06,815.89
1129848332561686701,https://www.airbnb.com/rooms/1129848332561686701?locale=en-US&currency=USD&check_in=2026-05-01&check_out=2026-05-06,228.31
1659643298831693196,https://www.airbnb.com/rooms/1659643298831693196?locale=en-US&currency=USD&check_in=2026-05-01&check_out=2026-05-06,312.0
1659643317367255238,https://www.airbnb.com/rooms/1659643317367255238?locale=en-US&currency=USD&check_in=2026-05-01&check_out=2026-05-06,312.0
1600268056611420634,https://www.airbnb.com/rooms/1600268056611420634?locale=en-US&currency=USD&check_in=2026-05-01&check_out=2026-05-06,270.28
49979686,https://www.airbnb.com/rooms/49979686?locale=en-US&currency=USD&check_in=2026-05-01&check_out=2026-05-06,220.0
845639695364470565,https://www.airbnb.com/rooms/845639695364470565?locale=en-US&currency=USD&check_in=2026-05-15&check_out=2026-05-20,13.0
1606917400160173488,https://www.airbnb.com/rooms/1606917400160173488?locale=en-US&currency=USD&check_in=2026-05-09&check_out=2026-05-14,26.4
1413006465989652470,https://www.airbnb.com/rooms/1413006465989652470?locale=en-US&currency=USD&check_in=2026-05-21&check_out=2026-05-26,22.15
1271857125569231940,https://www.airbnb.com/rooms/1271857125569231940?locale=en-US&currency=USD&check_in=2026-05-03&check_out=2026-05-08,20.14
49334756,https://www.airbnb.com/rooms/49334756?locale=en-US&currency=USD&check_in=2026-05-11&check_out=2026-05-16,270.0
1666965692032806389,https://www.airbnb.com/rooms/1666965692032806389?locale=en-US&currency=USD&check_in=2026-05-21&check_out=2026-05-26,34.1
1621521076497911019,https://www.airbnb.com/rooms/1621521076497911019?locale=en-US&currency=USD&check_in=2026-05-10&check_out=2026-05-15,58.54
1342848180743802893,https://www.airbnb.com/rooms/1342848180743802893?locale=en-US&currency=USD&check_in=2026-05-04&check_out=2026-05-09,14.28
886363181657712851,https://www.airbnb.com/rooms/886363181657712851?locale=en-US&currency=USD&check_in=2026-05-01&check_out=2026-05-06,1.0
1255931472512598656,https://www.airbnb.com/rooms/1255931472512598656?locale=en-US&currency=USD&check_in=2026-05-24&check_out=2026-05-29,23.42
1137611076084427359,https://www.airbnb.com/rooms/1137611076084427359?locale=en-US&currency=USD&check_in=2026-05-09&check_out=2026-05-14,51.52
1607068601195968361,https://www.airbnb.com/rooms/1607068601195968361?locale=en-US&currency=USD&check_in=2026-05-05&check_out=2026-05-10,25.2
1510946334207098001,https://www.airbnb.com/rooms/1510946334207098001?locale=en-US&currency=USD&check_in=2026-05-02&check_out=2026-05-07,56.0
1577017238839515917,https://www.airbnb.com/rooms/1577017238839515917?locale=en-US&currency=USD&check_in=2026-05-01&check_out=2026-05-06,317.0
1344481029603175946,https://www.airbnb.com/rooms/1344481029603175946?locale=en-US&currency=USD&check_in=2026-05-10&check_out=2026-05-15,41.21
1532716727302887158,https://www.airbnb.com/rooms/1532716727302887158?locale=en-US&currency=USD&check_in=2026-05-01&check_out=2026-05-06,210.75
1655636845963348486,https://www.airbnb.com/rooms/1655636845963348486?locale=en-US&currency=USD&check_in=2026-05-01&check_out=2026-05-06,52.1
1261411894109733851,https://www.airbnb.com/rooms/1261411894109733851?locale=en-US&currency=USD&check_in=2026-08-31&check_out=2026-09-05,186.8
1455828119076096630,https://www.airbnb.com/rooms/1455828119076096630?locale=en-US&currency=USD&check_in=2026-05-06&check_out=2026-05-11,193.89
1341442037542248822,https://www.airbnb.com/rooms/1341442037542248822?locale=en-US&currency=USD&check_in=2026-06-01&check_out=2026-06-06,67.0
1613745481492925949,https://www.airbnb.com/rooms/1613745481492925949?locale=en-US&currency=USD&check_in=2026-05-01&check_out=2026-05-06,450.53
1341592470123058612,https://www.airbnb.com/rooms/1341592470123058612?locale=en-US&currency=USD&check_in=2026-05-01&check_out=2026-05-06,484.72
1297286425888271788,https://www.airbnb.com/rooms/1297286425888271788?locale=en-US&currency=USD&check_in=2026-05-01&check_out=2026-05-06,439.06
1526967919053000596,https://www.airbnb.com/rooms/1526967919053000596?locale=en-US&currency=USD&check_in=2026-05-01&check_out=2026-05-06,520.59
1472300897833613641,https://www.airbnb.com/rooms/1472300897833613641?locale=en-US&currency=USD&check_in=2026-08-22&check_out=2026-08-27,461.43
1095575554885410147,https://www.airbnb.com/rooms/1095575554885410147?locale=en-US&currency=USD&check_in=2026-05-06&check_out=2026-05-11,62.5
1458848227395188519,https://www.airbnb.com/rooms/1458848227395188519?locale=en-US&currency=USD&check_in=2026-05-16&check_out=2026-05-21,435.55
1501642132078410539,https://www.airbnb.com/rooms/1501642132078410539?locale=en-US&currency=USD&check_in=2026-05-01&check_out=2026-05-06,570.6
1367468270071699707,https://www.airbnb.com/rooms/1367468270071699707?locale=en-US&currency=USD&check_in=2026-05-01&check_out=2026-05-06,473.01
1146878447597361543,https://www.airbnb.com/rooms/1146878447597361543?locale=en-US&currency=USD&check_in=2026-05-04&check_out=2026-05-09,468.33
1663748515666655189,https://www.airbnb.com/rooms/1663748515666655189?locale=en-US&currency=USD&check_in=2026-05-01&check_out=2026-05-06,379.35
1581148825850549926,https://www.airbnb.com/rooms/1581148825850549926?locale=en-US&currency=USD&check_in=2026-05-01&check_out=2026-05-06,396.91
1020803619969682230,https://www.airbnb.com/rooms/1020803619969682230?locale=en-US&currency=USD&check_in=2026-05-16&check_out=2026-05-21,454.28
33508561,https://www.airbnb.com/rooms/33508561?locale=en-US&currency=USD&check_in=2026-05-01&check_out=2026-05-06,386.37
1595788412298887199,https://www.airbnb.com/rooms/1595788412298887199?locale=en-US&currency=USD&check_in=2026-05-16&check_out=2026-05-21,475.35
1207204588129617036,https://www.airbnb.com/rooms/1207204588129617036?locale=en-US&currency=USD&check_in=2026-05-01&check_out=2026-05-06,384.03
876635382065447441,https://www.airbnb.com/rooms/876635382065447441?locale=en-US&currency=USD&check_in=2026-05-10&check_out=2026-05-15,391.06
1583489179587965875,https://www.airbnb.com/rooms/1583489179587965875?locale=en-US&currency=USD&check_in=2026-05-01&check_out=2026-05-06,386.37
1661497961861192417,https://www.airbnb.com/rooms/1661497961861192417?locale=en-US&currency=USD&check_in=2026-05-01&check_out=2026-05-06,454.66
1041437962161590692,https://www.airbnb.com/rooms/1041437962161590692?locale=en-US&currency=USD&check_in=2026-05-17&check_out=2026-05-22,88.28
678463884188978038,https://www.airbnb.com/rooms/678463884188978038?locale=en-US&currency=USD&check_in=2026-05-01&check_out=2026-05-06,471.84
909443120158965056,https://www.airbnb.com/rooms/909443120158965056?locale=en-US&currency=USD&check_in=2026-05-01&check_out=2026-05-06,416.81
1260406464173905881,https://www.airbnb.com/rooms/1260406464173905881?locale=en-US&currency=USD&check_in=2026-05-01&check_out=2026-05-06,286.85
1494286145132247576,https://www.airbnb.com/rooms/1494286145132247576?locale=en-US&currency=USD&check_in=2026-05-01&check_out=2026-05-06,130.94
1636821038111464463,https://www.airbnb.com/rooms/1636821038111464463?locale=en-US&currency=USD&check_in=2026-05-11&check_out=2026-05-16,356.54
1642185607955946849,https://www.airbnb.com/rooms/1642185607955946849?locale=en-US&currency=USD&check_in=2026-05-01&check_out=2026-05-06,343.73
879696915671476563,https://www.airbnb.com/rooms/879696915671476563?locale=en-US&currency=USD&check_in=2026-05-05&check_out=2026-05-10,119.42
1527612080432866929,https://www.airbnb.com/rooms/1527612080432866929?locale=en-US&currency=USD&check_in=2026-05-01&check_out=2026-05-06,342.36
1423428647185198888,https://www.airbnb.com/rooms/1423428647185198888?locale=en-US&currency=USD&check_in=2026-05-06&check_out=2026-05-11,320.0
671740578859926360,https://www.airbnb.com/rooms/671740578859926360?locale=en-US&currency=USD&check_in=2026-05-01&check_out=2026-05-06,289.19
986907258138126927,https://www.airbnb.com/rooms/986907258138126927?locale=en-US&currency=USD&check_in=2026-05-01&check_out=2026-05-06,38.64
1557142729767028410,https://www.airbnb.com/rooms/1557142729767028410?locale=en-US&currency=USD&check_in=2026-05-01&check_out=2026-05-06,341.0
1437055324321650406,https://www.airbnb.com/rooms/1437055324321650406?locale=en-US&currency=USD&check_in=2026-05-01&check_out=2026-05-06,357.39
1595121737419913669,https://www.airbnb.com/rooms/1595121737419913669?locale=en-US&currency=USD&check_in=2026-05-01&check_out=2026-05-06,354.64
1476993545170771266,https://www.airbnb.com/rooms/1476993545170771266?locale=en-US&currency=USD&check_in=2026-05-13&check_out=2026-05-18,79.45
1499293182649581825,https://www.airbnb.com/rooms/1499293182649581825?locale=en-US&currency=USD&check_in=2026-05-01&check_out=2026-05-06,342.36
1006410596383133743,https://www.airbnb.com/rooms/1006410596383133743?locale=en-US&currency=USD&check_in=2026-05-01&check_out=2026-05-06,292.71
1072337923226213591,https://www.airbnb.com/rooms/1072337923226213591?locale=en-US&currency=USD&check_in=2026-05-01&check_out=2026-05-06,292.71
1597258314567751350,https://www.airbnb.com/rooms/1597258314567751350?locale=en-US&currency=USD&check_in=2026-05-01&check_out=2026-05-06,294.11
1534883263996779213,https://www.airbnb.com/rooms/1534883263996779213?locale=en-US&currency=USD&check_in=2026-05-01&check_out=2026-05-06,279.88
1655016228235060394,https://www.airbnb.com/rooms/1655016228235060394?locale=en-US&currency=USD&check_in=2026-05-01&check_out=2026-05-06,280.51
1653708979868910510,https://www.airbnb.com/rooms/1653708979868910510?locale=en-US&currency=USD&check_in=2026-05-01&check_out=2026-05-06,281.94
1610455786796415638,https://www.airbnb.com/rooms/1610455786796415638?locale=en-US&currency=USD&check_in=2026-05-01&check_out=2026-05-06,469.21
1178779410424644003,https://www.airbnb.com/rooms/1178779410424644003?locale=en-US&currency=USD&check_in=2026-05-01&check_out=2026-05-06,217.77
1514011890775926531,https://www.airbnb.com/rooms/1514011890775926531?locale=en-US&currency=USD&check_in=2026-05-01&check_out=2026-05-06,356.0
1529090491737849100,https://www.airbnb.com/rooms/1529090491737849100?locale=en-US&currency=USD&check_in=2026-05-01&check_out=2026-05-06,366.07
1583439639189402167,https://www.airbnb.com/rooms/1583439639189402167?locale=en-US&currency=USD&check_in=2026-05-01&check_out=2026-05-06,382.86
1652916755572425157,https://www.airbnb.com/rooms/1652916755572425157?locale=en-US&currency=USD&check_in=2026-05-01&check_out=2026-05-06,285.0
1595812603308547251,https://www.airbnb.com/rooms/1595812603308547251?locale=en-US&currency=USD&check_in=2026-05-16&check_out=2026-05-21,475.35
1651521621832902360,https://www.airbnb.com/rooms/1651521621832902360?locale=en-US&currency=USD&check_in=2026-05-01&check_out=2026-05-06,352.65
1393384400047766758,https://www.airbnb.com/rooms/1393384400047766758?locale=en-US&currency=USD&check_in=2026-05-01&check_out=2026-05-06,233.0
1513869666670194975,https://www.airbnb.com/rooms/1513869666670194975?locale=en-US&currency=USD&check_in=2026-05-11&check_out=2026-05-16,408.62
1652916784505927846,https://www.airbnb.com/rooms/1652916784505927846?locale=en-US&currency=USD&check_in=2026-05-02&check_out=2026-05-07,427.0
1106469536719280077,https://www.airbnb.com/rooms/1106469536719280077?locale=en-US&currency=USD&check_in=2026-05-01&check_out=2026-05-06,306.8
1034066309855148751,https://www.airbnb.com/rooms/1034066309855148751?locale=en-US&currency=USD&check_in=2026-05-01&check_out=2026-05-06,333.69
1507754142013484123,https://www.airbnb.com/rooms/1507754142013484123?locale=en-US&currency=USD&check_in=2026-07-01&check_out=2026-07-06,319.87
1399344813755631190,https://www.airbnb.com/rooms/1399344813755631190?locale=en-US&currency=USD&check_in=2026-05-01&check_out=2026-05-06,355.93
1595475888836283799,https://www.airbnb.com/rooms/1595475888836283799?locale=en-US&currency=USD&check_in=2026-05-01&check_out=2026-05-06,311.44
786193899036913679,https://www.airbnb.com/rooms/786193899036913679?locale=en-US&currency=USD&check_in=2026-05-01&check_out=2026-05-06,311.0
1408209251622006928,https://www.airbnb.com/rooms/1408209251622006928?locale=en-US&currency=USD&check_in=2026-05-01&check_out=2026-05-06,331.56
1632510659058548225,https://www.airbnb.com/rooms/1632510659058548225?locale=en-US&currency=USD&check_in=2026-05-01&check_out=2026-05-06,306.76
1119687151889965711,https://www.airbnb.com/rooms/1119687151889965711?locale=en-US&currency=USD&check_in=2026-05-01&check_out=2026-05-06,351.25
1253545695819460306,https://www.airbnb.com/rooms/1253545695819460306?locale=en-US&currency=USD&check_in=2026-05-01&check_out=2026-05-06,273.0
1573732500396807254,https://www.airbnb.com/rooms/1573732500396807254?locale=en-US&currency=USD&check_in=2026-05-01&check_out=2026-05-06,329.42
592650663225067850,https://www.airbnb.com/rooms/592650663225067850?locale=en-US&currency=USD&check_in=2026-05-01&check_out=2026-05-06,357.66
1279650622193070800,https://www.airbnb.com/rooms/1279650622193070800?locale=en-US&currency=USD&check_in=2026-05-16&check_out=2026-05-21,317.29
17972891,https://www.airbnb.com/rooms/17972891?locale=en-US&currency=USD&check_in=2026-05-01&check_out=2026-05-06,333.69
1613730531380064342,https://www.airbnb.com/rooms/1613730531380064342?locale=en-US&currency=USD&check_in=2026-05-01&check_out=2026-05-06,365.3
1666188011871297878,https://www.airbnb.com/rooms/1666188011871297878?locale=en-US&currency=USD&check_in=2026-05-01&check_out=2026-05-06,351.25
1531634398802978649,https://www.airbnb.com/rooms/1531634398802978649?locale=en-US&currency=USD&check_in=2026-05-01&check_out=2026-05-06,365.3
1666136954553586919,https://www.airbnb.com/rooms/1666136954553586919?locale=en-US&currency=USD&check_in=2026-05-01&check_out=2026-05-06,399.65
1064665966642916279,https://www.airbnb.com/rooms/1064665966642916279?locale=en-US&currency=USD&check_in=2026-05-01&check_out=2026-05-06,234.17
1500917056962963042,https://www.airbnb.com/rooms/1500917056962963042?locale=en-US&currency=USD&check_in=2026-05-01&check_out=2026-05-06,397.83
1661874947899447427,https://www.airbnb.com/rooms/1661874947899447427?locale=en-US&currency=USD&check_in=2027-01-01&check_out=2027-01-06,350.0
1656526091746623839,https://www.airbnb.com/rooms/1656526091746623839?locale=en-US&currency=USD&check_in=2026-05-01&check_out=2026-05-06,32.96
1663295629348774645,https://www.airbnb.com/rooms/1663295629348774645?locale=en-US&currency=USD&check_in=2026-05-04&check_out=2026-05-09,51.52
1637113727785255420,https://www.airbnb.com/rooms/1637113727785255420?locale=en-US&currency=USD&check_in=2026-05-01&check_out=2026-05-06,18.73
944289552529814347,https://www.airbnb.com/rooms/944289552529814347?locale=en-US&currency=USD&check_in=2026-05-01&check_out=2026-05-06,19.67
961364838492802520,https://www.airbnb.com/rooms/961364838492802520?locale=en-US&currency=USD&check_in=2026-05-01&check_out=2026-05-06,346.12
1167161726460951446,https://www.airbnb.com/rooms/1167161726460951446?locale=en-US&currency=USD&check_in=2026-05-01&check_out=2026-05-06,12.57
1632019923097329747,https://www.airbnb.com/rooms/1632019923097329747?locale=en-US&currency=USD&check_in=2026-05-01&check_out=2026-05-06,29.27
1469678894161141620,https://www.airbnb.com/rooms/1469678894161141620?locale=en-US&currency=USD&check_in=2026-05-01&check_out=2026-05-06,382.06
29854607,https://www.airbnb.com/rooms/29854607?locale=en-US&currency=USD&check_in=2026-05-01&check_out=2026-05-06,21.54
1378469979839176479,https://www.airbnb.com/rooms/1378469979839176479?locale=en-US&currency=USD&check_in=2026-05-02&check_out=2026-05-07,112.76
1478869669208403893,https://www.airbnb.com/rooms/1478869669208403893?locale=en-US&currency=USD&check_in=2026-05-01&check_out=2026-05-06,18.55
1641369221959279124,https://www.airbnb.com/rooms/1641369221959279124?locale=en-US&currency=USD&check_in=2026-05-01&check_out=2026-05-06,23.64
1329506163784844723,https://www.airbnb.com/rooms/1329506163784844723?locale=en-US&currency=USD&check_in=2026-05-01&check_out=2026-05-06,135.4
1350450973267126868,https://www.airbnb.com/rooms/1350450973267126868?locale=en-US&currency=USD&check_in=2026-05-01&check_out=2026-05-06,15.63
1576850812351825345,https://www.airbnb.com/rooms/1576850812351825345?locale=en-US&currency=USD&check_in=2026-05-02&check_out=2026-05-07,116.4
1163701058562109900,https://www.airbnb.com/rooms/1163701058562109900?locale=en-US&currency=USD&check_in=2026-12-12&check_out=2026-12-17,351.25
1215941349675907711,https://www.airbnb.com/rooms/1215941349675907711?locale=en-US&currency=USD&check_in=2026-05-03&check_out=2026-05-08,196.2
1220930702541846125,https://www.airbnb.com/rooms/1220930702541846125?locale=en-US&currency=USD&check_in=2026-05-01&check_out=2026-05-06,252.9
1403606080161247497,https://www.airbnb.com/rooms/1403606080161247497?locale=en-US&currency=USD&check_in=2026-05-01&check_out=2026-05-06,257.58
1315801713689780955,https://www.airbnb.com/rooms/1315801713689780955?locale=en-US&currency=USD&check_in=2026-05-01&check_out=2026-05-06,249.38
1480646450617477448,https://www.airbnb.com/rooms/1480646450617477448?locale=en-US&currency=USD&check_in=2026-05-01&check_out=2026-05-06,258.52
1323860882741101013,https://www.airbnb.com/rooms/1323860882741101013?locale=en-US&currency=USD&check_in=2026-05-01&check_out=2026-05-06,257.58
1466699451877402499,https://www.airbnb.com/rooms/1466699451877402499?locale=en-US&currency=USD&check_in=2026-05-01&check_out=2026-05-06,319.61
1643650867952734023,https://www.airbnb.com/rooms/1643650867952734023?locale=en-US&currency=USD&check_in=2026-05-01&check_out=2026-05-06,409.79
941888127713027739,https://www.airbnb.com/rooms/941888127713027739?locale=en-US&currency=USD&check_in=2026-05-01&check_out=2026-05-06,268.12
1435985873285857965,https://www.airbnb.com/rooms/1435985873285857965?locale=en-US&currency=USD&check_in=2026-05-01&check_out=2026-05-06,301.92
1282813496258794021,https://www.airbnb.com/rooms/1282813496258794021?locale=en-US&currency=USD&check_in=2026-05-01&check_out=2026-05-06,332.47
1627527284131671963,https://www.airbnb.com/rooms/1627527284131671963?locale=en-US&currency=USD&check_in=2026-05-23&check_out=2026-05-28,33.95
1220930456797488088,https://www.airbnb.com/rooms/1220930456797488088?locale=en-US&currency=USD&check_in=2026-05-01&check_out=2026-05-06,298.22
1358711619694097719,https://www.airbnb.com/rooms/1358711619694097719?locale=en-US&currency=USD&check_in=2026-05-01&check_out=2026-05-06,36.09
1619584519082184951,https://www.airbnb.com/rooms/1619584519082184951?locale=en-US&currency=USD&check_in=2026-05-01&check_out=2026-05-06,32.78
1317513487384131728,https://www.airbnb.com/rooms/1317513487384131728?locale=en-US&currency=USD&check_in=2026-05-01&check_out=2026-05-06,485.89
1423704714730870977,https://www.airbnb.com/rooms/1423704714730870977?locale=en-US&currency=USD&check_in=2026-05-01&check_out=2026-05-06,34.84
1645887423715260401,https://www.airbnb.com/rooms/1645887423715260401?locale=en-US&currency=USD&check_in=2026-05-02&check_out=2026-05-07,39.78
1580688361640043940,https://www.airbnb.com/rooms/1580688361640043940?locale=en-US&currency=USD&check_in=2026-05-01&check_out=2026-05-06,33.02
1537829300662642384,https://www.airbnb.com/rooms/1537829300662642384?locale=en-US&currency=USD&check_in=2026-05-12&check_out=2026-05-17,36.2
1662421474268972305,https://www.airbnb.com/rooms/1662421474268972305?locale=en-US&currency=USD&check_in=2026-05-01&check_out=2026-05-06,45.47
1234099258874611632,https://www.airbnb.com/rooms/1234099258874611632?locale=en-US&currency=USD&check_in=2026-05-01&check_out=2026-05-06,33.95
955852733507615918,https://www.airbnb.com/rooms/955852733507615918?locale=en-US&currency=USD&check_in=2026-05-01&check_out=2026-05-06,439.53
1479955235095353141,https://www.airbnb.com/rooms/1479955235095353141?locale=en-US&currency=USD&check_in=2026-05-02&check_out=2026-05-07,31.11
1619598649522538346,https://www.airbnb.com/rooms/1619598649522538346?locale=en-US&currency=USD&check_in=2026-05-01&check_out=2026-05-06,32.31
1549295539119074270,https://www.airbnb.com/rooms/1549295539119074270?locale=en-US&currency=USD&check_in=2026-05-01&check_out=2026-05-06,37.58
1339119577796319126,https://www.airbnb.com/rooms/1339119577796319126?locale=en-US&currency=USD&check_in=2026-05-01&check_out=2026-05-06,38.0
1386330303107981587,https://www.airbnb.com/rooms/1386330303107981587?locale=en-US&currency=USD&check_in=2026-05-01&check_out=2026-05-06,37.69
1580349257265283806,https://www.airbnb.com/rooms/1580349257265283806?locale=en-US&currency=USD&check_in=2026-05-09&check_out=2026-05-14,36.7
1607609360722380702,https://www.airbnb.com/rooms/1607609360722380702?locale=en-US&currency=USD&check_in=2026-05-01&check_out=2026-05-06,37.12
1418219838841951223,https://www.airbnb.com/rooms/1418219838841951223?locale=en-US&currency=USD&check_in=2026-05-14&check_out=2026-05-19,35.13
1515188567541894624,https://www.airbnb.com/rooms/1515188567541894624?locale=en-US&currency=USD&check_in=2026-05-01&check_out=2026-05-06,450.77
1301878261087078138,https://www.airbnb.com/rooms/1301878261087078138?locale=en-US&currency=USD&check_in=2026-05-01&check_out=2026-05-06,35.13
1587673795269549833,https://www.airbnb.com/rooms/1587673795269549833?locale=en-US&currency=USD&check_in=2026-05-01&check_out=2026-05-06,286.85
1271161556698093399,https://www.airbnb.com/rooms/1271161556698093399?locale=en-US&currency=USD&check_in=2026-05-04&check_out=2026-05-11,200.21
1362065411862874941,https://www.airbnb.com/rooms/1362065411862874941?locale=en-US&currency=USD&check_in=2026-06-22&check_out=2026-06-27,35.59
1384838980381903311,https://www.airbnb.com/rooms/1384838980381903311?locale=en-US&currency=USD&check_in=2026-05-02&check_out=2026-05-07,109.0
1248463369195901970,https://www.airbnb.com/rooms/1248463369195901970?locale=en-US&currency=USD&check_in=2026-05-10&check_out=2026-05-15,111.0
1258108930337494246,https://www.airbnb.com/rooms/1258108930337494246?locale=en-US&currency=USD&check_in=2026-05-01&check_out=2026-05-06,298.56
1189274043045705699,https://www.airbnb.com/rooms/1189274043045705699?locale=en-US&currency=USD&check_in=2026-05-03&check_out=2026-05-08,36.53
1226816502936573532,https://www.airbnb.com/rooms/1226816502936573532?locale=en-US&currency=USD&check_in=2026-05-12&check_out=2026-05-17,124.21
1276820596035227872,https://www.airbnb.com/rooms/1276820596035227872?locale=en-US&currency=USD&check_in=2026-05-01&check_out=2026-05-06,113.0
1345073020953746913,https://www.airbnb.com/rooms/1345073020953746913?locale=en-US&currency=USD&check_in=2026-05-01&check_out=2026-05-06,108.9
1269102985156090905,https://www.airbnb.com/rooms/1269102985156090905?locale=en-US&currency=USD&check_in=2026-05-01&check_out=2026-05-06,150.01
1335056471617196547,https://www.airbnb.com/rooms/1335056471617196547?locale=en-US&currency=USD&check_in=2026-05-01&check_out=2026-05-06,111.35
1587773464772357981,https://www.airbnb.com/rooms/1587773464772357981?locale=en-US&currency=USD&check_in=2026-05-01&check_out=2026-05-06,353.73
1346959550840986881,https://www.airbnb.com/rooms/1346959550840986881?locale=en-US&currency=USD&check_in=2026-05-01&check_out=2026-05-06,135.2
1340742025047017035,https://www.airbnb.com/rooms/1340742025047017035?locale=en-US&currency=USD&check_in=2026-05-01&check_out=2026-05-06,130.65
31276486,https://www.airbnb.com/rooms/31276486?locale=en-US&currency=USD&check_in=2026-05-01&check_out=2026-05-06,114.0
1148418351253761740,https://www.airbnb.com/rooms/1148418351253761740?locale=en-US&currency=USD&check_in=2026-08-01&check_out=2026-08-06,114.27
1601421873858041598,https://www.airbnb.com/rooms/1601421873858041598?locale=en-US&currency=USD&check_in=2026-05-02&check_out=2026-05-07,112.0
1521721590716131198,https://www.airbnb.com/rooms/1521721590716131198?locale=en-US&currency=USD&check_in=2026-05-03&check_out=2026-05-08,140.4
1667949693380063827,https://www.airbnb.com/rooms/1667949693380063827?locale=en-US&currency=USD&check_in=2026-05-01&check_out=2026-05-06,137.0
17868503,https://www.airbnb.com/rooms/17868503?locale=en-US&currency=USD&check_in=2026-05-01&check_out=2026-05-06,468.33
1230302876047378386,https://www.airbnb.com/rooms/1230302876047378386?locale=en-US&currency=USD&check_in=2026-05-01&check_out=2026-05-06,121.6
1393691702395692639,https://www.airbnb.com/rooms/1393691702395692639?locale=en-US&currency=USD&check_in=2026-05-01&check_out=2026-05-06,110.0
1610456653097966909,https://www.airbnb.com/rooms/1610456653097966909?locale=en-US&currency=USD&check_in=2026-05-01&check_out=2026-05-06,375.1
992199868370320371,https://www.airbnb.com/rooms/992199868370320371?locale=en-US&currency=USD&check_in=2026-05-01&check_out=2026-05-06,257.58
1495091463270840616,https://www.airbnb.com/rooms/1495091463270840616?locale=en-US&currency=USD&check_in=2026-09-05&check_out=2026-09-10,110.0
