id,description
1292713234154945280,"Enjoy your stay with Panoramic View of the Giza Pyramids,SphinxYes! view and pictures are all 100% real. (Be sure to check out our other listings too) Indulge in a stunning view of all the Giza Pyramids from anywhere within this contemporary oriental studio or while relaxing in the Jacuzzi. It is also a 10 min walk from the Pyramids entrance gate. To make the most of your trip, make sure to check out our experiences! We're committed to providing our guests the magical hospitality they deserve.The space-This boho studio is within a residential building in a very local & safe neighborhood named Nazlet Al Semman. It features a bright, sparkling clean jacuzzi where guests can chill in warm water after a long day of walking in the busy streets of Giza.- There is a bathroom, kitchenette, sofa bed and a comfortable king size bed.- Fresh, laundered hotel-grade pure Egyptian cotton linen, along with face & body crisp clean towels are provided.- A dining table is also available to use.- Wifi, Cable TV, & Chrome Cast are also available and free of charge.- Complimentary breakfast is served in the rooftop .- Complimentary water, tea,Guest access-Our guests have access to their room/floor, our lobby, and our rooftop .Other things to note-Check-in starts at 2:00PM-Check-out is at 11:00AM-Breakfast is from 8AM-11AM on the rooftop-We are about 30-45 minutes away from Cairo International Airport.-We are about 2.5 hours away from Alexandria.We are about 35 minutes away from Memphis & Saqqara.-The Pyramids Complex is a 10-minute walk away from our property.-There is almost anything you might need within walking distance from the property, including but not limited to: a bank, ATMs, restaurants, coffee shops, shisha shops, pharmacies, mini-markets, bakeries, clothes stores, souvenir shops, jewelry stores, electronics shops, and more!-Our property offers a plethora of Tours throughout Egypt. If there's something in Egypt you'd like to experience, let us know!-We also offer Airport pick-ups or Drop-offs or transportation anywhere in general.-And more! Just ask!"
1508718511630646272,"Welcome To Marhaba Pyramids View Hotel✨Wake up to a breathtaking panorama of the Great Pyramid of Khufu and the golden desert stretching endlessly before you. This exclusive suite offers a private jacuzzi with a direct pyramid view, a cozy balcony perfect for morning coffee or sunset moments, and access to the rooftop terrace, where the magic of Giza unfolds in 360°.Designed for comfort and romance, the room blends modern elegance with timeless views, this is an experience you’ll never forget."
1297327219631789312,"The place is spacious and can accommodate more than 2 people, and has a direct view of the pyramids.It has an outdoor terrace to enjoy the stunning nature and the charming view of the pyramids.There is a kitchen equipped with all the necessary utensils to prepare food.High-speed internet is also available.We can organize tours to visit the pyramids, ride horses and bicycles, as well as visit famous Egyptian museums and landmarks.Airport and other destinations are available on request.🟣 Please note that in case of booking for a man and a woman, a valid marriage document must be provided."
1606001853199411200,"A designer retreat where ancient soul meets modern luxury. This hand-sculpted cave offers a meditative atmosphere with one legendary focus: The Great Pyramids. Relax in your integrated Jacuzzi and watch the sunset over the last remaining Ancient Wonder of the World. ✨The spaceThis space is ""habitable art."" We’ve replaced standard walls with hand-textured, organic curves to create a cool, quiet, and cave-like environment. The ""Cave"" is fully equipped with:Sleep: A premium Queen-sized bed (160 x 200 cm)  tucked into a cozy stone alcove for the ultimate deep rest.Wellness: Private integrated Jacuzzi with a direct Pyramid view. Kitchenette: Everything you need—Mini-fridge, Microwave, Electric Cooktop, Kettle, and Sink. Beauty & Care: A dedicated stone vanity with a backlit mirror and a hair dryer provided.✨Entertainment: Smart TV recessed into the cave wall + high-speed Wi-Fi. Climate & Storage: Powerful AC for a crisp ""cave-cool"" feel and a built-in wardrobe for your belongings. Every detail is built into the architecture, keeping the focus entirely on the design and that incredible view.Guest accessThe entire ""Mountain Cave"" is yours. You have 100% private access to the studio, the integrated Jacuzzi, the kitchenette, and the bathroom. Your privacy is our priority.Other things to noteThe View: Unobstructed views of the Pyramids directly from your window and Jacuzzi. The Neighborhood: We are in a real, bustling local community. Expect the ""unfiltered"" energy of Giza—local markets and the call to prayer.The Building: While the suite is a high-end designer escape, it is located inside a traditional, local residential building."
1314833467096489984,"Enjoy stay in Single RoomTHE ROOM FEATURES1 Queen bed, air conditioning, heater, satellite TV, minibar, and essential amenities like a desk, mirror, wardrobe, safe, and clothes hangers. THE BATHROOM FEATUREStowels, shampoo, shower gel, hand soap, and a hairdryer. START YOUR DAY WITH DAILYhousekeeping, bottled water, tea, Nescafé, and sugar. ENJOY FREEaccess to our Panorama Pyramids View Rooftop Restaurant anytime. My staff is available 24/7 to meet your needs.Guest access24/7 Reception with Professional StaffWe offer a 24/7 reception with a professional staff ready to assist you at any time. No matter how late your arrival is, you can check in whenever it’s convenient for you. We're here to ensure your stay is smooth and comfortable from the moment you arrive!"
1659657874693440512,"Luxury apartment with a direct view of the Nile in Old Cairo, opposite Manial Island.3 bedrooms (including a master bedroom) that can accommodate 6 guests, and 3 bathrooms.Lake view from the living room and master bedroom.Fully equipped open-plan American kitchen with dining table.Fully air-conditioned.Functional furniture with a hotel-inspired design.Excellent location, close to services and easy to get to."
1325995807818486784,"We rear and unique in Giza! Bedroom is a part of our home/horse farm with a queen bed (160x200cm)  and its own shower. Corner  BEST room with open views to desert and pyramids. Opens to large shared terrace. The room is a corner room and just above the street, so you hear local street noise - horses, visitors sitting downstairs  etc.. Remember - egypt never sleeps ! No wifi available, please obtain local sim with data on arrival.Fans free  , AC and heating at 3Euro per nightNO ORFIThe space⏰ CHECK-IN / CHECK-OUT POLICYNO EARLY CHECK-IN / NO LATE CHECK-OUT• Check-in: after 2:00 PM• Check-out: by 11:00 AMIf you wish to arrive earlier or leave later, please book an extra night to avoid disappointment.🎒 BAG STORAGE / DROP-OFF ONLYAvailable while the house is being prepared.This is drop-off only — no hanging out around the house.• Small bag: 100 EGP (≈ $3 USD)• Large bag: 200 EGP (≈ $6 USD)🌿 ABOUT THE PLACE – PLEASE READ CAREFULLYThis is a simple, farm-style home, oriented toward eco-sustainable living.The room is located above our stables, home to 80+ horses and donkeys 🐎. • Accessed by stairs through the stables entrance• This is a self-catering HOME, not a hotel — expect a homely atmosphere.•  there is NO room service nor servants. You carry your bags, bring your own cigarettes and take care of room cleanliness etc. If you like bedding and towels changed daily there will be an additional charge. We have NO room service nor servants. You carry your bags, make your own tea, bring your own capsules for coffee machine and take care of room cleanliness etc. If you like bedding and towels changed daily, additional toilet paper there will be additional charge. This listing is not just about the room itself, but also about the location. Unfortunately, many guests do not read the full description, especially the notes about the surroundings, and then we are penalized in ratings for things that are clearly disclosed and beyond our control.Egypt has a very specific lifestyle and environment, and where we are is a very old shabby area. We are located above multiple stables and surrounded by mosques, people riding horses 24/7, locals have goats and roosters on roof tops, which means there can be animal sounds and call to prayer. This is stated in the listing, but these elements cannot be changed or silenced. Thats why the cost of the room is lower than other kind of same quality accommodation which should be appreciated not low rated. That's why I sent you a message to give attention to these details.⚡ ELECTRICITY & SUSTAINABILITYEgypt experiences occasional electricity shortages, which are beyond our control.Please be mindful:• Lights OFF when not in use• Do not leave lights on when leaving the room or apartmentIf lights are left on, we will switch them off (by entering the room if needed).Please help us protect the environment 🌍 and reduce waste.🛏️ AMENITIES• Bedding & towels provided• No hairdryer available• NO Wi-Fi — please arrange an eSIM or local SIM for internet• Fan provided free of charge• Heating & A/C available at €3 per day per unit• Universal power sockets (one includes USB)👧 CHILD POLICYChildren over 10 years old are welcome under full parental supervision.Please note:• Animals, cactus, stairs, terraces, and multiple levels• No kids’ entertainment providedParents are fully responsible for their child’s safety and free time.🇪🇬 IMPORTANT – EGYPTIAN GUESTSNO ORFIOnly officially registered marriages are accepted, in accordance with local law.NO VISITORS from outside allowed. No drivers, friends or your tour guides , this is our home not a public place.Guest accessHouse open areas are shared with us and other guests. You may use all terraces in respectful way.📍 LOCATION & ARRIVALOur street is unique — full of horses, donkeys, and camels. Not easy to find, but that’s old Giza charm! You’ll enjoy open Pyramid views and spacious outdoor areas.If you want tourist hustle right at the Pyramid gate, this is not the place for you. Museums & Pyramids are 9–20 min by foot or car, markets & restaurants just 5 min away by tuk-tuk or walk.Recommended: Use our trusted drivers.• English-speaking & know the area• Will show you the house, doors, and room• Arrival is stress-freeIf you take your own transport, follow our Google Maps location carefully. Most drivers don’t know our street, and we cannot provide assistance at night.⚠️ Arrival on your own is at your own risk — no refunds if the driver gets lost.INTERACTION WITH GUESTSHOST INTERACTIONWe live on the property, so we are often around and available if needed.However, please understand that we run a busy household and equestrian place, so we cannot spend long hours socializing or giving history lessons. We kindly ask guests to do their own research before arrival.When time allows, we are happy to interact, assist, and help with practical matters.OTHER DETAILSPLEASE READ CAREFULLY BEFORE BOOKINGWe live in Masr (not “Egypt” as a concept 😉 — Google the difference!)This is a desert & horse-stables area, not a city or resort location.⚠️ If you don’t like animals, this is NOT the place for you. Sorry.🐎 ANIMALS & ENVIRONMENTWe live above active horse stables, so please expect:• Natural smells at times• Sounds from horses and donkeys (horses love talking 😄)• Flies, dust• Local noise especially on weekends as many riders come to the area to enjoy late nights and early ridesWe also share our home with:• 🐱 Shaqia, our very curious and friendly cat (she loves sleeping on beds)• 🐶 Two rescued chihuahuas — friendly but still cautious with new people(They love guests and treats — limited please, ask first!)This is a very Egyptian, authentic environment.❌ Do NOT expect 5-star streets or polished surroundings.✔ Expect simple, real local life, very different from downtown or tourist areas.We have dust, flies, desert air, and nature — this is part of where we live and what we love.If you are not open-minded or sensitive to these realities, this place may not suit you.🏜️ LOCATION & SURROUNDINGS• Desert & stables area• We do not control street activity• Supermarket just a few minutes’ walk for basics• We can take you to a local market for vegetables, fruits, and moreDuring your stayWe live on the property, so we are often around and available if needed.However, please understand that we run a busy household and equestrian place, so we cannot spend long hours socializing or giving history lessons. We kindly ask guests to do their own research before arrival.When time allows, we are happy to interact, assist, and help with practical matters.Other things to notePLEASE READ CAREFULLY BEFORE BOOKINGWe live in Masr (not “Egypt” as a concept 😉 — Google the difference!)This is a desert & horse-stables area, not a city or resort location.⚠️ If you don’t like animals, this is NOT the place for you. Sorry.🐎 ANIMALS & ENVIRONMENTWe live above active horse stables, so please expect:• Natural smells at times• Sounds from horses and donkeys (horses love talking 😄)• Flies, dust• Local noise especially on weekends as many riders come to the area to enjoy late nights and early ridesWe also share our home with:• 🐱 Shaqia, our very curious and friendly cat (she loves sleeping on beds)• 🐶 Two rescued chihuahuas — friendly but still cautious with new people(They love guests and treats — limited please, ask first!)This is a very Egyptian, authentic environment.❌ Do NOT expect 5-star streets or polished surroundings.✔ Expect simple, real local life, very different from downtown or tourist areas.We have dust, flies, desert air, and nature — this is part of where we live and what we love.If you are not open-minded or sensitive to these realities, this place may not suit you.🏜️ LOCATION & SURROUNDINGS• Desert & stables area• We do not control street activity• Supermarket just a few minutes’ walk for basics• We can take you to a local market for vegetables, fruits, and more🌱 SUSTAINABILITY• Drinking water filters provided• We recycle almost everything🧺 LAUNDRY SERVICELaundry available at additional cost:• €3 per load• Large-capacity, top-load machines only• No small loads. Guest hangs items themselves after washing.If you need specific washing requirements, we recommend using a city laundry service (we can’t recommend one as we don’t use them ourselves).🍳 BREAKFASTLocal-style breakfast available at €3 per person (on request).EXPERIENCES & EXTRAS (ON REQUEST)As we operate a professional equestrian facility, we offer the following activities:• Horse riding lessons• Horse carriage rides to the Pyramids• Sunrise / sunset desert rides• Horse riding to the Pyramids or desert💶 From €25 per person per hourWELLNESS & FOOD• Full-body massage, foot massage, and other treatments available• BBQ or Egyptian home-cooked meals available by request only– Pre-booking and pre-payment required– Price depends on number of guests and selected menu– Not available on short noticeDRINKS & SHISHA• Shisha, local coffee, and tea available from the downstairs coffee shop• Can also be provided by us at an additional charge🏠 HOUSE RULES – VERY IMPORTANT• NO outside guests allowed(No drivers, friends, guides, or visitors — this is our home not a public place)• NO ORFI (unless 2 rooms booked)• Please treat the home with care —many mismatched or damaged items are sadly from previous stays.This is a unique place, run with love, animals, dust, imperfections, and heart.We promise to do our best for you, as long as expectations are realistic 🤍"
1635000929921804288,"Dream Inn Pyramids View Suite offers a unique stay in Giza with stunning views of the iconic Pyramids of Giza. Relax in a luxurious bathtub while enjoying the breathtaking pyramid view. The suite features a comfortable king bed, modern amenities, fast Wi-Fi, and air conditioning for a perfect stay. Located just 1 minute from the historic Marriott Mena House, with easy access to restaurants and the pyramids entrance. Perfect for a romantic and unforgettable experience."
1292713202731607808,"Enjoy your stay with Panoramic View of the giza pyramids,sphinxYes! view and pictures are all 100% real. (Be sure to check out our other listings too) Indulge in a stunning view of all the Giza Pyramids from anywhere within this contemporary oriental studio or while relaxing in the Jacuzzi. It is also a 10 min walk from the Pyramids entrance gate. To make the most of your trip, make sure to check out our experiences!We're committed to providing our guests the magical hospitality they deserve.The space-This boho studio is within a residential building in a very local & safe neighborhood named Nazlet Al Semman. It features a bright, sparkling clean jacuzzi where guests can chill in warm water after a long day of walking in the busy streets of Giza.- There is a bathroom, kitchenette and a comfortable king size bed or 2 single beds.- Fresh, laundered hotel-grade pure Egyptian cotton linen, along with face & body crisp clean towels are provided.- A dining table is also available to use.- Wifi, Cable TV, & Chrome Cast are also available and free of charge.- Complimentary breakfast is served in the rooftop .- Complimentary water, tea,Please note that Arab and Egyptian citizens are required to submit proof of marriage before check in.Guest access-Our guests have access to their room/floor, our lobby, and our rooftopOther things to note-Check-in starts at 2:00PM-Check-out is at 11:00AM-Breakfast is from 8AM-11AM on the rooftop-We are about 30-45 minutes away from Cairo International Airport.-We are about 2.5 hours away from Alexandria.We are about 35 minutes away from Memphis & Saqqara.-The Pyramids Complex is a 10-minute walk away from our property.-There is almost anything you might need within walking distance from the property, including but not limited to: a bank, ATMs, restaurants, coffee shops, shisha shops, pharmacies, mini-markets, bakeries, clothes stores, souvenir shops, jewelry stores, electronics shops, and more!-Our property offers a plethora of Tours throughout Egypt. If there's something in Egypt you'd like to experience, let us know!-We also offer Airport pick-ups or Drop-offs or transportation anywhere in general.-And more! Just ask!"
1492832915624769792,"Stay in the heart of Giza with breathtaking views of the Pyramids and the Grand Egyptian Museum, visible right from your balcony. Located on a high floor, the apartment is quiet and peaceful, with modern design blended beautifully with ancient touches. The building has two elevators, and downstairs you’ll find a hypermarket, bakery, and groceries. Easy to reach and close to all major attractions, this is the perfect mix of comfort, history, and convenience.The spacePyramids View Residence Apartment – 3 Bedrooms, 2 BathroomsExperience unforgettable mornings and magical sunsets with direct views of the iconic Pyramids of Giza from your very own apartment. This spacious and comfortable 3-bedroom, 2-bathroom home is perfect for families or groups.Apartment Details:	•	Master Bedroom: Features a luxurious two king-size beds with a breathtaking view of the Pyramids.	•	Second Bedroom: Equipped with two cozy single beds and also offers a direct Pyramids view. T— the perfect spot to relax and take in the scenery.	•	Third Bedroom (Standard Room): Contains two comfortable single beds, ideal for extra guests or children also offers a direct Pyramids view .Bathrooms: Two clean and modern bathrooms are available for your convenience.Whether you’re sipping coffee on the balcony or relaxing in the spacious living area, this apartment combines comfort with one of the world’s most spectacular views .Guest accessPyramids view Residence Apartment guests gonna be able to use the whole space of the apartmentOther things to noteAs per Egyptian law and local regulations, guests from Arab countries or Muslim backgrounds are kindly requested to provide an official marriage certificate (orfi contracts are not accepted). Please note that visitors are not allowed in the Apartment"
1580349144943685632,"Enjoy a private room featuring a large, comfortable bed and a stunning panoramic view of the Giza Pyramids. Our friendly five-star service is available 24/7 to ensure a relaxing, seamless, and memorable stay."
1258668362052840192,"Enjoy a unique stay in our bohemian-Moroccan style apartment in the city center, offering comfort and elegance. Relax on the balcony with a view of  The Citadel of Saladin , sipping tea in a peaceful atmosphere. The fully equipped kitchen lets you prepare meals easily, with free drinks and Wi-Fi provided. Located near the metro, you’ll have quick access to the Egyptian Museum, Abdeen Palace, and local restaurants. Ideal for work or relaxation, this apartment ensures an unforgettable stay."
1652538850163316992,"Modern Ground Floor Studio Welcome to your private, stylish studio — perfect for short stays, business trips, or a relaxing getaway.This ground-floor unit offers easy access with self check-in, giving you complete flexibility to arrive anytime without hassle.Guests have full private access to the entire studio — no shared spaces.✔ Easy self check-in anytime✔ Ground floor (no stairs, easy luggage access)✔ Fast WiFi + Netflix✔ Clean, hotel-style setup✔ Safe and quiet environment"
1660949085003989504,"Comfort, style, and location—all in one place"
1531810922875265024,"Wake up surrounded by history in the heart of Downtown Cairo.This thoughtfully designed space blends modern minimalism with the warmth of a vintage Cairo home, giving you the perfect mix of comfort, character and edge.Perfect for solo travelers, couples, creators, or business guests who want to feel Cairo’s authentic rhythm,without compromising on style or comfort."
1385088880964921600,"Welcome to your exclusive escape in the heart of Cairo!Nestled in Downtown, just 5 minutes walking from the iconic Egyptian Museum, this charming room offers an artistic, bohemian experience perfect for travelers who love culture, history, and comfort.Please note: This is a private room, and the bathroom is shared with guests from two other rooms."
1618228513877168640,"Legend Majestic Pyramids View Apartment offers a breathtaking direct view of all three Pyramids of Giza from the reception area. The apartment features three spacious bedrooms, a fully equipped kitchen, and a modern full bathroom, providing comfort, privacy, and elegance for families or groups.Designed for guests who want the best panoramic pyramids view, this apartment combines space, luxury, and an unforgettable location.Other things to note- We provide a pick-up and drop off service from the airport with a car to the apartment with best price.- Discover the wonders of Egypt with our exceptional tours, guided by knowledgeable experts who bring ancient history to life, ensuring an unforgettable and immersive experience with best price.- It is not possible to book accommodations for Arabs without certificate of marriage - no visitors allowed 🚫"
1328248354526585344,"Escape to a one-of-a-kind artistic retreat, where nature and design come together in perfect harmony. This handcrafted studio, just a 5-minute walk from the Pyramids of Giza, offers an immersive experience with natural materials, bespoke handmade furniture, and breathtaking pyramids views right from your private jacuzzi.The space🌿 Unique Handcrafted Design: Every detail of this space is made from natural materials, creating a warm and earthy ambiance.🌅 Spectacular Pyramids View: Wake up to an unobstructed view of the Great Pyramids right from your cozy sofa or enjoy it while soaking in your private jacuzzi.🛏 Comfort & Style: Relax in a luxurious 160x200 bed with handmade bedside tables and a uniquely crafted natural-wood wardrobe.📺 Modern Amenities: Stay entertained with a Smart TV, and enjoy a cozy dining area with a one-of-a-kind handcrafted wooden table and chairs.🍽 Well-Equipped Kitchenette: Cook with ease using the cooktop, mini fridge, microwave, sink, and all essentials.🛁 Private Jacuzzi: Unwind in your indoor jacuzzi, surrounded by lush greenery and a tranquil atmosphere.🌿 Nature-Infused Atmosphere: The studio is enriched with indoor plants, organic textures, and rustic wooden elements, making it feel like a true nature retreat.📍 Prime Location: Nestled in a vibrant area with restaurants, cafés, and local markets within walking distance.✨ This studio is more than just a place to stay—it’s a piece of art where every detail tells a story. Come and enjoy an unforgettable stay right next to one of the world’s greatest wonders!Guest accessGuests will have full private access to the studio, including:✔ A private jacuzzi with a stunning Pyramids view✔ A fully equipped kitchenette (cooktop, mini fridge, microwave, sink)✔ A smart TV and dining area✔ A comfortable king-size bed (160x200) with unique handmade furniture✔ A private bathroomAdditionally, guests will have exclusive access to the shared rooftop, where they can enjoy breathtaking panoramic views of the Pyramids—perfect for sunrise, sunset, or a relaxing evening under the stars.☕ Breakfast is included and will be served fresh every morning.Other things to noteLocation & SurroundingsThis studio is located in the heart of Giza’s most touristic area, just a 5-minute walk from the entrance of the Great Pyramids of Giza. The neighborhood is vibrant and full of life, offering a unique blend of history, culture, and local energy.🌍 A True Egyptian Experience: As you step outside, you'll find yourself immersed in the authentic hustle and bustle of Giza—from camel handlers and souvenir vendors to the lively sounds of daily life. The area is always buzzing with tourists, giving you an exciting and immersive experience.🍽 Food & Dining: The streets are lined with local and international restaurants, cafés, and street food vendors, offering everything from traditional Egyptian cuisine to global flavors.🛍 Shops & Bazaars: Explore nearby markets and bazaars where you can shop for handcrafted souvenirs, local spices, and unique artisan pieces.🚕 Easy Transportation: Taxis, ride-hailing services, and tour operators are readily available, making it easy to explore other landmarks in Cairo, such as the Egyptian Museum, Khan El Khalili Bazaar, and the Nile River.💡 Pro Tip: If you prefer to avoid street hassle, a simple “La, Shukran” (No, thank you) is an effective way to move around smoothly.This location offers the perfect mix of history, culture, and vibrant city life, making your stay a truly memorable experience!"
1412438800329137920,"Experience a once-in-a-lifetime stay at [ Cleopatra’s Suite With Jacuzzi ] Pyramids View, a private and stylish studio offering a direct, uninterrupted view of the Great Pyramids of Giza — right from your window, balcony, or even your private jacuzzi.Other things to noteTurn off the air conditioning and electricity when leaving apartment ."
1484714498056100096,"Vibrant and unforgettable, The Zarifa is a mood. Take in the impressions of a day of sightseeing while soaking up the golden hour sun in a clawfoot tub overlooking the lush skyline of Cairo's Maadi neighborhood.This flamboyant two-bedroom rooftop apartment sleeps 4, and features a kitchen andbathroom, as well as plenty of indoors as and outdoors lounging & dining spaces. Skillfully designed around bespoke, antique, and vintage materials & furniture, it makes for an authentically Cairene stay.The spaceThis exceptional apartment sleeps 4 people divided on 2 beds in two separate bedrooms.The master bedroom features a king size bed, a smart desk space, a spacious closet, additional seating, and a door to the outdoors bathtub. The smaller secondary bedroom features an antique brass double bed and a dresser.The open kitchen in the living room space is fully equipped for your cooking needs, with a cozy dining area that has seats for four guests, as well as a sitting area with a sofa and tv, hidden in a cabinet on the wall.The balcony is big, with both covered and sunny uncovered sitting areas, including a full-size dining table, and a food-preparation area with a sink, should you want to eat al fresco during your stay. There's also a romantic clawfood tub on the other side of the balcony, shielded from the rest of the balcony by the secondary bedroom, constructed from beautiful antique wooden panels.The apartment itself is strictly non-smoking, but smoking is welcome on the balcony.Guest accessAll parts of the apartment, including the big balcony, is accessible to guests only.Other things to noteThe apartment is located on the 4th floor without an elevator, so the apartment is suitable only for guests who are able to climb stairs."
981120709957763712,"The location of the room is 3 minutes away from the entrance to the pyramids. Whoever stays in our place he will feel that he is actually sitting among them in addition to the Bedouin furniture present in the place of residence that makes you live the ancient Arab rituals that characterize the ancient Egyptians and Arabs.Enjoy watching the sunset among the pyramids from our roof and also do not forget the sound and light shows and enjoy the quiet of the night with your favorite drink.The spaceThe room consists of:3 single bedsAir conditionerPrivate bathroom inside the roomIn addition to free Wi-FiThe stay also includes breakfastThe best balcony has the closest view of the pyramidsEnjoy the sound and light show from the shared deckGuest accessThe easiest way to reach us is by contacting us by phone or through the website and following pictures of the neighborhood.Upon arrival, I will be waiting for you to give you the room key at anytime just keep contact with us.During your stayWe are available 24/7, just waiting for your message if you need help. We'll be in the same location as you. The easiest way is to send us amessage if you need any assistance at any time.Other things to noteIt is a family house but part of it is made up in the form of a hotel and the other part is a family house in which we live but our room is a private room with a private roof to prevent disturbance to our dear guest.We will be at your service immediately at any time and we hope you enjoy your stay."
1199193622730754816,"Welcome to an unparalleled living experience! This luxurious apartment offers a breathtaking, unobstructed view of the Great Pyramid of Khufu, one of the Seven Wonders of the Ancient World. Perfectly situated, this residence combines modern elegance with historical grandeur.Our apartment is maintained by an owner who has worked in the hotel industry for many years and understands what a nice stay entails.Other things to noteNote: Not allow for arab guests without official marriage contract"
1332513688509423616,"Enjoy your stay with Panoramic View of the giza pyramids and sphinx from the rooftopYes! view and pictures are all 100% real. (Be sure to check out our other listings too). It is also a 10 min walk from the Pyramids entrance gate. To make the most of your trip, make sure to check out our experiences!We're committed to providing our guests the magical hospitality they deserve.Arab and Egyptian citizens couples are required to show marriage certificate according to the Egyptian law.The space-This boho studio is within a residential building in a very local & safe neighborhood named Nazlet Al Semman. - There is a bathroom, kitchenette, and a comfortable 3 beds.- Fresh, laundered hotel-grade pure Egyptian cotton linen, along with face & body crisp clean towels are provided.- A dining table is also available to use.- Wifi, Cable TV, & Chrome Cast are also available and free of charge.- Complimentary breakfast is served in the rooftop .- Complimentary water, tea,Guest access-Our guests have access to their room/floor, our lobby, and our rooftop -The front door is normally locked at night, but someone is always available for guests coming in and out after hours.Other things to note-Check-in starts at 2:00PM-Check-out is at 11:00AM-Breakfast is from 8AM-11AM on the rooftop-We are about 30-45 minutes away from Cairo International Airport.-We are about 2.5 hours away from Alexandria.We are about 35 minutes away from Memphis & Saqqara.-The Pyramids Complex is a 3-minute walk away from our property.-There is almost anything you might need within walking distance from the property, including but not limited to: a bank, ATMs, restaurants, coffee shops, shisha shops, pharmacies, mini-markets, bakeries, clothes stores, souvenir shops, jewelry stores, electronics shops, and more!-Our property offers a plethora of Tours throughout Egypt. If there's something in Egypt you'd like to experience, let us know!-We also offer Airport pick-ups or Drop-offs or transportation anywhere in general.-And more! Just ask!"
1196851743231572480,"Spacious 2 bedrooms apartment featuring first row stunning view of the pyramids. With the easiest accessibility for a pyramid view property, directly located by the main road, and right beside the new Grand Egyptian Museum. This newly furnished sunny apartment is exactly what you need for an unforgettable stay during your trip in Egypt.The spaceFully private apartment that comes with:1 fully equipped kitchen 1 bedroom with queen bed1  bedroom with 2 single beds1 bathroom with a tub by the view 1 Small dining area inside the living room 1 living room with sofa bed, smart TV & Wi-FiGuest accessGuests have full accessibility to the entire unit.Other things to note- Luggage assistance available upon request.- Outside visitors are not allowed.- Only guests that are included in the reservation and have submitted their proof of identity will be allowed to access the property.- Early check-in / Late check-out is available but subject to availability. - Additional cleaning during your stay and/or linen and towel changes, can be provided at an additional cost."
1237474025614245888,"Experience the city from the authentic comfort of this magical apartment from the late 1800s, facing a pedestrian street in the midst of bustling Downtown Cairo.Raw limestone walls frame a sophisticated blend of antique, vintage, and handmade furniture, textiles, and details, and make the space a feast for the eyes. This two-bedroom apartment contains a spacious and charming living area, an open kitchen, dining space, and a bed nook, a big bathroom, and a small partially-open air seating areaThe spaceThis exceptional apartment sleeps 6 people divided on 3 beds with its two bedrooms as well as a cozy bed nook screened off from the living room/kitchen area. The elegant master bedroom features a vintage hand-carved king size bed, a smart work space, a comfortable chaise longue, and a TV tucked away in a charming chinoiserie cabinet, while the secondary bedroom features a caned gilded queen bed, and a clothes storage cabinet. The open kitchen in the living room space is fully equipped for your cooking needs, and the dining area has plenty of seating space, combining a comfortable sofa with practical chairs. Lower seating is also available in this room, as is the romantic sleep nook/daybed.The apartment itself is strictly non-smoking but there is a small privately accessed semi-open area in front of the apartment door with seating and a small table where smoking is allowed.Guest accessAll parts of the apartment, including the small sitting area in front of the apartment door is accessible to guests only."
1388701191802240768,"Enjoy your luxurious stay in a hotel apartment that accommodates up to 6 people with a view of the Pyramids and the Sphinx, which is so close that you can almost touch it while you are in your private bathtub. What are you waiting for? Just book to enjoy unparalleled memories and immortal photosThe spaceHotel apartment with a direct view and very close to the Giza Pyramids and the Sphinx, and easy to reach the pyramids on foot within 5 minutes. It accommodates 6 people. It consists of 2 single beds, a double king bed, 2 sofa beds, a bathroom, a fully equipped kitchen, a washing machine, an iron, a drinks bar, a refrigerator, a stove, a coffee machine, and all kitchen utensilsand also excellent wifiGuest accessall of apartment allowedOther things to noteI promise the guest that not forget these stay ever his life"
1587737008553153792,"Wake up to the iconic Pyramids right before your eyes in this luxurious suite. Enjoy a private in-room Jacuzzi with breathtaking views, perfect for a romantic stay. The suite features a comfortable bed, AC, fast WiFi, and modern amenities for full comfort and privacy. Ideal for couples and honeymooners, with 24/7 service to assist and arrange tours.Other things to note- It is not allowed to book accommodations for Arabs without Certificate of Marriage.-  no visitors allowed 🚫"
1623567061307030016,"Welcome to your modern home in Cairo.This spacious 3-bedroom apartment (250 sqm) offers comfort, privacy, and style. With 2 bathrooms, 2 private balconies, AC in every room, fast Wi-Fi, and a fully equipped kitchen, it’s perfect for families or business stays.Designed for a relaxed and comfortable experience.The spaceA bright and thoughtfully designed space with a spacious living and dining area. The two balconies bring in natural light and fresh air, creating a calm and welcoming atmosphere.Guest accessGuests have full private access to the entire apartment, including all bedrooms, bathrooms, kitchen, living area, and balconies.Other things to noteExtra Services (upon request):Housekeeping during your stay: available for [ 30 USD ] per visit (request 24h in advance).Dry cleaning / laundry: available upon request. Price depends on item type/quantity.Airport pickup & drop-off: available for [ 20 USD ] per trip (please share flight details at least 24h in advance).Airport Services (upon request):VIP Arrival & Lounge Service:Meet & greet at the aircraft gate, escort to a private lounge while all arrival procedures are completed, then transfer to your car.Available for [ 80 USD ] per person.Fast-Track Airport Assistance:Meet & assist service with expedited immigration and customs procedures until airport exit.Available for [ 35 USD ] per person."
1651541529716269312,"Want Cairo under your feet? Our first apartment in Zamalek, and of course, it had to be our best unit. Stunning views from every angle; Nile, Pyramids, Cairo Tower, and more, from way above. Imagine waking up in any of the 3 bedrooms to breathtaking views of the Nile & all the major hotspots in Cairo. Newly renovated, thoughtfully designed, and in an impeccable location, just a short walk to boutique restaurants, shops & second-hand vintage markets. Don’t miss this gem of an apartment. MENTAL!The spaceAs mentioned, this 3-Bedroom/2-Bathroom apartment offers exclusive access to the entire space, ensuring complete privacy with no shared areas.* Stunning views from every corner; the Nile, the Pyramids, Cairo Tower, and pretty much all of Cairo.> It's on the 23rd Floor - Elevator is available.> It features a microwave, smart TV and WiFi. > AC on both cooling & heating modes.> We provide towels, shower gel & shampoo."
1598677226571552768,"Isis Suite – Pyramids View with Private Jacuzzi Enjoy a unique stay at Isis Suite, a luxury serviced apartment with a direct view of the Great Pyramids of Giza. Relax in your private jacuzzi while admiring one of the world’s most iconic landmarks. The suite features a comfortable bedroom, modern bathroom, elegant living area, fully equipped kitchen, high-speed Wi-Fi, air conditioning, and a smart TV.Perfect for couples and travelers seeking comfort, privacy, and an unforgettable experience. 🌅The spaceIsis Suite is a luxurious serviced apartment thoughtfully designed to offer comfort, privacy, and a truly unforgettable stay.The suite features a direct, breathtaking view of the Great Pyramids of Giza, combining modern elegance with one of the world’s most iconic landmarks.The apartment includes:	•	A comfortable bedroom with a large bed	•	A stylish living area with panoramic pyramid views	•	A private jacuzzi for ultimate relaxation	•	A well-equipped kitchenette with essential amenities	•	A modern, clean bathroomPerfect for couples, honeymooners, and travelers seeking a unique and exclusive experience.Guest accessGuests will have full and private access to:	•	The entire apartment	•	The private jacuzzi	•	All in-unit amenitiesThere are no shared indoor spaces. Complete privacy is guaranteed throughout your stay."
1292757177520220416,"Yes the pictures are 100% real.Enjoy your stay with a king size directly overlooking to a panoramic view of the Pyramids and sphinx.The studio includes bathtub,private bathroom , dining table , kitchenette and moreThe space-This boho studio is within a residential building in a very local & safe neighborhood named Nazlet Al Semman. It features a bright, sparkling clean jacuzzi where guests can chill in warm water after a long day of walking in the busy streets of Giza.- There is a bathroom, kitchenette, and a comfortable king size bed.- Fresh, laundered hotel-grade pure Egyptian cotton linen, along with face & body crisp clean towels are provided.- A dining table is also available to use.- Wifi, Cable TV, & Chrome Cast are also available and free of charge.- Complimentary breakfast is served in the rooftop .- Complimentary water, tea,-- Arab and Egyptian citizens couples are required marriage certificateGuest access-Our guests have access to their room/floor, our lobby, and our rooftopOther things to note-Check-in starts at 2:00PM-Check-out is at 11:00AM-Breakfast is from 8AM-11AM on the rooftop-We are about 30-45 minutes away from Cairo International Airport.-We are about 2.5 hours away from Alexandria.We are about 35 minutes away from Memphis & Saqqara.-The Pyramids Complex is a 10-minute walk away from our property.-There is almost anything you might need within walking distance from the property, including but not limited to: a bank, ATMs, restaurants, coffee shops, shisha shops, pharmacies, mini-markets, bakeries, clothes stores, souvenir shops, jewelry stores, electronics shops, and more!-Our property offers a plethora of Tours throughout Egypt. If there's something in Egypt you'd like to experience, let us know!-We also offer Airport pick-ups or Drop-offs or transportation anywhere in general.-And more! Just ask!- Arab and Egyptian citizens couples are required marriage certificate"
1641648033727638784,"Cozy 1 bedroom apartment with a Nile views in the heart of Zamalek. Comfortably furnished with a fully equipped kitchen and living area, it’s perfect for couples, families, or business travelers. Just steps from the Nile and walking distance to cafes, boutiques, and cultural landmarks. Enjoy a peaceful, sunlit retreat in one of Cairo’s most vibrant and desirable neighborhoods."
1559429248654893568,"Welcome to your cozy one bedroom apartment just minutes from Cairo International Airport. Designed for comfort and convenience, this modern unit is perfect for travelers, couples, and business guests looking for a clean and relaxing stay close to everything in New Cairo.The apartment features a comfortable bedroom, a bright living area, fully equipped kitchenette, and high-speed WiF, ideal for both short and long stays.The spaceThis cozy one bedroom apartment offers a comfortable and practical stay just minutes from Cairo International Airport. The unit includes a relaxing living area, a well-equipped kitchenette, a modern bathroom, and a private bedroom designed for rest and comfort. The space is fully air-conditioned and comes with fast WiFi, making it suitable for both short stays and longer visits.The apartment is located in a quiet, secure building within a well-connected neighborhood. Guests can enjoy easy access to main roads, shopping centers, restaurants, and essential services—perfect for travelers looking for convenience, privacy, and a smooth stay.Guest accessGuests have full access to the entire apartment during their stay, including the bedroom, living area, kitchenette, and private bathroom. You will also have access to the building’s main entrance and elevatorsCheck-in is simple and smooth, and guests can enter the apartment using a lockbox for flexible arrival times.Parking is available in the area, and the neighborhood is easy to navigate with quick access to main roads, malls, and the airport."
1605981262332320512,"Step into a prehistoric dream with a modern twist.Our Mountain Cave Studio is a hand-sculpted masterpiece featuring an architectural integrated Jacuzzi positioned for the perfect, unobstructed view of the Great Pyramids. Designed as a high-vibe ""habitable art"" retreat, this space offers an immersive experience unlike anything else in Giza. ✨The spaceThis studio is larger and fully optimized for a ""Cave"" lifestyle. We’ve used organic shapes and hand-textured stone to create a quiet, temperature-controlled sanctuary. The ""Cave"" Features:Sleep: Premium Queen-sized bed (160 x 200 cm)  set against a raw wood headboard.Wellness: A deep, integrated Jacuzzi built directly into the window frame for ""Pyramid-view soaking.""The Lounge: A custom-carved L-shaped stone sofa with plush cushions and a natural wood trunk table.Kitchenette: Fully equipped with a microwave, electric stove, mini-fridge, and glowing under-shelf lighting.Amenities: Smart TV, powerful AC, and a full set of kitchenware.Guest accessThe entire ""Mountain Cave"" is yours.You have 100% private access to the studio, the integrated Jacuzzi, the kitchenette, and the bathroom. Your privacy is our priority.Other things to noteThe Neighborhood: We are in a real, bustling local community. You will experience the ""unfiltered"" energy of Giza, including local markets and the call to prayer.The Building: This high-end designer escape is located inside a traditional, local residential building."
1305127222391813120,"Step into historic Cairo at our heritage building, moments from Tahrir Square and the Talaat Harb statue. Nestled in downtown's vibrant energy, our space blends modern comfort with timeless charm. Enjoy the fusion of heritage and contemporary living, surrounded by iconic landmarks. Your urban retreat promises an unforgettable stay in the heart of the city's cultural tapestry."
1302962421028700928,"Welcome to a one-of-a-kind retreat just 5 minutes from the Pyramids! This studio offers panoramic Pyramid views and a private hot tub. The space features Pharaonic-inspired design, with unique decor and architectural details that create a historic, cozy ambiance. Enjoy a queen bed, dining area, kitchenette, and private bathroom. Guests also have access to the shared rooftop with stunning views for an unforgettable stay."
32400629,"Welcome to our apartment!Just 5 minutes’ walk from the Sphinx and Pyramids entrance, with a stunning balcony view. Located in a safe and lively local area near restaurants, cafés, fruit shops, markets, and pharmacies. The apartment is fully air-conditioned, with fast unlimited Wi-Fi, a well-equipped kitchen, clean sheets, fresh towels, and a calm atmosphere.Probably the best place to enjoy the Pyramids view!The spaceThe apartment has 3 bedroom, bathroom , kitchen , 5 bed, 2 sofa bed, A digital refrigerator, a washing machine, a stove, Air conditioner, unlimited fast internet, Water kettle , Coffee maker, microwave and 50-inch Smart TV.- Fresh, laundered hotel-grade pure Egyptian cotton linen, along with face & body crisp clean towels are provided. - Wifi, Cable TV, & free of charge. -  Complimentary water, tea, & coffee capsules.My place is good for big family, couples, friends, solo adventurers, and business travelers. our area ( very safe & full of life ) has easy access to all amenities & services, mini markets, restaurants, pharmacies, Hospitals, banks, grocery shops, bakeries, fruit shops, transport 24/7..etc. A cozy Apartment tailored for a lovely stay, just like home!! You will have the whole apartment to yourself .This apartment has all you need for a fantastic stay!Guest access*For bigger groups, please contact us as additional units might be available."
1296455814818326272,"Welcome to our charming 1-bedroom in Giza, where you can enjoy spectacular views of the Great Pyramids right from your private balcony. Featuring a cozy bed and an attached bathroom, this space is perfect for relaxation after a day of exploration.Located just a 5-minute drive from the Giza Pyramids and the Grand Egyptian Museum, our apartment is also within walking distance to delightful restaurants, cafes, and supermarkets. Enjoy a complimentary breakfast on our rooftop cafe."
1129860019173233024,"Welcome to your home in Giza!This comfortable and well-equipped apartment is located in a safe, lively area and is within walking distance of the Giza Pyramids and the Great Sphinx.The apartment is cozy, clean, and thoughtfully designed to help you relax after a day of exploring. Cafés, restaurants, supermarkets, and local shops are all nearby, making it easy to enjoy daily life in Egypt like a local.Perfect for travelers who want comfort, convenience, and an unforgettable pyramids experienceThe spaceEnjoy a comfortable stay in this full private apartment located in a lively and safe area of Giza, within walking distance of the Giza Pyramids and the Great Sphinx.The apartment features two cozy bedrooms, a bright living room, and a dining area, comfortably accommodating up to 5 guests. It’s an ideal choice for families, couples, or small groups looking for both space and privacy.After a day of exploring Egypt’s most iconic landmarks, relax in a clean, calm, and well-designed space made to feel like home. Cafés, restaurants, supermarkets, and local shops are all just steps away, making daily needs easy and convenient.Whether you’re visiting for history, photography, or a once-in-a-lifetime experience, this apartment offers the perfect balance of comfort, location, and authenticity.Guest accessGuest access: Guests are also welcome to access the rooftop, which offers a breathtaking view of the three Giza Pyramids and the Great Sphinx,  perfect for sunrise, sunset, and photos.Breakfast is very nice and delicious by amazing price and good quality if you like to order, allowing you to start your day relaxed and ready to explore.Other things to noteUnique Experiences – Only With UsDuring your stay, we’re happy to help you enjoy authentic Egyptian experiences that go beyond the usual tourist routes. Upon request, we can arrange:	•	Airport pickup & drop-offComfortable and reliable transfers to make your arrival and departure smooth and stress-free.	•	Home-cooked Egyptian meal with a local familyA truly special experience where you can enjoy traditional Egyptian food, cooked and shared with a local family — a chance to experience real Egyptian hospitality and culture.	•	Tours, activities & excursions across EgyptWe can organize private or group tours, activities, and excursions all over Egypt, including Cairo, Giza, Luxor, Aswan, the Red Sea, and desert adventures — all at very affordable and transparent rates.We’re always happy to share local advice, hidden gems, and tailor experiences based on your interests to make your stay unforgettable."
1539209027124179968,"Welcome To Marhaba Pyramids View Hotel✨Experience luxury and history in this elegant room featuring a private jacuzzi and a stunning view of the Great Pyramids through a large glass window. Relax as sunlight fills the room or admire the pyramids glowing under the night sky. A perfect blend of comfort, romance, and the timeless beauty of Egypt."
1532706991486014976,"A romantic suite facing the Great Pyramids, featuring a master bedroom with private restroom, a freestanding tub with panoramic views, a spacious living area, and a full kitchen open to a dining space. Enjoy your private rooftop under the stars — perfect for couples and unforgettable honeymoon moments.The unite is minutes away from both New Grand Egyptian Museum and the new entrance (Great Gate ) of Giza pyramids complexThe spaceA private two-bedroom residence featuring a signature pyramid-view soaking tub, two bathrooms, and exclusive access to the Pyramid Duo Rooftop. Enjoy a private rooftop terrace perfect for morning coffee or romantic evenings under the stars. The suite includes two restrooms, a full kitchen open to the dining area, and a cozy couch in the living space for a third guest.Ideal for couples, honeymooners, or anyone seeking a peaceful and unforgettable escape with luxury, comfort, and one of the world’s most iconic views.Guest accessFull access for all spaceOther things to note•	Egyptian and Arab couples must present a valid marriage contract or certificate at check-in, in accordance with local laws and hosting regulations.	•	A copy or photo of the document is accepted.	•	Guests from other nationalities are not required to provide this document."
1577474590524023552,You'll have a great time at this comfortable place to stay.
1496606250151997440,"Soak in ancient beauty from your built-in jacuzzi with stunning views of the Great Pyramids, just 950m away 🛁🕌. This handcrafted retreat blends earthy textures, warm lighting, and natural charm. Thoughtfully designed for travelers who seek peace, inspiration, and authenticity. 🌿 Includes a queen bed, smart TV, Wi-Fi, and a serene atmosphere. Enjoy sunrise coffee or sunset magic over the ancient world. 📸✨The spaceThis peaceful, handcrafted retreat blends modern comfort with natural elegance — designed for travelers seeking inspiration and serenity 🌿✨.What you’ll find inside:🛁 A built-in jacuzzi with a direct view of the Great Pyramids🛏️ Queen-size bed (160x200) with soft linens🪵 Earthy textures, custom alcoves, and warm ambient lighting❄️ Air conditioning for year-round comfort📺 Smart TV and high-speed Wi-Fi🚿 Private bathroom with walk-in shower and fresh towels🍳 Kitchenette with:SinkMini fridgeElectric cooktopKettleNatural wood shelves with handmade touchesThis space is ideal to relax, reflect, and reconnect — with one of the world’s greatest wonders just outside their window.Guest accessYou’ll have full private access to your studio — your own peaceful sanctuary with a built-in jacuzzi and iconic views of the Great Pyramids, just 950 meters away. 🛁🕌🌇 You’re also welcome to enjoy the shared rooftop, where we serve a complimentary breakfast daily ☕🍉 with panoramic views of the pyramids — perfect for sunrise moments and sunset magic.☀️ In summer, you can also enjoy the rooftop swimming pool, a refreshing spot to cool down under the Egyptian sun. 🏊‍♀️🌴🛍️ Just outside the building, you’ll find local cafés, street vendors, small shops, and easy walking access to the Giza Plateau gate, all adding to the area’s authentic charm. 🐪Other things to noteThe retreat is located just 950 meters from the entrance of the Great Pyramids of Giza, placing you in one of the most legendary destinations on Earth. While the location is incredibly special, it also comes with the authentic atmosphere of the local village.You may experience:🐪 Occasional camel or horse sounds🎶 Street vendors or local life activity🕌 The spiritual charm of nearby prayer callsThese are not disturbances — they are part of the real Giza experience.📄 As per local regulations:Egyptian couples must present a valid marriage certificate before arrivalIt's an artistic, soulful space in a living, breathing neighborhood filled with history and character."
1424085861412803584,"Welcome to Sun pyramids view Hotel Our hotel is special place to Relax and enjoy with The magnificent and magical  view of The Pyramids Of Giza. After Relaxing in our comfortable Jacuzzi with the view.You can easy to reach The Pyramids with in 5 min walk from our Hotel. Don't forget to ask about our excursions and private Tours. That we make them special for you .The spaceRoom FeaturesLight System: Shining clean room with a well-designed lighting setup.Jacuzzi: Equipped with warm water for a relaxing experience.Comfortable Seating: Sofa bed and a perfect, comfortable king-size bed.Fresh Linens: Many fresh and laundered hotel towels made from pure Egyptian cotton.Extra Comfort: Extra blanket and pillow for added comfort.KitchenetteDishes and Utensils: Provided with dishes, silverware, spoons, forks, and knives.Appliances: Microwave, boiler, and many other kitchen essentials.Beverages: Free hot drinks (coffee, Nescafe, tea, hot mint) available throughout your stay.BathroomComplete Bathroom Features: Includes all necessary bathroom amenities.Toiletries: Nice-smelling shower gel and a hair dryer.Dining and RefreshmentsFree Beverages: Two free water bottles and juice.Hot Drinks: Complimentary coffee, Nescafe, tea, and hot mint.Entertainment and ConnectivityFree WiFi: Stable internet connection available.Cable TV: Entertainment system with cable TV channels.Workspace and LeisureSmall Table with Chairs: Perfect for seating and reading with a pyramids view.Big Cupboard: Ample storage space for your belongings.Other things to noteFree breakfast included."
1332471318833527808,"Enjoy your stay with Panoramic View of the giza pyramids and sphinx Yes! view and pictures are all 100% real. (Be sure to check out our other listings too) Indulge in a stunning view of all the Giza Pyramids from anywhere within this contemporary oriental studio or while relaxing in the Jacuzzi. It is also a 10 min walk from the Pyramids entrance gate. To make the most of your trip, make sure to check out our experiences!We're committed to providing our guests the magical hospitalityThe space-This boho studio is within a residential building in a very local & safe neighborhood named Nazlet Al Semman. It features a bright, sparkling clean jacuzzi where guests can chill in warm water after a long day of walking in the busy streets of Giza.- There is a bathroom, kitchenette, sofa bed and a comfortable king size bed.- Fresh, laundered hotel-grade pure Egyptian cotton linen, along with face & body crisp clean towels are provided.- A dining table is also available to use.- Wifi, Cable TV, & Chrome Cast are also available and free of charge.- Complimentary breakfast is served in the rooftop .- Complimentary water, tea,Guest access-Our guests have access to their room/floor, our lobby, and our rooftop -The front door is normally locked at night, but someone is always available for guests coming in and out after hours.Other things to note-Check-in starts at 2:00PM-Check-out is at 11:00AM-Breakfast is from 8AM-11AM on the rooftop-We are about 30-45 minutes away from Cairo International Airport.-We are about 2.5 hours away from Alexandria.We are about 35 minutes away from Memphis & Saqqara.-The Pyramids Complex is a 3-minute walk away from our property.-There is almost anything you might need within walking distance from the property, including but not limited to: a bank, ATMs, restaurants, coffee shops, shisha shops, pharmacies, mini-markets, bakeries, clothes stores, souvenir shops, jewelry stores, electronics shops, and more!-Our property offers a plethora of Tours throughout Egypt. If there's something in Egypt you'd like to experience, let us know!-We also offer Airport pick-ups or Drop-offs or transportation anywhere in general.-And more! Just ask!"
1648029920565612288,"Welcome to your luxury escape in Giza! Experience a Stylish and peaceful Stay in this Boutique villa, Perfectly located Just 2 minutes from the Iconic Grand Egyptian Museum and world famous.                                This elegant villa offers the perfect combination of comfort, privacy and prime location, making it unique sray near Egpt's most famous landmarks"
981120216738667264,"Private room located on the underground floor in the same building as our famous third-floor Pyramids-view listing Just 3 minutes walk to the Pyramids’ main gate and ticket window Quiet, clean, and ideal for value-focused travelers Guests staying in this room enjoy full access to the shared rooftop, where you can relax and take in the iconic panoramic views of the Pyramids.The spaceThe room consists of:the room at underground1 double bedlarge sofa bed mini barkettle water table with 2 chairs WardrobeBathrobeCash safe with combination lockSlipperstowelsHair dryerair conditionerprivate bathroom inside the room free Wi-Fisound system by Bluetoothsmart TV with channels.Guest accessThe easiest way to reach us is by contacting us via phone or the website itself.We will be waiting to give you the key upon your arrival.Other things to noteAlthough the room is on the ground floor, guests can enjoy the panoramic terrace overlooking the pyramids, as seen in the photos.There are other hotels in the same building, but everything related to our guest is private, as it's a family home, and each guest has their own name."
40835765,"Big apartment ( 150 M² ) has a Jacuzzi with Pyramids view in OLD GIZA ( Nazlet El-Samman ) in small street , the apartment is full with antique furnitures & salt lamps for positive energy, apartment has 2 big suites, each suite has an attached bathroom, the balcony is about 30 metres square and there is an elevator, there is hot water and Air-condition  .. very good internet..There is free breakfast, water, coffee & tea, also you can use the washing machineThe spaceVery stylish apartment Facing the Pyramids in very normal Egyptian street in OLD GIZA , there is a nice Jacuzzi with the Pyramids view :) The apartment has 2 large bedrooms,  2 bathrooms and big kitchen .Other things to noteI am a Professional licensed tour guide since 2006 , and ministry of tourism chose me as one of the best 100 tour guides in Cairo in 2012 .. here is all tours I offer with promise that it will be great tours1 / 8 hours guided tour to Giza Pyramids, Sphinx, Grand Egyptian museum costs 49 USD per person including Professional Egyptologist,  lunch , AC vehicle, pick up & drop off , bottle of water 2 / 8 hours guided tour to Memphis, Saqqara and Dahshure costs 49 USD per person including Professional Egyptologist, lunch , AC vehicle,  pick & drop off , bottle of water 3 / Guided day trip to Alexandria costs 90 USD per person including Professional Egyptologist, lunch , AC vehicle , pick up and drop off , bottle of water 4 / 8 hours Guided tour to Memphis, Saqqara and Giza Pyramids costs 49 USD per person including Professional Egyptologist  , lunch , AC vehicle , pick up and drop off , bottle of water 5 / 8 hours guided tour to Egyptian museum OR museum of civilisation, Saladin's fortress and Coptic Cairo costs 49 USD including Professional Egyptologist  , lunch , AC vehicle , pick up and drop off , bottle of water 6 / half day guided tour to Giza Pyramids and Sphinx costs 35 USD per person including Professional Egyptologist  , AC vehicle, pick up and drop off,  bottle of water 7 / camel ride costs 25 USD per person8 / ATV costs 40 USD per person9 / Dinner cruise around the Nile river for 2 hours including bellydancing show  , Tanoura show , open buffet dinner, water and pick up and drop off , costs 70 USD per person10 /  Deluxe private Felucca ride around the river Nile for 2 hours including lunch or dinner costs 100 USD11 / Felucca ride around the river for 40 minutes costs 40 USD per person including pick up and drop off12 / Yacht in the Red Sea to relax and swim for 6 hours costs 120 USD per person including lunch 13 /  Camping in the white desert for 1 night all inclusive costs 175 USD per person14 / Wadi Hitan safari ( Valley of the whales ) and Fayoum Cataracts cost 150 USD per person including lunch , AC vehicle , pick up and drop off,  bottle of water 15 / A day use on very nice beach in 5 stars hotel in Sokhna resort  120 USD including lunch16 / Cairo by night .. quick visits to Cairo tower , Tahrir square , downtown Cairo , Al- Moez st and Khan El Khalili Bazaar costs 49 USD per person including traditional Egyptian dinner 17 / Food tour .. you will try different Egyptian dishes and desserts around downtown Cairo, costs 49 USD per person.18 / 3 days pivate trip to Siwa Oasis from Cairo ( hotel , breakfast, dinner,  tour around ancient city & Safari ) costs 300 USD per person. 19  / 3 nights full board deluxe Nile cruise from Aswan to Luxor costs 900 USD per person including Private tours, Professional Egyptologist, sightseeing tickets, AC vehicle,  pick up and drop off  .. 1200 USD per person for 4 nights  Luxor to Aswan Nile cruise Airport transfer depends on size of vehicle,Classic car costs 25 USD 7 seats car costs 35 USDBig vehicle costs 50 USD"
41575953,"welcome to Pyramids Bay Apartment the best place to view the Giza Pyramids King bed ,free parking Its 5 minutes walk from the entrance pyramidsTo make the most of your trip,make  sure to check out our excursions and private tours.-we provide airport pickup at good rates for 20$Other things to noteAdditional rules1/ please note that outside visitors are not allowed.only guests that are included in reservation and have submitted their proof of ID will be allowed access to the property. 2/ Early check in / Late checkout is subject to availability Regular check-in time is 2:00 PM - 2:00 AM (next day). Early check-in fee is $10 per hour up until the normal 2:00 pm check-in time.Once booked, let us know if you require an early check-in on the day of arrival.Even if you request to book with a check-in time before 2:00 pm, unless the early check-in fee is added to the reservation your check-in time remains 2:00pm. Check-out time is 11:00am as late check out fees apply 10$ per an hour till 1 pm if we have potential guests at the same day of checkout.and at additional cost and 25$ extra per night for more 3 guests. 3/ Any missing or damaged items (i.e., towels, utensils, keys, furniture items, etc.) will be considered as a security breach and included in your bill before your departure (100$ Damage deposit)(Guests are expected to leave the house in similar condition as they find it) wipe up spills, wash all dishes, AC/ heat, fans & lights off and premises locked.  4/ If you rearranged any furniture, please return it to its original 5/ please note that in accordance to Egyptian tourism law only  Arab/Egyptian couples  must show proof of marriage certificate.Enjoy your stay"
1601405665390376960,"The Dome Chamber at Bayt Abbas Boutique Retreat is a private, standalone stay with a calm, earthy feel. It features a queen bed that fits two guests, a fully equipped kitchenette with a Nespresso capsules machine, toaster, microwave, electric stove, and kettle, plus a dressing room and a private bathroom. The retreat is 10 minutes from the Grand Egyptian Museum, 15 minutes from the Pyramids, 25 minutes from Downtown Cairo, 30 minutes from Sphinx Airport, and around 50 minutes from Cairo Airport.The spaceThis is a private Dome suite located inside Bayt Abbas, an ecological sanctuary. The suite is fully private, stand alone, with a privet entrance, while some outdoor areas within the property are shared with only another suite and other guests.Guest accessGuests have full private access to the Dome Chamber, including the bedroom, kitchenette, dressing room, and private bathroom. Guests also have access to shared places like decks, dine&chill area, roof, pool and jacuzzi within Bayt Abbas.Other things to noteBayt Abbas is an ecological sanctuary designed to honor nature, tranquility, and sustainability. A caretaker and housekeeping staff are on-site at the property. Guests are kindly requested to use water and electricity responsibly.To our Egyptian and Arab brothers and sisters:To ensure compliance with the house rules and local regulations of the Ministry of Interior, mixed-gender accommodation and visits are permitted only for married couples or first-degree relatives.Therefore, prior to your arrival, please provide us with an official document proving your family relationship or marriage.If the required document is not provided or if the booking details do not comply with these terms, we may, unfortunately, be forced to cancel the booking before or upon arrival and vacate the unit immediately without any refund, and we will notify the relevant authorities in accordance with the applicable regulations.We appreciate your understanding and cooperation, and we look forward to hosting you and providing you with a comfortable stay."
1441502113515038464,"2-room apartment for sale, bathroom, kitchen and living room/In this unique, quiet and distinctive dwelling, an old tourist walk is being builtGuest access90متر"
954203933863538176,Relax with the whole family at this peaceful place to stay.
1641637336624493824,"Welcome to your stay in the heart of Zamalek ✨Enjoy a stylish apartment located in one of Cairo’s safest and most vibrant neighborhoods.✔ Walking distance to the Nile✔ Surrounded by top cafes & restaurants✔ Quiet and secure area✔ Perfect for couples, families & small groupsWhether you’re here for business or leisure, you’ll love the central location and cozy atmosphere.The spaceLa casa del ray apartment in Zamalek featuring 2 bedrooms, 2 bathrooms, a bright reception with smart TV, and a fully equipped kitchen. Located on a quiet street near cafés, supermarkets, and embassies, with elevator and secure building— ideal for families or professionals.Guest access• Bedroom 1: One double bed• Bedroom 2: Two single beds• Reception / Living area with panoramic windows and plenty of natural light• Fully equipped kitchen• Two bathrooms"
1485950705456719872,Your family will be close to everything when you stay at this centrally-located place.
1146176885899217280,"Bring the whole family to this wonderful home with plenty of room for fun. Apartment for sale in Nasr City, Al-Waha neighborhood, 350 meters. There is a garage furnished with super lux furniture, fully air-conditioned. The furniture is clean and new. All electrical appliances are sold with furniture, air conditioners and all appliances. 5 million and 600 thousand are required in negotiation when selling without furniture 4 million and a half"
42767850,"Private apartment with private entrance, 3 minutes to downtown mall and cairo festival city, 4 minutes to ring road, 13 minutes to AUC. Very quiet area perfect for families."
1584187817659087360,"Luxury Palace | Exceptional Villa in the Heart of Al Rahab, the Finest Location in Al Rahab – Near Gate 13-storey villa + fully independent apartmentA huge building space of about 1000mLuxurious finish + fully furnished with the finest French classic furniture 6 bedrooms (3 master – including a duplex room)6 baths3 fully equipped kitchens2 salons + more than one entranceOffice room + independent nanny room with bathroom and kitchenLandscape based on 400mSwimming pool + waterfallLarge barbecue + equipped barbecueBasketball court3 Car GarageIndependent apartment on the top floor – best viewfully air-conditioned"
1155301453465176832,"Enjoy peace and quiet with your family in this quiet home.Apartment for sale in the 8th district at a bargain price 117 sqm ground floor 2 rooms 2 bathrooms Close to services, universities and transportation"
876051604806114176,"Room for rent plus reception in a quiet residential compoundThe spaceThe residence is a fully furnished room, in addition to the reception, kitchen, bathroom and apartment can be used, fully equipped with household appliances in a quiet and comfortable placeGuest accessRoom, reception, bathroom, kitchen and balcony"
1431877289693006336,"Enjoy with the whole family at this stylish place to stay.Very close to the sea, no sun, 152 square meters, full facilities. You can enjoy peace and quiet and be away from the noise of the sea"
1651493311021458688,"Luxury 1BR Apartment with Private Jacuzzi just 5 mins from Cairo Airport. Relax while watching TV or listening to music. Features King Size Bed, Play Couch Lounge (sofa bed), and Dual 55” Smart TVs. Spotless with Hotel-Level Sanitization before every stay. Fully Private with Smart Lock Self Check-In. Located in a quiet area, perfect for couples, small families & layovers. Optional airport transfer available.The spaceWelcome to a refined and private 1-Bedroom retreat designed for comfort, relaxation, and seamless stays.🧼 Exceptional CleanlinessExtra Sanitization Before Every Check-In with Fresh Linens, Towels, and a First-Use Feel Across All Fixtures.✈️ Prime Location – 5 Minutes From Cairo AirportIdeal for Layovers, Short Stays, and Business Travel. Optional Airport Pick-Up and Drop-Off Available.🛁 Private Jacuzzi ExperienceRelax While Watching TV or Listening to Music — A Unique and Premium Experience.🛋️ Play Couch Grand LoungePerfect for Relaxing, Watching TV, Playing Board Games, or Use as a Sofa Bed.🛏️ King Size BedDesigned for Maximum Comfort and Restful Sleep.📺 Dual 55” Smart TVsIn Bedroom and Dining Area.🌙 Quiet & Private EnvironmentLocated in a Calm Residential Area.👨‍👩‍👧 CapacityUp to 4 Guests.Guest accessGuests Have Full Private Access to the Entire Apartment.🔐 Smart Lock SystemSelf Check-InSelf Check-OutFully Private & Contactless⏱️ Flexible Timing (Subject to Availability)Free Early Check-In if Previous Day Is AvailableFree Late Check-Out if Next Day Is AvailableOther things to noteAs per the laws of the Ministry of Tourism, visitors are not allowed without prior permission and must be registered with us. For Arab nationals, a marriage certificate is required if visitors are of the opposite gender.CCTV Is Installed Outside the Apartment Door Only for SecuritySmoking Indoors Is Not Allowed (a fine of $100 will be imposed when smoking indoors)❄️🔥 Climate ComfortEnjoy powerful AC and heating throughout the apartment, keeping you cool during Cairo’s hot summer days and warm during the winter.🧹 Additional Cleaning ServiceCleaning During Your Stay, Including Linen and Towel Changes, Is Available Upon Request at an Additional Cost.📸 Photoshoots PolicyIf you are planning a photoshoot, kindly message us in advance.Photoshoots are approved on a case-by-case basis and may require an additional fee."
1440018853237426944,Relax with the whole family at this peaceful place to stay.
1403817032037387520,"Administrative or residential headquarters for sale directly from the owner, an area of 300 meters, ultra super lux finishing, suitable for companies, clinics, laboratories, administrative headquarters, and suitable for residential, it is 5 large rooms, and each room can be divided into two rooms, so that the total rooms are 10 rooms and 3 bathrooms, and there is a large bathroom Jacuzzi, as shown in the pictures, finishes of high super lux paints, houses, light, windows, insulation, facade, building and vital area, and there are all services and sale from the owner directly, and the inspection is the best guide"
1605720793006535936,"Stay in an upscale place that’s near everything you want to visit.Luxury hotel unit for rent 120 meters ( 1 bed - 1 bathroom - kitchen - reception and dining room )Tenth floor Monthly rent price : 15,000$ ( Minimum rental period 6 months )"
1397694527639845120,"Dear Guest,If you reach our page, we are quite sure you are looking for luxuryTherefore We will offer you the top VIP treatment and make your dream come true1. Pick up service by one of the most beautiful car in the world with bottle of champagne.2. You will be accommodate in one of Luxury prestigious Royal Suite on the Nile River , for two nights , breakfast and Romantic dinner in your suite3. Also special message during your Stay,4. Guided tours in  Cairo for free of charge ( option)The spaceGentile Ospite, Se sei giunto sulla nostra pagina, è perché desideri vivere un’esperienza di autentico lusso. Per questo, abbiamo creato per te un trattamento VIP unico, pensato per trasformare il tuo sogno in realtà:1-Accoglienza esclusiva con servizio di trasferimento a bordo di una delle auto più iconiche al mondo, accompagnata da una bottiglia di champagne.2-Soggiorno indimenticabile di due notti in una prestigiosa Royal Suite affacciata sul Nilo, con colazione e romantica cena servite direttamente in suite.3- Una raffinata cena romantica navigando sul Nilo4- Attenzioni personalizzate e messaggi speciali durante tutta la tua permanenza.5- Esperienze culturali con visite guidate gratuite al Cairo, disponibili su richiesta.Guest accessAccesso fisico: l’ingresso principale, le aree comuni (hall, ristorante, spa, piscina) e gli spazi riservati agli ospiti registrati.Accesso ai servizi: utilizzo delle strutture dell’hotel (Wi-Fi, palestra, concierge, navetta, room service).Accesso regolamentato: norme che stabiliscono che solo gli ospiti registrati possono entrare e usufruire dei servizi.Accesso digitale: credenziali per Wi-Fi, app dell’hotel, chiavi elettroniche o card magnetiche per le camere.Accesso privilegiato: vantaggi riservati a ospiti VIP o clienti fidelizzati, come lounge dedicate o entrate riservate."
1569485916342726400,Apartment for rent 2 Izzat Salama steps to Abbas Akkad and Makram Obaid All services are next to you New building Third floor Two elevators in the building Security for the building Surveillance cameras
1104116827677708544,Bring the whole family to this wonderful home with plenty of room for fun. Because the villa is spacious
1556510408515026432,"Townhouse for sale in Marassi Red Sea project, model TH-1A, 3 bedrooms, over 4 million"
1352352955064470784,"Enjoy a luxurious stay in the heart of Sheikh Zayed! This elegantly furnished apartment offers modern comfort with a stylish living space, a fully equipped kitchen, and high-speed WiFi. Located near top restaurants, cafes, malls, and essential services, making it perfect for business travelers and families. The secure building ensures a peaceful stay with easy access to transportation. Experience the best of Zayed with convenience and elegance!”"
1498906658243578880,
33851906,"Located in 6th Of October, just 29 km from Mall of Arabia, Villa in Golf Al-Solaimaneyah  has accommodations with barbecue facilities and free WiFi.Providing access to a terrace, this air-conditioned villa comes with 3 separate bedrooms and a fully equipped kitchen. Restaurants in the resort include Italian, Lebanese and French cuisines.Facilities include a health club, a kids playground, tennis courts, football court and a lake.The nearest airport is Cairo International Airport, 69.2 km.The spaceVilla located in a Residential Compound with nice families around :)"
1335110769727741184,The whole group will be comfortable in this beautiful spacious accommodation
1448388580371987456,"Escape to Sunset Soirée, a private rooftop studio in exclusive Sodic Villette. This sky-high sanctuary is perfect for couples or solo travelers seeking peaceful luxury. Unwind in your private jacuzzi with stunning skyline views from the spacious terrace. A truly unforgettable retreat designed for serenity and comfort.The spaceWelcome to your sky-high sanctuary in the heart of Sodic Villette, where modern design meets open-sky serenity. This private rooftop studio is thoughtfully curated for those who crave peaceful luxury and unforgettable moments.The main event is your exclusive rooftop terrace, featuring: A private hot tub with a stunning skyline view. A comfortable daybed to watch the sunset steal the moment. A dining set and BBQ area, perfect for an evening meal under the stars.Inside, you'll find a stylish and comfortable retreat that includes: A chic bedroom area for a restful night's sleep. A dedicated workspace for catching up on emails. A modern bathroom with a relaxing tub.A compact kitchenette, complete with a Nespresso coffee maker to start your day right.Guest accessYou will have exclusive access to the entire studio apartment and your private rooftop terrace. For your convenience, the property offers easy self check-in, and the building is equipped with an elevator.You are also welcome to enjoy the shared community amenities, including a large lap pool and a basketball court, perfect for an active afternoon.Other things to notePlease note that while your apartment and rooftop terrace (including the hot tub) are completely private for your exclusive use, the swimming pool and basketball court are shared community amenities."
1187786914734707712,The whole group will be comfortable in this spacious and unique space.
1491441495626190080,"Enjoy peace and relaxation with your family in a family rental only from the owner directly - a distinctive apartment in the Tigris Gardens Compound - October Gardens Area: 80 m² Division: Two bedrooms + reception + bathroom + kitchen Floor: Ground floor, fully serviced compound (security and 24-hour guarding - green spaces - parking spaces - close to services and transportation). Excellent finishing and ready for immediate occupancy from the owner directly. Only for families. Excellent ventilation and natural lighting. Quiet and safe environment. Price: 7000 EGP per month (negotiable for serious buyers). 01147424240"
1145843095317517696,"Relax with your family in this quiet place. Very elegant, there are all the services, lively, 2 guards 24 hours"
1215770463637762048,"This special place is close to everything, making it easy to plan your visit."
1569485803452402176,Relax with the whole family at this peaceful place to stay.
1517792834012970752,"Large apartment 250 m, three rooms, two bathrooms, two air conditioners, all electrical appliances are new Large five-piece hall 20 minutes from the Egyptian pyramids, a very special location There is a restaurant in Al-Hawar that serves all kinds of food  Easy to move from the location."
1563288267146291456,"Kick back and relax in this calm, stylish space."
1615388358699721216,"Connect with nature at this property, where you will have a truly memorable experience. It is located behind the Abu Bakr Al-Siddiq Mosque and close to all services."
1221053310713368064,"This special place is close to everything, making it easy to plan your visit."
1459997441523262208,This memorable place is anything but ordinary.
36988796,"Luxurious 2100 m2 Palace with a well planted Garden  area of 2000 m2-3 storey levels with9 master bedrooms, each with its own restroom-15 king beds - Main kitchen -2 American kitchens -5 living rooms-Main dining rooms with 18 chairs -Dining room with 10 chairs-TV sets-Air conditions-Microwave, washer/dryer-large private swimming pool-Outdoor shower & dining-BBQ Grill -Amazing for parties-Free parking on premises- drivers and service area available  along with nanny’s roomThe space340 m2During your stayEasy to get in touch"
1659028564195855360,Reconnect with loved ones in this family-friendly place.
1310133675077062144,"Make some memories in this unique, family-friendly space.4-bedroom apartment, 3 bathrooms, hotel furniture, Al-Siyahiyah, 6th Street, Abdel Moneim Riad, very close to Mall of Arabia, Misr University, Dar Al-Fouad Hospital, all services, private garage and swimming pool"
1655274466078332928,"A peaceful luxury escape in the heart of Uptown Cairo, this villa blends modern design with comfort, offering spacious living areas and stunning views for a truly relaxing stay."
1446467533934195456,Relax with the whole family at this peaceful place to stay.
1655776597949850624,
1508828291068445440,Villa with swimming pool in Aligeria Beverly Hills Sheikh Zayed 3 Master Rooms 4 Bathrooms 3-piece reception
1443784874744124928,
30243787,Welcome my friend at your jacuzzi pyramids view From the room and the balcony you can see the pyramids and you can walk to the pyramids 5 minutes because we are at front of the pyramids directly and the min get of pyramidsThe spaceOur jacuzzi room its located at front of the pyramids directly and you can waking to-the pyramidsGuest accessYou can enjoy with the jacuzzi and the  free tour with us coming my friend to you r jacuzziOther things to noteCome for Enjoy with the jacuzzi pyramids view we are waiting for you with happiness
1344838669656893184,"Experience Cairo from this stylish Kasr El Nile studio, perfectly located downtown, minutes from Tahrir Square, the Nile, and more. This modern space features a king-size bed, Wi-Fi, Smart TV, balcony, and a fully equipped kitchenette. Enjoy a peaceful stay with easy access to restaurants, cafes, and transport. Whether you're visiting for work or leisure, this cozy studio offers comfort, convenience, and a true taste of Cairo."
1216052727113394944,The whole group will be comfortable in this spacious and unique space.
1174850752917317376,Relax with the whole family at this peaceful place to stay.
1147208055353968896,"This unique space has its own style. Fully air-conditioned apartment, new furniture, 3 rooms, 4 bathrooms, reception, 3 pieces, high-speed internet in Mohandeseen on the main street, 24-hour service"
51953229,Your family will be close to everything when you stay at this centrally-located place.
555180799956858560,"Kick back and relax in this calm, stylish space."
48145763,
1042063266374748288,"Relax with your family in this quiet, spacious home"
1514843610059047680,"luxurious furnished apartment for rent at east town sodic new cairo near Auc  with landscape view There is a “Green Spine” (pedestrian-friendly, green landscaped paths) and a “Commercial Spine” which houses retail, dining, office areas. These are connected so that residents can walk between zones without needing to use cars much. �"
1451468709932612352,Bring the whole family to this great place with lots of room for fun.
849542966954475776,Your family will be close to everything when you stay at this centrally-located place.
1219664717462757632,"Enjoy peace and quiet with your family in this quiet home. There is a large garden with roses, jasmine, fiber internet, and tranquility. Cafes and markets are available Very close, transportation to and from the house, 24-hour electricity, cleanliness of the place, parking lot, and 24-hour security"
1561052950202885120,Enjoy a memorable visit when you stay in this unique place.
1283388477975475712,"Villa for rent in the most upscale phases of Madinaty for those who want distinction and hotel finishingModern model ""ii"" villa•⁠  ⁠Full hotel finishing and furnishings•⁠  ⁠There is a large swimming pool and a Jacuzzi built into the bathroom and a separate Jacuzzi on the roof•⁠  ⁠Special finishes-fully smart home &Alexa app•⁠  ⁠85 inches LG tv screen 8K •⁠   heated pool & jacozziRoof: Nanny's bedroom+bathroom + Jacuzzi"
1595627764307300096,Enjoy a stylish experience at this centrally-located place.
729682266919743104,Mivida Crescent furnished apartment with open view and relax place to stay in it
1441595701382845184,Make some memories at this unique and family-friendly place.
1484706355938914816,
1355884083437555712,"Experience unparalleled luxury in this 9-bedroom villa. Perfect for families, groups, and high-end travelers.• Private Indoor Pool – Swim in total privacy.• Jacuzzi & Sauna – Ultimate relaxation at your fingertips.• 9 Spacious Bedrooms – Designed for comfort and elegance.•High-Speed WiFi & Smart TVs – Stay entertained.•24/7 Security – Exclusive gated community.Ideal for family vacations, group getaways, this villa offers the perfect blend of comfort, privacy, and sophistication.The spaceThis is a whole palace divided into 3 townhouses and one penthouse , this listing is the middle townhouse and the penthouse and the whole basement ."
1181079249870074112,"Kick back and relax in this calm, stylish space.Villa in Rehab city near Mall 1. Very good location, excellent neighbourhood."
1276113745863187968,"Luxurious Apartment with a stunning panoramic view of the Nile and the Pyramids of Giza ad Sakarra. Located in a prime area, just few minutes away from Cairo's top attractions, making it the perfect base for your visit. The modern, spacious apartment provides comfort and style, ideal for up to 6 guests. Whether you're relaxing by the Nile or exploring the city, you'll find everything you need for an unforgettable stay.For any additional requests, feel free to contact us anytime :)"
1269664768452440576,"Welcome to our enchanting 2-bedroom, apartment in the peaceful part of Cairo, offering captivating views of the Nile River.Located on the 15th floor in Al maadi , our cozy retreat promises a memorable stay in the heart of the city.Whether you're here for business or leisure, our welcoming retreat invites you to create lasting memories against the backdrop of Cairo's iconic skyline. We look forward to host you!The spaceAs you enter, you will be greeted by the blend of classic charm with modern comforts. The living area is thoughtfully designed for relaxation and entertainment, featuring comfortable seating, a smart TV and high speed Wifi. The dining table overlooks the majestic view, perfect for memorable meals and moments with loved ones.In the bedroom, you'll find a queen-sized bed adorned with plush linens, ensuring a restful night's sleep. And for moments of relaxation, retreat to the bedroom terrace. Whether you're enjoying a cup of coffee in the morning or unwinding with a glass of wine in the evening, the balcony is the perfect spot to take in the sights and sounds of Cairo."
1544982572677726976,"Welcome to Auja Twin Estate,  a peaceful 12-bedroom retreat with space for everyone. Featuring 6 master bedrooms, a private pool, and open living areas designed for comfort and connection. Perfect for families, friends, and gatherings that deserve a little extra space and style."
1017307059720239360,"Make some memories at this Royal unique classic House  and family-friendly place. Sakkara Royal House with Big Garden and Big Pool and Heated Jacuzzi , Enjoy the sunset on the roof with desert view and pyramids view. I can offer Horse ride trip and Quad Bikes ride trip and any tour you want we can arrange it together.The Villa can be used for events and weddings."
1662729154600712192,Relax with the whole family at this peaceful place to stay.
1596006519280876288,The whole group will be comfortable in this spacious and unique space.
1032367854841393024,Golden opportunity for the investors buy this house with 10% dp and the rest equal installments over 10 years at the one of the most luxurious area  start 74m  1 bed       160000$           108m  2 bed       165000 $           130m 3 bed        177000$
1483926353070909440,*Eastown Triplex*4 Bedrooms 5 BathroomsNanny's RoomStorage RoomTop Roof
1412388051602865408,"Upscale hotel apartment at Aeon Towers in Sheikh Zayed City, strategically positioned near Mall of Arabia, serving as a landmark for individuals in search of a city escape within a residential area.The Great Sphinx is situated 16 miles from the apartment, with Sphinx International Airport conveniently located 20 miles away."
1079751915569966336,"Take it easy at this unique and tranquil getaway.The spaceIndulge in the epitome of luxury at this exquisite villa in Allegria Golf, offering mesmerizing views overlooking the golf course. With a private pool, 5 bedrooms, an office, nanny room, butler room, and a fully equipped kitchen, this is a haven of opulence.Guest accessFull access"
976960526172801280,"Two Townhouses villa joint together to create a spacious villa . The villa is in Kattameya Dunes compound , the most luxurious compound in Egypt where only high profile people live at the compound , as a symbol of luxury Westin Hotel and spa is inside the compound . The villa consists of the following - 2 private swimming pools one for each villa .- 2 living rooms and 1 gaming room - 8 master bedrooms with every bedroom has its own private bedroom and attached private bathroom ."
1536264956482074368,"For daily or monthly rent In the finest compound in Sheikh Zayed Al Jariah Sodic 1000m Villa Ultra Super Luxury Smart Fully New Furniture First Residence 6 master bedrooms Swimming Pool Heating systemHeating system Special barbecue inside the swimming pool The spaceEntire villa with underfloor heating system and interactive colorful light system with the amazing music sound system in the garden and the roof.The roof has a jacuzzi that can carry 5 persons and a steam room that can carry 3 persons.Shisha is available on the pool.The spaceThe spaceEntire villa with underfloor heating system and interactive colorful light system with the music amazing for partying and sound system in the garden and the roof.The roof has jacuzzi carryover 5 persons and a steam room carryover 3 persons.Massage & Hot stones & cupping therapy & Morocco bath & catering and car rental are available upon request.Shisha on the pool available.Guest accessEverywhere – You’ll have the entire villa to yourself: heated pool, jacuzzi, garden, steam room, small gym and all amenities.Guests can also access the golf course and the lake.Other things to noteGuests have access to the golf course and the lake and restaurants and cafes and disco and bars and malls inside the compound.Prime location: only 10–15 minutes away from Arkan Plaza, Galleria 40, Mall of Arabia, Mall of Egypt, and a quick 20 minutes drive to the Pyramids of Giza & the Egyptian Grand Museum.Guest accessGuests have access to the golf course and the lake and restaurants and cafes and disco and bars and malls inside the compound.Prime location: only 10–15 minutes away from Arkan Plaza, Galleria 40, Mall of Arabia, Mall of Egypt, and a quick 20 minutes drive to the Pyramids of Giza & the Egyptian Grand Museum."
628120358260176768,"Welcome to our apartments!This apartment is located by 5 min walk to the Sphinx and Great Pyramids entrance gate. This apartment has the best view of pyramids from balcony. This location is peaceful and quiet, and close to many restaurants, shops, fruit shops, malls (local and tourist), mini markets, and pharmacies.The apartment is air conditioned with unlimited fast internet, full accessories, clean sheets, and fresh towels. This is the best place to enjoy the view of pyramids!!!The spaceThe apartment has 2 bedrooms, bathroom, kitchen, 3 beds, 1 sofa bed, digital refrigerator, washing machine; stove, a/c, fast internet,Water kettle, coffee maker, microwave, and 50 inch tvOther things to noteMy place is good for a family or group of friends , solo travelers and business travelers.Our area is very safe and full of life.It has easy access to all amenities and services. A cozy apartment tailored for a lovely Stay just like home! You will have the whole apartment to yourself!"
1568327623656726272,"Available now, God willing For daily or monthly rent In the finest compound in Sheikh Zayed Al Jariah Sodic 1000m Villa Ultra Super Luxury Smart Fully New Furniture First Residence 6 master bedrooms Swimming Pool Heating systemHeating system Special barbecue inside the pool A wonderful garden. Garage for 4 cars Driver's room"
50282660,
1563829432122315776,"Discover one of the finest real estate offerings in Beverly Hills – Allegria, an exceptional villa with a sophisticated international design, combining architectural luxury, advanced technology, and absolute comfort in every corner.This villa is not just a residence… it is a smart residential masterpiece designed to offer the highest levels of luxury, privacy, and security, incorporating the latest global smart control solutions via the KNX System, to experience the home of the future in every detailThe spaceVilla Features and Details- A huge space with a brilliant distribution and three floors that give you the feeling of private palaces.- 6 luxurious master bedrooms with large facades and natural views, plus a separate nanny room.- 8 bathrooms with high-end finishes and international designs that give maximum comfort and a hotel experience.- A large royal dining room designed to host the finest events and banquets.- Two fully equipped kitchens with the best appliances - main kitchen + service kitchen.- Private glass room overlooking the pool, perfect for relaxing or daily sitting.- Luxury Jacuzzi for an extra level of luxury.🏡 Outdoor Experience- A luxurious swimming pool with a modern design that flows harmoniously with the garden.- A large, well-kept garden with a sophisticated automatic irrigation system.- Professionally designed outdoor lighting paths to create a dazzling atmosphere at night.⚡ Technology and luxury without borders- Full smart control system – KNX- Control of lighting, air conditioning, electrical appliances, and villa doors —All from your phone with one click.🔒 Integrated security system- Advanced anti-theft system- Surveillance cameras- Motion sensors- A smart gate connected to the system☀ Advanced Energy Solutions- Integrated solar power station to provide electricity with the highest efficiency- Central air conditioning Cover Energy Efficient- Central Heating System powered by solar and gas- Exceptional car space- A huge garage that can accommodate 5 cars- Built-in car wash system- Perfect storage space- Heavy-duty flooring💧 Health and purity- 4-stage water purification plant to ensure clean and safe water all the timeOther things to note🛎️ Services available upon requestWe provide the customer with the highest level of hotel services to increase comfort and privacy:Professional daily cleaningLaundry and ironingDelivery of groceries and household needsAirport pick up / drop offRenting cars of multiple categoriesProviding a private chef to prepare special meals inside the apartment📜 Housing ConditionsCheck-in after 2:00 PMCheck out before 12:00 PMNo partiesKeep quiet after 11 pmProvide a copy of your passport or ID 24 hours before arrival Refundable insurance is required"
1195167029056800256,
1480462795733156352,"Apartment for rent in the city of Talaat Mustafa, first resident, 140 meters, second floor, in the finest stages of B8Next to all services.- Ultra Super Lux finishing, hotel furniture, fully equipped.- View Wide Garden and Open Sea View- Natural gas- Internet- Sound system in all rooms- 3 bedrooms and 2 bathrooms- Fully air-conditioned- Rent for 6 months or annually-Fully furnished hotel apartment for rent 140 m Madinty-Second floor 2nd-3 bedrooms and 2 bathrooms - fully air conditionedhigh-end appliance. Luxury furniture. first use."
1447079978041399040,"Step into unmatched luxury at this breathtaking 14-bedroom all-master villa—your own private resort designed for unforgettable moments. Each room offers elegant comfort and privacy with its own bathroom. Enjoy not one, but two sparkling swimming pools, perfect for relaxing. The grand reception hall welcomes you with soaring space and modern sophistication, ideal for large families, group retreats. This villa is more than a stay—it’s an experience of pure indulgence"
1516588329475180032,"Welcome to your luxurious escape in Beverly Hills Compound, Al Sheikh Zayed! This fully furnished 6-bedroom, 8-bathroom villa is designed for comfort, space, and serenity. Start your morning with coffee on the balcony overlooking the pool, take a refreshing swim in your private pool, or relax in the lush garden. With a stunning master suite, stylish interiors, and high-speed Wi-Fi, your stay blends leisure and luxury perfectly.The spaceMaster Bedroom: Queen bed, dresser, private bathroomBedroom 1: Queen bed, private bathroomBedroom 2: Queen bed, private bathroomBedroom 3: Queen bed, private bathroomBedroom 4: Queen bed, private bathroomBedroom 5: Two single beds, dresserNanny Room: Single bed, private bathroomKitchen: Fully equipped with stove, oven, refrigerator, and dining table with 8 chairsLiving Room: Spacious with L-shaped couch and smart TVBathrooms: 8 total, featuring showers with hot/cold water (some en suite)Guest accessGuests have full access to the entire villa, including the private pool, garden, balconies, and all rooms. Parking is available, and you’ll also enjoy the secure environment of the Beverly Hills Compound."
708762036352809856,Relax with the whole family at this peaceful place to stay.
1609393874846735616,
28047935,Forget your worries in this spacious and serene space.Penthouse located 5 mins away from Cairo international airport. 5 min drive from shopping malls and cinemas. 45 mins away from Giza pyramids 2 hour drive from Red Sea Chauffeur/ Security on call if you request it before hand for any trips/ visits ( can also make ticket inquiries and bring an SUV). 2 parking spaces for your rentals with remote garage. Security cameras and intercom included. Doorman available to your needs.
1551674996314432512,"Luxury Smart Villa with Heated Pool & Golf View – AllegriaDescription:Stay in a stunning 6-bedroom smart villa overlooking the golf course in Allegria, Sheikh Zayed. Features a heated private pool, 4 Jacuzzis, steam room, BOSCH kitchen, central A/C, underfloor heating, and full smart home control. Includes EV charger, solar power, and elegant outdoor lounges for a premium stay"
712292176311959168,"We have free tour buses every day with a tour guide from the hotel around the pyramids and visits to the Papyrus Museum, the Perfume Palace and the Bazaar for free for your pleasure.The spaceWe have free tour buses every day with a tour guide from the hotel around the pyramids and visits to the Papyrus Museum, the Perfume Palace and the Bazaar for free for your pleasure.Guest accessWe have free tour buses every day with a tour guide from the hotel around the pyramids and visits to the Papyrus Museum, the Perfume Palace and the Bazaar for free for your pleasure."
1176132288355809792,"A unique opportunity: an ultra-super-lux hotel apartment for sale, fully furnished with appliances and air conditioning. It has two rooms, including a large master room with a large private bathroom, a large children's room, 2 bathrooms, a large reception area with an entrance and a dining table, and a large American kitchen equipped with all appliances. It has a balcony with a view of the main pyramid, 2 elevators, Wi-Fi, and is fully air-conditioned. It is located on the fifth floor, with a net area of 120 square meters. The tower has 13 floors, and a new floor is imminent. There is a gym below. The apartment is in the finest location in the pyramid, the main pyramid.The space120 sqmGuest accessWhen communicatingOther things to noteWhen communicating"
1207356658832145664,This special place is close to everythin 5 minutes to Tahrir Square.
1548603738636865280,Relax with the whole family at this peaceful place to stay.
1637879979508535296,"Enjoy a stylish experience at this centrally-located place.The space13 mins away from the airport Parking spot reservedLuxury, comfort, and privacy — all in one perfect stay.Other things to noteInsurance will be applied 30% in case of any damages Will be returned at the checkout after checking everything in the apartment"
1019309529827681920,"Relax with your family in a warm well-equipped place where u are steps away from all services , mall , universities , and medical centers !!Stay in a gated compound with 24 hours security!!"
50134729,"Welcome to Villas d'Egypte, your lush green sanctuary away from the hustle and bustle of modern Cairo. Nestled in a beautiful garden setting, our property boasts two exquisite villas, offering a total of 5 en-suite bedrooms and 1 family suite with 2 bedrooms sharing a bathroom. With intimate living spaces, a spacious swimming pool, and sprawling lush grounds, it's the perfect retreat for discerning travelers seeking relaxation and rejuvenation.The spaceThe stay is fully catered with exquisite Egyptian cuisine, freshly baked bread and pastries in the morning."
33353618,Have fun with the whole family at this stylish place.
689792922435868928,"Egyptian countryside house with peaceful, relaxing vibe.The spaceThe whole lower floor & outdoors with pool are available for day-use & gatherings (small parties).Guest accessLiving, dining room, kitchen & guest toilet on the lower floor & the outdoor terrace with the pool & garden.Other things to noteAdditional House Rules:No sleepover at the moment.Maximum 10-15 persons.Gatherings, but no parties.No alcohol.No loud music, as it is a quiet compound.Hosts will be present at the upper floor."
1618975446217014528,This unique place has a style all its own.
1600669891405633792,"VIP finishing apartment, 250 sqm3 RoomsOne of them is a master bedroom with a dressing roomThe apartment is imported marbleImported wood bookbindingConsolidated Room DoorsConsolidated and Normal AdaptationsHDF Fireproof ImporterAmerican KitchenVIP Finished Apartment – 250 SQM• Area: 250 sqm on two levels• 3 bedrooms, including a master bedroom with a dressing room• Imported marble flooringImported wooden wall cladding• Concealed bedroom doorsConcealed & split air-conditioning systems• Imported fire-resistant HDF• American-style open kitchen"
47883566,"Newly furnished apartment, modern decor, Wi-Fi, 65-inch TV, close to all services, very secure, next to all international embassies, the highest McDonald's restaurant and Pizza Hut"
1612579527182834432,"Indulge in a world-class living experience in this iconic villa featuring 6 master suites, each with a private bathroom. Designed for elite comfort, the villa offers 2 gourmet kitchens, 4 guest bathrooms, full central AC and heating, a private games lounge, grand reception hall, 3 elegant salons, a spectacular rooftop BBQ with panoramic views, a private swimming pool, and a lush 1,600 sqm landscaped garden — a true statement of luxury living."
52379135,
1579949228520940544,"Relax in this unique and quiet space.Everything is available, very quiet and wonderful, and there is psychological comfort"
1264487199319911680,"Apartment for rent in Heliopolis, great finishing, classy and quiet location, new tower Area 285 meters 3 bedrooms, including a master bedroom3 BathroomsKitchenLarge reception 3 pieces Internet 24-hour securityPrivate Garage"
1585497969847399424,Make some memories at this unique and family-friendly place.
1221866070798006272,Stay calm and relax with your family in this quiet accommodation.
1264503264485463296,
1108792191152024192,Your family will be close to everything when you stay at this centrally-located place.
1116616659880182144,"Kick back and relax in this calm, stylish space."
1208808634016334848,"Furnished hotel apartment for rent, first residence, in Madinaty B15 Fully air-conditioned  _ Next to services and at a very special price 96 sqm (2 rooms, 2 bathrooms, kitchen and reception)"
1155945536402834944,"""Amazing Rental Opportunity! Discover this stunning apartment nestled in the heart of Degla Maadi, located on 206th Street. The apartment is bright, spacious, and features four bedrooms, three bathrooms, and a stylish American kitchen. Enjoy the abundant sunlight and vibrant atmosphere, while being conveniently close to all amenities and facilities."" to stay."
1507773124366821120,"Welcome to one of the most iconic stays in Giza, with unmatched views of the Pyramids. Enjoy the breathtaking sight of all three pyramids from anywhere inside this modern oriental studio, or while relaxing in your private in-room jacuzzi.Thoughtfully designed for comfort and authenticity, the apartment offers an ideal base steps from one of the world’s greatest wonders.All photos are 100% real, and guests are welcome to explore our other listings and unique local experiences.The spaceThis bright and cozy studio is designed for relaxation and comfort  the perfect retreat after a day spent exploring the pyramids and the vibrant streets of Giza.Inside, you’ll find:✔️ A private indoor jacuzzi, thoroughly cleaned and sanitized before every stay✔️ One queen-sized bed with hotel-quality Egyptian cotton linens✔️ A bathroom stocked with fresh face and body towels✔️ A compact kitchenette for light meal preparation✔️ Free Wi-Fi, Cable TV, and Chromecast✔️ A Nespresso machine✔️ Complimentary bottled water and two coffee capsules.Guest access✔️Guests will have full private access to the Apartment and all of its amenities during their stay.✔️For larger groups or multiple bookings, feel free to contact us — we may have additional units available in the same building or nearby.Other things to note⚠️ Electricity or water outages may occasionally occur due to infrastructure maintenance in the area. While this is beyond our control, we’ll do our best to assist you if it affects your stay.✔️The rooftop is part of the building but not managed or maintained by us. We are not responsible for its access, safety, or cleanliness.✔️We kindly ask that you treat the space with care and leave it tidy at check-out."
1073716230762716800,"Explore Egypt’s most magnificent monuments on a budget via our Cairo and Alexandria Budget Tours. Enjoy the marvelous architecture of the Great Pyramids, the Sphinx, and the Citadel in Cairo. Then Travel to Alexandria and Discover the Beauty of the Mediterranean coast and explore the vibrant culture of Egypt. Book your next adventure today via our Cairo and Alexandria Cheap Tours."
1462602688950627840,"All services are available next to you A special place next to Abbas Al-Akkad New furniture, first use"
557966923927056576,"Facilities:-33-acre central park.-The Lake District.-Mivida Downtown Boulevard.-Mivida Mall.-Exclusive 3 Clubhouses.-Sports Club.- 2 International Schools.A comfy serviced apartment for a family or a group of friends, Located inside Mivida Compound, New Cairo, Located inside Park residence, minutes to Mivida clubhouse and Mivida business park.An apartment inside a gated community (Boulevard Residence) in Mivida Compound. The apartment is minutes away from the club houseThe spaceAn apartment inside a gated community (Boulevard Residence) in Mivida Compound. The apartment is minutes away from the club house and the business Park.Guest accessGuests can access the public pool in the club house using the Access Card"
1422335721731292672,Bring the whole family to this great place with lots of room for fun.
1300863700619001600,Elegant and acceptable falt in the heart of cairo with classic furniture and amazing features and view
1200613096733451520,Get comfortable and enjoy the many extra rooms in this spacious place. The apartment has 3 large rooms + living room + 3 bathrooms + kitchen + reception 4 pieces
1534364182510740992,"Luxury Villa with Indoor Heated Pool & Sauna | Katameya Dunes, New CairoAbout the Property:Experience ultimate comfort and privacy in this stunning villa located inside the prestigious Katameya Dunes Compound in New Cairo.Perfect for families or groups, this elegant home combines modern luxury with a serene atmosphere.✨ Property Features:4 spacious bedrooms, including 2 master suites with private bathrooms."
45990672,Stylish home just in front Abu Sir pyramids. Privileged view. Very unique place. Fully equipped kitchen and bar for family BBQ. large garden and swimming pool to enjoy the day.
989730344695208832,"Villa Twin House Special Finishes 4 Bedrooms and 4 Bathrooms Special Location in Al Rehab Land area 600 m Building area 319 Furnished villa for rent. A unique opportunity. Special price.Specialized in real estate management and marketingWe have all spaces available, including apartments, villas and shopsSale and rent (Al Rahab - Madinaty - New Cairo)"
1500702117326175232,"Twin House for rent, first floor 320 m. With 100m terrace with scratch-resistant Spanish porcelain, nice location4 bedrooms + 4 bathrooms (3 master bedrooms, 1 king suite, 1 queen room and the third is a double room + standard rooms) + balcony + 2 large reception rooms. Kitchen. Shower cabin, cameras, shower and intercom. The villa is equipped with a stove and gas heaters in the bathroom and kitchenSuper Lux Ultra finish, a semi-modern style that suits all tastes. The compound has 3 swimming pools with an amenity area and is 3 minutes drive from Egypt Mall."
1372349170837637376,"Wake up to a golf course. Step onto your rooftop. Sink into your private Jacuzzi.This is the only penthouse in Kattameya Dunes with a first-row golf view, a private rooftop Jacuzzi, and a dedicated in-unit escalator — three things you will not find in any other listing in Cairo.The spaceThe penthouse :Spread across multiple floors connected by your own private escalator, this is not an apartment ,it is a residence. Five bedrooms including two full master suites, each with a private en-suite bathroom and premium finishes. The remaining bedrooms are generously sized and ideal for families, children, or additional guests. Every space is designed for elegance, not just comfort.The rooftop:This is what sets this penthouse apart entirely. Step up to your private rooftop terrace and you are met with an uninterrupted panoramic view over the Kattameya Dunes golf course one of Cairo's most prestigious. Your Jacuzzi is up here. Morning coffee is up here. Sunset gatherings are up here. It is the kind of outdoor space most hotels cannot offer.Your services :Private chef available for breakfast, lunch, and dinner prepared in your fully equipped kitchen and served wherever you choose. Airport pickup and drop-off arranged in advance. Special occasion setups, florals available on request.Your location :Inside the exclusive Kattameya Dunes compound with 24/7 security. Minutes from New Cairo's finest dining, retail, and entertainment. Easy access to the AUC, Downtown Katameya, and Cairo International Airport."
15490900,"Wake up to the breathtaking view of the ancient Abusir pyramids right before you.Stunning 5-bedroom villa with guesthouse, pool, lush garden, gym, playroom & treehouse. Sleeps 10.Designed by award-winning architect Ahmad Hamid (2010 World Architecture Award), inspired by Hassan Fathy.20 min to Giza Pyramids & Grand Egyptian Museum.Art collection personally curated by owner Taya Elzayadi.Private chef available for hire.A peaceful family-friendly retreat where history, art, and luxury meet.The spaceStep into a soaring double-height, open-plan living space warmed by a grand fireplace and enriched by an exceptional contemporary Egyptian art collection.The villa offers a sleek open kitchen plus a spacious second kitchen for seamless hosting. Three luxurious en-suite bedrooms are found in the main house; the separate guesthouse adds two more en-suite bedrooms, a kitchenette, and its own living area.Outside, enjoy a private pool, gym, ping-pong table,  BBQ, outdoor fireplace, shaded terraces, and an expansive garden blooming with fruit trees and a whimsical treehouse for children.Wi-Fi available. Ideal for families or groups of friends.Guest accessAll the spaces except staff housing (which is a separate building).  This includes main villa, garden, pool, outdoor BBQ and terraces, and guesthouse.Other things to noteAny sightseeing is advised to be booked in advance.  We can help book transport and guides. We have set menus that the chef can prepare but must be ordered 3 days in advance.WiFi is available."
1604103429022591488,"Five private suites. One villa. Everything arranged.This is not a typical Airbnb. It is a fully serviced, hotel-grade private villa inside Cairo Festival City one of New Cairo’s most prestigious gated compounds. From your private chef to your airport transfer, every detail is handled before you arrive.The spaceThe suites :Five bedrooms. Every single one a master suite with its own private en-suite bathroom, king bed, premium hotel-grade bedding, and blackout curtains. No shared bathrooms. No compromises. Whether you are a family of ten, a group of executives, or celebrating a milestone — every guest sleeps like a VIP.The villa :Your private pool and landscaped garden are waiting. Mornings here look like this: breakfast prepared by your private chef, served poolside, with nothing on the agenda unless you choose it. The open-plan living and dining areas are generous, light-filled, and finished to five-star standard throughout — built for families who gather, groups who celebrate, and guests who simply refuse to settle.Your servicesThis villa comes with a full concierge service if needed. Your private chef handles breakfast, lunch, and dinner , customised to your group. Your airport transfer is arranged in advance, door to door. Need  a flower arrangement, or a special setup for a celebration? Consider it done.Your locationInside CFC you have 24/7 compound security and immaculate landscaped streets. Within five minutes: VOX Cinemas, KidZania, luxury retail, the CFC waterfront promenade, and New Cairo’s finest restaurants and cafés. The airport is 25 minutes away. The New Capital is 20 minutes. Downtown Katameya, Point 90, and the AUC are all within easy reach."
42146441,"Stylish home overlooking Abu Sir pyramids. Very unique placeThe spaceThis stunning villa is the perfect retreat for those seeking a luxurious and comfortable stay in Abu Sir. The villa's unique location overlooking the pyramids provides guests with an unforgettable experience. The spacious living room is beautifully decorated and offers direct views of the pyramids and pool. The dining area, fireplace seating area, and fully equipped kitchen create the perfect space for entertaining and enjoying meals with family and friends. The large TV room is perfect for relaxing after a long day of sightseeing.The guest room on the main floor is elegantly furnished with a queen bed and a marble bathroom. Upstairs, the bedrooms are equally stylish and comfortable. The balcony overlooking the pyramids and pool is the perfect spot for a morning coffee or evening cocktail. The master bedroom is a true oasis, featuring a large en suite bathroom, a dressing room, and a cozy fireplace seating area. The two kids bedrooms are perfect for families, with single beds, bunk beds, and a sofa bed.The pool house is a fantastic addition to the villa, offering guests a chance to relax and unwind by the pool. The outdoor bar and BBQ make it easy to enjoy meals outside, while the full bathroom and two showers provide added convenience. The second master bedroom is connected to a playroom with a ping-pong table, billiard table, and drums, making it the perfect spot for kids to have fun. Overall, this stylish home offers everything you need for an unforgettable stay in Abu Sir.Guest accessAllOther things to noteWiFi is available with certain limit up on check in. If guest need more GB this with extra fees. For medium/ long term guest will pay utility bill of water and electricity consumption."
1408209041174296320,"Exclusive rooftop duplex in the heart of Cairo, offering unmatched panoramic views of Nile, Zamalek and the city’s most iconic landmarks. This stylish two-level apartment features a terrace perfect for sunset dinners, a modern kitchen, spacious living areas, and floor-to-ceiling windows flooding the space with natural light.You’ll stay in one of Cairo’s most prestigious addresses. Ideal for couples, business travelers, digital nomads, or families teps away from its vibrant culture and history.The space✨ Welcome to Your Home Away from Home! ✨Bring your loved ones and make amazing memories in this spacious and cozy retreat. It’s perfect for large families, groups of friends, or anyone who loves comfort and togetherness 💕★ The Living Room★Relax and lie back on the comfy couches, put on your favorite show on the TV, or enjoy a good book 📚.It has;✔ Air conditioning✔ Heating✔ And even a sound system for movie nights or chill evenings 🎶. Feeling active? We’ve got exercise equipment too! 💪★The Kitchen & Dining Area★The fully furnished kitchen has everything you need. It include;• Fridge• Stove• Oven• Toaster• Blender• Microwave• Mini fridge• And even a coffee maker ☕Enjoy meals together around the big dining table. ✔ The room is air-conditioned and heated so you’re comfy no matter the weather 🌤️.★The Bedrooms★This house has 7 bedrooms, each with its own uniqueness.✔ Bedroom 1: Queen bed + TV + safe + blackout shades 😴✔ Bedroom 2: 2 single beds + floor mattress. It's perfect for kids or friends 👭✔ Bedroom 3: King bed + 2 floor mattresses + TV,  great for families 💑✔ Bedroom 4: King bed + 2 floor mattresses + all the essentials + TV 🛌✔ Bedroom 5: 2 single beds + floor mattress . Very cozy and simple 💫✔ Bedroom 6: Single bed + TV + iron + heating + storage 🌼✔ Bedroom 7: 2 single beds + couch + 2 floor mattresses + TV + extra blankets 💤★The Bathrooms★ 4 sparkling full bathrooms 🚿✨ each with;• Air conditioning• Hot water• Shampoo• Body wash• And hair dryers.  Whether you’re cooking, chilling, working out, or just relaxing, this home is ready to give you the perfect stay."
1327763810277732864,Take a break and unwind at this peaceful oasis.Clean and tedy place
890931947722707840,"The House of Kheops is an iconic Cultural Oasis nestled beneath the Great Pyramid of Giza. The house is renouned for its peace and tranquility & warm and friendly energy. Gaze at the Great Pyramid Views from our Garden or marvel at the arquitectural design of our Observatory. Swim in the pool and relax! We offer the Entire House for private stays, including 4 rooms (double beds), on suite and detached bathrooms, Garden and Pool, Large Observatory.  Meals are also available on request.The spaceThe House is made of 4 unique rooms offering different character, colours, and styles. Each has Queen size beds offering to 4 singles or 8 shared beds. Additional put up beds are also available for extra spaces.Our bathrooms are 2 ensuite, 1 attached and 1 detached.Our Garden area offers a comforting experience for thos ewishing to unwind and relax, and the pool is available for all guests.The kitchen staff provide service for guests during most of the day.The Observatory is our sacred temple by night, View point by day.Guest accessGuests have access to all spaces of the house, except the staff room which is at the far end of the hallway in the garden.Other things to noteIf you need anything at anytime  or there are any issues at the house, please do not hesitate to ask for help or assistance and our staff can sort it out for you, they are always ready to help and we dont wish for any guests to be uncomfrtable. Thank you."
705698357682328192,Relax with the whole family at this peaceful place to stay.
1373026473349573376,
1402510234524441088,"A quiet and luxurious villa that offers a complete relaxing experience,A special cinema atmosphere in front of the pool, with quiet lighting that adds a sense of warmth and romance.Equipped with external heaters to enjoy the atmosphere at any time, even in the evening and cold weather.The place is perfect for relaxing, having a good time, and creating unforgettable moments in a classy and private atmosphereThe spaceA quiet and beautiful villa that provides an ideal atmosphere for relaxation and comfort.Enjoy a unique experience with a cinema atmosphere in front of the pool, and quiet lighting that adds a sense of warmth and calm.Outdoor heaters are available to enjoy the atmosphere at any time, especially in the evening.The place is private and quiet, and ideal for spending a special time away from the crowdsOther things to noteThe villa is for rest and relaxation only, not for parties or disturbances.Please keep quiet and respect the neighbors, especially in the evening.Privacy is complete and the place is safe, clean, and equipped with everything necessary for a comfortable stay"
1587607580438846464,"This Apartment is Offered By Dhbstays , The 2-Bedroom Partial Nile View suite atthe St. Regis Hotel offers an blend of luxury, comfort, andbreathtaking views. With two elegantly appointed bedrooms, this suiteis designed for both relaxation and sophistication, making it ideal forfamilies or those seeking extra space. Floor-to-ceiling windows framepanoramic views of the iconic Nile River, offering a serene andpicturesque backdrop.The spaceThe spaceFor Arab passport holders, couples must submit an official marriagecertificate. Visitors of the opposite sex are not allowed unlessthey're first degree relatives.Cancellation PolicyFull refund for cancellations made within 48 hours of booking, if thecheck in date is at least 14 days away.50% refund for cancellations made at least 7 days before check in.No refunds for cancellations made within 7 days of check in.Late check-out PolicyLate check out requests are subject to availability.Check out between 1:00 AM till 15:00 PM on the same day of departure,guests will be charged 25% of the daily rate published on our website.Check out between 15:00 PM till 18:00 PM on the same day of departure,guests will be charged 50% of the daily rate published on our website.Check out after 18:00 PM on the same day of departure, guests will becharged full day charges of the daily rate published on our website.House RulesFor Arab passport holders, couples must submit an official marriagecertificate. Visitors of the opposite sex are not allowed Pets are not allowed (not even really cute ones) Parties are prohibited (not even really quiet ones).Please be respectful of your neighbors and keep noise to a minimum from10:00 Pm – 8:00 Am.We provide weekly housekeeping free of charge but daily housekeeping isfor extra fees ($30).Guest accessSelf check-in with smart lock"
1009403202480669824,This unique place has a style all its own.
1435415278193624064,"Spacious modern villa featuring 7 master bedrooms, each with a private bathroom, offering maximum comfort and privacy. Enjoy a stylish interior with elegant furnishings. Step outside to a beautiful outdoor area with a private swimming pool. This is perfect for relaxing or entertaining. Ideal for families or groups.Kindly note that the setup is 5 master bedrooms at the villa and 2 master rooms at the basement with separate entrance!"
1545470194090208512,"This stunning 3 bedroom, 5 bathroom, 430 sqm duplex and penthouse on the Nile is a masterpiece of luxury and convenience. The unit boasts 2 master suites with amazing Nile views, a designer home office for nomads or those who don't want to completely unplug. Enjoy stunning views of the Nile and balcony access from every room. A stunning chefs kitchen and 8 person dining room also make it ideal for large dinners and entertaining. Each room is equipped with ACs, 55' TVs and electric shutters"
1073685420449412480,"Luxor, Hurghada & Cairo Tour. Spend 7 wonderfuldays in Egyptian cities that contain the Country’s Best Tourist Attractions during this tour, such as the Great Pyramids of Giza and the Valley of the Kings.You will also visitthe vibrant cities of Cairo, Luxor, and Aswan, which are full of fascinating culture and history.Visit Cairo’s top landmarks and the giant temples at Luxor.You will enjoy two wonderful nights at Hughrada"
1389704176819898880,"Luxury Mansion with pool and Jacuzzi in New Cairo where you can Enjoy a seamless experience, definitely an experience you never want to miss out, This mansion consists of 5 Bedrooms and 4 bathrooms, 2 of the bedrooms are master bedrooms with a private bathroom. and a maids room. and an exquisite living area which has extra modern furniture, in addition to a spacious and unique private backyard overlooking a golf course where both the pool and jacuzzi are located.(No mixed groups allowed)The spaceThe villa is fully equipped with all your needs, and we are more than happy to provide you with any of your extra needs during your stay."
1317443449256758784,It is characterized by relaxation - it is a large city called (my city) and there is a complex of cafes - cinemas (characterized by natural greenery) such as trees and plants
1436510686281979904,"Spacious modern villa featuring 5 master bedrooms, each with a private bathroom, offering maximum comfort and privacy. Enjoy a stylish interior with elegant furnishings. Step outside to a beautiful outdoor area with a private swimming pool. This is perfect for relaxing or entertaining. Ideal for families or groups."
1618852355466062848,Make some memories at this unique and family-friendly place.
1307765411651499776,"This private residence is close to everything, making it easy to plan your visit and all services are available from restaurants, cafes and a Saudi supermarket and next to Safir Dokki Hotel"
1590771433666840320,"Luxury Hotel Apartment in Zamalek – 4 Rooms, 5 Bathrooms, Nile ViewEnjoy an unforgettable stay in the heart of Zamalek! Our modern and luxurious apartment offers everything you need for comfort and luxury: 4 spacious bedrooms, 5 fully equipped bathrooms, a modern kitchen, and a spacious lounge for relaxation. Wake up to a charming view directly on the Nile and experience the hotel stay with all the amenities.Features:	•	4 comfortable and luxurious bedrooms	•	5 baths	• 	Fully equipped kitchen with the latest appliances	• 	High-speed Wi-Fi	• 	Spacious lounge and great natural lighting	• 	Direct view of the Nile"
1635798593420134656,"Bring the whole family to this wonderful home with plenty of space for fun, a panoramic view of the Nile and the pyramids, bedrooms overlooking the Nile, and a fully equipped working room.The spaceLuxury Royal Suite with views of the Nile, the pyramids, and Cairo, on the top floor of the Hilton Nile Maadi Tower, master bedrooms with full views of the Nile, three-bedroom apartment with master bedrooms and a bathtub A children's room with two beds, and an outdoor bathroom with a bathtub And a maid's or nanny's room with a private bathroomGuest accessThe apartment is 415 square meters (4,458 square feet). It is located in Hilton Nile Maadi, in the residential tower. Host name: Mohammed Imad; apartment number: A1; floor: 22 Three master bedrooms, each with its own private bathroom and bathtub The 4th room is a children's room with an outdoor bathroom with a bathtub. The fifth room is a maid's or nanny's room with a private bathroom.‭Other things to noteThe apartment is located in Maadi, at the Hilton Nile Maadi. Residential tower on the top floor (22nd floor) with a total area of 415 square meters and a panoramic view of the Nile, the pyramids, and the city."
1427722712478374400,"Welcome to this extraordinary 6-bedroom luxury townhouse, a masterpiece of contemporary elegance and comfort. Designed for those who seek the highest standard of living, this expansive residence features three master bedrooms, each with its own private ensuite bathroom and refined interior finishes that reflect modern sophistication.The outdoor area is a true retreat, centered around a private luxury swimming pool—ideal for both relaxing under the sun and hosting unforgettable gatherings."
921055669157802880,"Oriana Villa is located in Cairo Festival City, Cairo. A very fresh theme in the heart of New Cairo. Complimentary housekeeping is provided on the 7th day for stays of a full week. Additional housekeeping can be arranged via Airbnb messaging for an extra fee. Netflix and free Wi-Fi.The spaceVilla Specs: 4BR, 3 Bathrooms, 1 Guest Toilet, Full Kitchen, Reception, Dining Room.Amenities:- Wi-Fi (20GB max per day)- Netflix, AC, Private Parking- Pets accepted under request (depends on the breed) Instructions:- For any reservation, a photo for every passport for everyone who will be checking in should be provided at least one day before arrival day so we can provide them entry permits.- For any reservation confirmed same day of arrival, guest will be requested to send a photo for each passport for all the guests who will be checking in before 3 pm Cairo Local time,so, we can provide them entry permits, otherwise guest will not be able to enter the residential compound where this unit is located.- Online Payment is required 7 days before arrival to avoid automated cancellation- Guest will be requested to sign an online registration card upon arrival - Location and Keylock box code will be sent to the guest same day of check-in once payment is confirmed - Check-in from 03.00 PM to 08.00 PM- Check out is at 12.00 PM- No late check out is permitted - No early check in is permitted- Guest will be asked to provide an insurance deposit 300 USD that will be held from his credit card - Unmarried couples and mixed groups are not allowed- Proof of relation may be asked to be provided to us (example: Marriage Certificate) - Visitors are not allowed- Guest may be requested to provide a photo for a Valid Residence Visa or Valid Visit Residence to Egypt"
583239323050291968,"A villa nurtured through generations for nearly 40 years. What began as a farm, where the seeds of the now-lush trees were planted, has grown into a serene retreat. Carefully maintained over the years, it offers comfort and relaxation away from Cairo’s busy life. It feels like home the moment you arrive and is just 15 minutes from the Great Pyramids of Giza, Sakkara Pyramids, and 20 minutes from the Grand Egyptian Museum — the ideal base to explore Egypt’s iconic sites. Find us: @sakkararetreatThe spaceThe Full VillaRooftop Suite: Our Boho rooftop apartment, accessible via the main stairs, is a separate space and accommodates 4 guests, perfect for quiet retreats or creative work.First Floor: Features a master bedroom with en-suite bathroom and balcony overlooking the lush garden and pool. On the opposite side of the master, there are four unique bedrooms sharing two bathrooms, with a shared living room and kitchenette in between. This floor accommodates up to 10 guests comfortably.Ground Floor: Includes a very spacious reception area with a 12-seater dining table, all overlooking the luxurious pool, a bedroom with pool view and attached bathroom, and a fully equipped kitchen with two refrigerators and all appliances needed to create great meals. A laundry room is available upon request for an additional cost.Outdoors & Guest House: The villa is surrounded by a beautifully maintained garden, ideal for relaxation and outdoor activities. The guest house, with a separate entrance and panoramic garden views, includes a bedroom, bathroom, living room, kitchenette, and dining/office table — perfect for events, meetings, or retreats. Additional dining and seating areas throughout the garden make it ideal for yoga, gatherings, or outdoor leisure.Accommodations: The villa comfortably hosts up to 18 guests. All bedrooms include queen-sized double beds, except for the master suite, which features a king-sized bed.Location & TransportationOur villa is centrally located between the Pyramids of Giza and the Sakkara Pyramid, about 15 minutes from each. It is 30 minutes from downtown Cairo and about one hour from Cairo International Airport.Set in the countryside, the villa is surrounded by farms and open landscapes, offering an authentic local atmosphere and a true sense of Egypt’s rural life.Please note that Uber services can be unpredictable in the area. We recommend arranging transportation in advance or coordinating pick-up and drop-off with your tour service, which is usually included. For maximum convenience, we also offer private car service — please book in advance to ensure availability.FoodPlease note: Our villa is not reachable by food delivery services.Cook Your Own MealsOur very spacious kitchen is fully equipped with two refrigerators and all appliances you may need to prepare meals for your group. Groceries can be pre-ordered to arrive before your stay, allowing you to enjoy cooking and dining together in the villa’s main dining area.In-House Chef ServiceFor a more relaxing experience, we can arrange a private chef to prepare home-cooked meals for your group. Please check availability in advance to ensure your preferred schedule.We look forward to welcoming you to our villa and ensuring your stay in Egypt is comfortable, relaxing, and unforgettable. We are happy to provide recommendations to help you make the most of your time in our beloved country.Other things to noteEvents are separate from our accommodation and must be approved by host in advance. Event fees varies"
790380568359156224,"Luxury Mansion with pool and Jacuzzi in New Cairo where you can Enjoy a seamless experience, definitely an experience you never want to miss out, This mansion is almost 980SQM and it consists of 4 Bedrooms and 4 bathrooms, 2 of the bedrooms are master bedrooms with a private bathroom. and an exquisite living area which has extra modern furniture, in addition to a spacious and unique private backyard overlooking a golf course where both the pool and jacuzzi are located.The spaceThe villa is fully equipped with all your needs, and we are more than happy to provide you with any of your extra needs during your stay.Guest accessfor the access someone will meet you to give you a mansion tour and give you the keys and the welcoming gift."
1646731991308747520,"*Condotel with a view of the Nile**This private listing is close to everything, making it easy to plan your visit.Your family will be close to everything when you stay at this conveniently located property. It has a wonderful view of the Nile, right in front of Ahl Misr Promenade, and is close to several hotels such as the Fairmont and the St. Regis. Fully air conditioned apartment3 bedrooms3 bathroomsWifiAmara 24 Hour Security Surveillance CamerasOther things to noteThere are surveillance cameras on the apartment doorThere is a refrigerator, washing machine, stove, microwave, kettle, coffee machine, ice maker, air purifier, and sound bar."
840570444535345920,"Escape to this modern, high-end villa in the exclusive Katameya Dunes compound. Perfect for families and groups, it features 4 master bedrooms, a private pool, and a fully equipped gym. Enjoy elegant interiors, high-speed WiFi, and 24/7 security in a serene setting. Located near a world-class golf course, this villa offers the ultimate blend of luxury and comfort. Book now for an unforgettable stay!We accept families only.Or groups of the same genderThe space🏡 Villa Highlights:Basement: Private gym, pool table, and a spacious master bedroom with a work desk. Step outside to a charming outdoor area with a tennis table.Ground Floor: Expansive living area with plush seating, an 8-person dining table, a modern fully equipped kitchen, and a guest toilet. The outdoor space boasts a lush garden, stylish seating area, and a private pool.First Floor: Three well-appointed bedrooms—one with a serene garden view, and two master bedrooms with balconies, elegant furnishings, and smart TVs.Second Floor: A sprawling master suite occupying the entire floor, complete with a high ceiling, private bathroom, dressing room, and a spacious balcony.🌟 Why Stay Here?✔️ Exclusive gated community with 24/7 security✔️ High-speed WiFi & Smart TVs✔️ Located near a world-class golf course✔️ Thoughtfully designed for luxury, comfort, and privacyIndulge in the perfect blend of elegance and tranquility. Whether you're visiting for leisure or business, Villa F3 promises an unforgettable stay in Cairo's most elite neighborhood. ✨ Book now and experience luxury redefined!📅 Book Now and enjoy high-speed WiFi, 24/7 security, and access to a world-class golf course. Book now for an unforgettable stay!"
793250519214795008,"Luxury Mansion with pool and Jacuzzi in New Cairo where you can Enjoy a seamless experience, definitely an experience you never want to miss out, This mansion is almost 760SQM and it consists of 5 Bedrooms and 4 bathrooms, 2 of the bedrooms are master bedrooms with a private bathroom. and a maids room. and an exquisite living area which has extra modern furniture, in addition to a spacious and unique private backyard overlooking a golf course where both the pool and jacuzzi are located.The spaceThe villa is fully equipped with all your needs, and we are more than happy to provide you with any of your extra needs during your stay.Guest accessfor the access someone will meet you to give you a mansion tour and give you the keys and the welcoming gift."
1571096132163176960,
1540866950390106624,
1515188443288472064,
767250167518106496,"Centrally located at the Four Seasons in Cairo, this 2-bedroom apartment is one of a kind, fit only for those who appreciate the luxury, views and convenience of a being part of the best hotel in Egypt. Recently remodeled, and includes a private sauna & a wine fridge! The two master bedrooms are uniquely different, with one quite modern and innovative, the other gothic and medieval. New appliances. Amazing views of the Nile. And you can get your own butler at an additional minimal cost!The spaceThe unit is recently remodeled, and includes a private sauna. The two master bedrooms are uniquely different, with one quite modern and innovative, the other quite gothic and medieval.Guest accessAll of the space, 2 bedrooms, living area, balcony, 2.5 bathrooms and kitchen. In addition to complementary access to the hotel’s pools and gym.Other things to noteThe apartment is inside the four seasons in the adjacent residential building.You have complementary access to the pools and gym.And room service ( paid directly to the four seasons)We provide house keeping for an additional fee."
1376137007484982016,Prince Naguib Palace Dahab Island is arare to find a place that's both historic and one-of-a-kind.
1540867010687173376,"Experience true luxury in a dream villa!Enjoy the tranquility, relaxation, and every detail of comfort ✨Private pool, integrated heating for warm winter atmosphere 🔥and a movie screen to experience the movie atmosphere from the heart of the villa 🎬And for sweet moments with family or friends:🍕 Pizza oven ready🍖 A place for barbecue☀️ Roof with pergola for sunset sessions🛏️ 4 bedrooms🚿 3 Bathrooms🛋️ Spacious and comfortable living roomEverything is ready… relax, enjoy, and live the luxury you deserve 💫"
1512472639112292864,"Make some memories at this unique&family-friendly villa in BeverlyHills,ElSheikh Zayed city,one of Cairo’s most prestigious and secure gated compounds.This luxury villa offers the perfect blend of comfort, privacy and elegance:6 Master Bedrooms,each with its own private bathroom,ideal for families or groups.Heated Pool,Jacuzzi,Steam Room, Living&Dining Areas,Fully Equipped Kitchen,BBQ grill,Garden & Inpool Lounge,enjoy peaceful mornings and cozy evenings.HighSpeed WiFi&Smart TVs 24/7 SecurityThe spaceEntire villa with underfloor heating system and interactive colorful light system with the music amazing for partying and sound system in the garden and the roof , the roof has jacuzzi carryover 5 persons and a steam room carryover 3 persons . Massage & Hot stones & cupping therapy & Morocco bath & catering and car rental are available upon request , Shisha on the pool available, also to be considered the tap water and showers is filtered and so cleanGuest accessEverywhere ,, You’ll have the entire villa to yourself – heated pool, jacuzzi, garden, steam room, small gym and all amenities , also Guests can access the golf course and the lakeOther things to noteGuests have access to the golf course and the lake and restaurants and cafes and disco and bars and malls inside compound.Prime location: only 10-15 minutes away from Arkan Plaza, Galleria 40, Mall of Arabia, Mall of Egypt and a quick 20 minutes drive to the Pyramids of Giza & the Egyptian Great museum .If Needed :Daily housekeeping Airport pick-up/drop-offPrivate chef or cateringAll kinds of massage & hot stone & Moroccan bath , Turkish bath and vacuum cupping therapy Private cars Tour guide for the pyramids , the Grand Egyptian museum & Cairo highlights"
1565163973926518016,"Your perfect apartment in Al-Rehab! 3 bedrooms + 2 bathrooms, luxurious design, Ready to move in with an annual contract45K at a price Don't miss the chance and start a life of comfort now!All services are within Al-Rehab City (Gym-Shopping-Cafes-Restaurants-Everything)"
1565542713272257536,"The villa is characterized by its privileged location between Mall of Arabia and Mall of Egypt inside the Jasmine Green Land compound, which is provided with guards at the gates as well as the internal streets of the villas for more security, which does not interfere with the resident or his visitors, in addition to the various advantages of the fully furnished villa from the best furniture places in Egypt ""Carpeture"". As for the elegant and semi-rare architectural design, the pictures speak for themselves."
1199150166439409152,
1389704208895953408,"Escape to a one-of-a-kind villa overlooking the golf course, complete with a private indoor heated pool and stunning green views. This modern townhouse offers 4 luxurious bedrooms, spa-style bathrooms, a fully equipped kitchen, and elegant indoor-outdoor living spaces.Perfect for VIP travelers, couples, or families seeking privacy and style. Enjoy peaceful mornings on your terrace, cozy evenings by the pool, and direct access to world-class golf and resort amenities."
1553674803899835904,"Fully furnished apartment, new appliances and furniture.Tourist area full of businesses and shops."
1197153629879952896,"Welcome to our Nileview loft,Your charming home in the heart of Zamalek Island, Cairo's most central, safe, and vibrant hub. The stylish living room boasts a 55-inch curved smart TV and panoramic views on the Nile. A boho living room with a bamboo swing overlooks a gorgeous Nile view. Two cozy bedrooms featuring memory foam mattresses, hotel-grade Egyptian cotton beddings.  Relax in comfort and style with a touch of bohemian charm by the Nile."""
1616671277738523392,"Elite duplex offering exceptional space and privacy. Features 3 bedrooms: 2 master suites and a third bedroom with a private bathroom (separate, not en-suite), plus a dedicated dressing room. Includes a nanny room with private bathroom and a guest toilet. Enjoy three large outdoor seating areas, a huge garden, and a private pool. Entertainment includes a billiard table and a 100-inch TV in the living area. The fully equipped kitchen has all essentials for a comfortable stay in Lake View.The spaceKITCHENA luxurious open American-style kitchen designed with premium finishes and high-end materials. Fully equipped with all essential appliances and utensils, it includes an oven, full-sized refrigerator, microwave, toaster, kettle, espresso machine, dishwasher, and washing machine. The open layout seamlessly connects to the living area, combining elegance and functionality for a refined cooking experience.⸻LIVING AREAAn expansive and sophisticated living space, thoughtfully designed for relaxation and entertaining. The area features a large, ultra-comfortable sofa and a 100-inch Smart TV, creating a cinematic experience at home. Elegant marble flooring enhances the luxurious ambiance, while the open layout provides a bright and welcoming atmosphere.⸻BEDROOMSThe apartment offers three beautifully designed bedrooms, including two master suites with private en-suite bathrooms, plus a third bedroom with its own independent privacy.• The first master bedroom features a king-size bed (180 x 200 cm).• The second master bedroom includes two single beds (130 x 200 cm each).• The third bedroom features a king-size bed (180 x 200 cm).In addition, there is a separate nanny’s room with its own private bathroom, offering complete independence and comfort.All bedrooms include built-in wardrobes and are crafted with fine details to ensure maximum comfort and restful sleep.⸻BATHROOMSThe apartment features multiple luxurious marble bathrooms, including the two master en-suites and an additional private bathroom for the nanny’s room. Each bathroom is finished with premium materials and equipped with walk-in shower cabins, along with high-quality towels, shampoo, and soap to ensure a refreshing and comfortable stay.⸻OUTDOOR & ENTERTAINMENTEnjoy a large private balcony with comfortable outdoor seating areas, perfect for relaxing with your morning coffee or enjoying the evening breeze.The property also includes access to a swimming pool, a billiards table, and beautifully arranged outdoor seating areas, offering both leisure and entertainment within a refined setting.⸻ADDITIONAL AMENITIESThe apartment features central air conditioning, high-speed Wi-Fi, complimentary Netflix for movies and series, and TOD access for streaming live matches worldwide. Every corner reflects a perfect balance of luxury, comfort, and high-end finishes, highlighted by elegant marble flooring throughout.Other things to notePlease note that : - The property is not designated for photography sessions or any type of parties or events.- Living room AC is temporarily out of order."
1446377870547604736,"Spacious modern villa featuring 7 master bedrooms, each with a private bathroom, offering maximum comfort and privacy. Enjoy a stylish interior with elegant furnishings. Step outside to a beautiful outdoor area with a private swimming pool. This is perfect for relaxing or entertaining. Ideal for families or groups.Kindly note that the setup is 5 master bedrooms at the villa and 2 master rooms at the basement with separate entrance!"
1573074742502520320,"A stunning 4-bedroom duplex penthouse with a private rooftop pool, two spacious terraces, lake views, elegant interiors, and unbeatable walkability inside Lakeview Residence in New Cairo.The space🌿 The SpaceWelcome to your luxury getaway in Lakeview Residence, New Cairo — a rare 4-bedroom penthouse spread across the 3rd and 4th floors, featuring a private rooftop pool, two large terraces, and beautifully designed living spaces.The lower level (3rd floor) includes:	•	A spacious reception with two chic living rooms, colorful décor, curated artwork, and many plants	•	A large dining area seating 8 guests	•	A modern, fully equipped kitchen	•	Three bedrooms, arranged as:	•	1 master bedroom with a queen-sized bed and ensuite	•	2 bedrooms, each with two single beds (4 beds total)	•	A full shared bathroom between them	•	All bathrooms feature modern beige interiors, full amenities, and hot waterThe upper level (4th floor) offers:	•	A private master bedroom with a king-sized bed and its own full bathroom	•	A massive rooftop terrace with:	•	A private exclusive-use swimming pool (approx. 8–10m length, shallow/medium depth)	•	Sun loungers, a seating area, plants, and an outdoor bar	•	A second terrace on the other side (large and open; perfect for relaxing)You will enjoy complete privacy for the entire unit, both floors, both rooftops, and the pool.🌅 Views & AmbienceThe penthouse overlooks the beautiful Lakeview lake, with lush greenery, walking paths, and a peaceful vibe. Sunsets from the rooftop are stunning.Guest accessGuests have exclusive access to:	•	The entire penthouse (both floors)	•	Both rooftop terraces	•	The private rooftop pool	•	24/7 secure access to the compound	•	The lake area, walking paths, kids’ area	•	Elevators and designated parkingOther things to noteMaximum occupancy: 8 guests	•	Registered guests only, no unregistered visitors allowed	•	The pool is not heated	•	Ideal for families and groups seeking comfort, privacy, and luxury	•	The compound is extremely safe with full-time securityLocation HighlightsLakeview Residence is one of the most premium communities in New Cairo:	•	1 minute from LakeTown — a new high-end mall with cafés, restaurants, a supermarket, and services	•	5 minutes from AUC	•	Close to Point 90, The Drive, Downtown Katameya, and top dining spots	•	Safe, walkable, quiet, and upscaleKindly note that, in accordance with Egyptian regulations, unmarried Arab couples are not permitted.Services available upon request:• Early check in• Late check in after 11 PM• Late check out• Airport pickup by sedan• Airport pickup van upgrade• After midnight airport pickup• Additional cleaningFor arrangements or inquiries regarding any of the above services, please contact us and we will be pleased to provide you with the relevant details and pricing."
850656618737813632,"Enjoy this newly renovated one bedroom rooftop with garden view. Perfect for business trips, solo travelers & couples. It consists of one en-suite bedroom, guest bathroom, living area, fully equipped kitchen, outdoor area with a grill, built in bar and Jacuzzi.In the heart of Maadi Sarayat, beside many embassies, supermarkets and restaurants are walking distance. Located at the 6th floor, Building has elevator goes to the fifth. Bellman available to help with lagguage.The spaceBedroom: consist of a queen bed with a big wardrobe and a TV, it has a private attached bathroom with a heater.Kitchen: a fully functional kitchen suitable for all your cooking dreams.Living area: it has 75’ inch Tv ,Wi-Fi and comfortable 2 sofa s and 2 comfortable chairs Outdoor area: a dining area with a small garden across the fence, a grill, built in bar,  connected to the indoor kitchen and a jacuzzi.Guest accessGuests have access to the whole place."
1347267116432062976,"6 spacious rooms that can accommodate up to 13 people, 6 bathrooms, including 2 master rooms, a large hall, an Arab council, a dining table, a small entrance + a large entrance corner, a cafe corner, a large balcony (20 meters equipped with several sessions, an Arab council, a swing and rocking chairs, an entrance with two chairs, a barbecue session for meat   **Safety and Protection:**  4 fire extinguishers   Kitchen equipped with fire alarm + fire blanket   14th floor    Separate entrance system:   Private entrance for families, guest entrance for complete privacy, latest electrical appliances   Displays with Netflix and Penny Sport*"
1096581167183948288,Relax with the whole family at this peaceful place to stay.
1581793881355264000,"Welcome to your home in the sky — a spacious 5- bedroom apartment on the 15th floor in the heart of Zamalek, offering beautiful Nile views, two living rooms, 4 bathrooms, and access to a rooftop pool overlooking the river.This is the perfect place for families, groups, and friends who want space, comfort, and a calm escape. The flat offers the following: 1- 5 big bedrooms with king sized beds 2- 2 Nile-View Living Rooms3- 4 full Bathrooms4- a rooftop pool"
1316446128967439872,Create a memorable experience with your family and friends at this stylish penthouse with yourPRIVATE poolThe space3rd Floor:- Living Area- Dining Table (for 8)- Kitchen- Master bedroom with a king bed.- Two other rooms with 2 queen beds each.- Guest Bathroom.- Extra Bathroom serving the two other bedrooms.- Balcony overlooking the lake.Roof:- Living Room with a sofa bed that can accommodate two people.- Bathroom- Kitchenette- Spacious roof with A PRIVATE POOL!
767261839678201600,"Discover a one-of-a-kind 3-bedroom, 3.5-bath duplex in Lake View Residence, complete with a private pool, private garden, and direct views of the community’s stunning waterscapes. Designed with an industrial loft feel exposed ceiling, red-brick wall, and raw wood staircase this home blends character, comfort, and modern functionality. Perfect for families, long stays, or anyone seeking an elevated New Cairo experience.The space• 3 Bedrooms with King beds offering space comfort with a relaxing view• 3 Ensuite Bathrooms, Each designed privacy and an extra one for guests.• Living Area: Bright, open space with a double-height feel, cozy seating, and direct access to the pool and garden.• Kitchen: Fully equipped with counter seating, seamlessly connected to the living area.• Private Outdoor Area: Enjoy your own pool, sun loungers, and a landscaped garden—perfect for relaxing or dining outdoors.Amenities and Features to Enjoy:• WI-FI• Dedicated Workspace• Washer & Dish Washer• Essentials (towels, linens, soap,..etc)• Air Conditioning• Smart TV• Hairdryer• Heating• Self check-in• Blackout blinds• Free Parking On PremisesGuest accessAdding lifestyle value to your stay, as The apartment is steps away from:• Cairo Festival City Mall – 10 min drive• Point 90 Mall – 12 min drive• Downtown Katameya – 15 min drive• Restaurants, cafés, and grocery stores within walking distance in Lake Town"
1470802297154260480,"Experience hotel-level luxury with the privacy of your own residence inside the Four Seasons Nile Plaza.This two-bedroom suite blends refined, modern comfort with a bold, artistic edge—featuring a one-of-a-kind signature room designed as an immersive experience.The SpaceThe residence offers a spacious, elegant primary bedroom alongside a striking second suite—The Crimson Chamber—a dramatic, design-forward space curated with rich textures, sculptural art, and cinematic ambiance.The spaceLuxury Two-Bedroom Residence at Four Seasons Plaza with the Nile ViewExperience refined living in this elegant two-bedroom residence located within the prestigious Plaza Residences at Four Seasons Hotel Cairo at Nile Plaza.The apartment offers a perfect blend of comfort, privacy, and five-star hotel services, making it ideal for both short and extended stays.This two-bedroom suite blends refined, modern comfort with a bold, artistic edge—featuring a one-of-a-kind signature room designed as an immersive experience.ExperienceWhile the main living areas and primary bedroom reflect a calm, modern luxury aesthetic, the Crimson Chamber introduces a completely different mood—intimate, expressive, and visually captivating.Perfect for couples, creatives, or guests seeking a unique, story-driven stay.Important Note: Please note: The second bedroom features bold artistic design and may not suit guests seeking a minimal or conventional aesthetic. Families with young children may prefer using the primary bedroom. Amenities Guests enjoy full access to Four Seasons amenities including the pool, spa, and fitness center, along with optional room service—offering the perfect balance between private residence and world-class hotel living.Bar area with a wine fridgeFrom the large balcony, enjoy panoramic views of the Nile and Cairo’s skyline, and on clear days, you can even see the Pyramids — a truly unique experience.Hotel Privileges & ServicesGuests enjoy complimentary access to the hotel’s world-class facilities, including:Outdoor swimming pool (family friendly) and indoor heated spa pool (16+) Sauna, jacuzzi, cold plunge and fully equipped gymAccess to all hotel restaurants, lounges, and dining venues.In-room dining available24/7 cleaning and housekeeping servicesPrime LocationSituated in the heart of Cairo at Nile Plaza, the residence offers seamless access to the city’s finest dining, cultural landmarks, business districts, and nightlife — all while enjoying the privacy of a luxury serviced residence.Whether you’re visiting Cairo for business, leisure, or a special occasion, this residence offers an exceptional stay with the comfort of home and the services of a five-star hotel.Guest accessGuests will have complimentary  access to the gym and pool and paid access to all Four Seasons amenities and services, including house keeping, room service, spa services, laundry services, on-call doctor, transportation, dining at any of the Four Seasons' outlets/restaurants: The Bar (where most of Egypt’s rich, famous and expats hangout for cocktails, and doing business), Eight (Asian fusion), Riviera (Italian restaurant), Bullona (Mediterranean), Byblos (Lebanese) Zitouni (open 24/7). Guests also have access to the lobby lounge, which is happening all day and night, as well as Beyman cafe. Beyman is also accessible for those who want access to a variety of top fashion brand shopping. Concierge services are available from 6:00 am to midnight, and guest services are available 24/7.Other things to notePrivate Concierge & VIP ServicesAvailable Upon Request | Additional Fees ApplyFor guests seeking an elevated experience, we offer a curated selection of private concierge and VIP services, subject to availability and advance arrangement:VIP airport meet and greet at the airport only.Private airport and city transportation.Private tour guides and bespoke excursions.Private chef experience.Dining, nightlife, and entertainment recommendations.Shopping and lifestyle experiences.Please contact us via Airbnb messaging to arrange any of these services."
1006152808275971072,"Stylish Zamalek apartment with 3 bedrooms, 2.5 bathrooms, and a Nile view. Billiard table for leisure. Close to Downtown, Egyptian Museum, Cairo Tower (10 mins/5 KM). Great Pyramids of Giza (35 mins/21 KM). Conveniently located to Cairo's international airports (30-45 mins/25-32 KM). Enjoy comfort, style, and the beauty of Cairo at this exceptional apartment."
1159548808219672832,
1411044632961779200,"A tranquil Maadi retreat blending natural charm, stylish comfort, and lush garden vibes—perfect for families, friends, or romantic getaways."
1450539156354909184,"Discover this newly renovated, spacious and charming 5-bedroom villa in a prime location, right across from 5A, U-Venues, and Square One, and just 5 minutes from Cairo Festival City Mall and Downtown Mall. The villa features 4 en-suite bathrooms, a huge fully equipped kitchen, and a massive beautiful private garden with a terrace. One of the bedrooms is a private suite on its own floor with access to a large rooftop, offering extra privacy and space. Ideal for family groups.The space✶ BEDROOMS ✶5 comfortable bedrooms designed for restful stays.4 feature private ensuite bathrooms — ideal for families or groups wanting extra privacy.✶ BATHROOMS ✶5 bathrooms in total — 4 ensuite plus 1 additional full bathroom for shared convenience. No waiting, even with larger groups.✶ KITCHEN ✶Expansive fully equipped kitchen with everything needed to cook, host, and dine comfortably.✶ LIVING SPACES ✶2 spacious living rooms, including one upstairs — perfect for separating adults & kids or creating multiple gathering areas.✶ DINING AREA ✶Dedicated dining space designed for shared meals and memorable group moments.✶ OUTDOOR SPACES ✶Huge private garden offering open greenery and space to unwind.Oversized terrace overlooking the garden — perfect for outdoor seating and gatherings.Large upper-floor balcony with relaxing garden views.Spacious private rooftop ideal for evening hangouts.✶ PARKING & ACCESS ✶Private parking directly in front of the villa for easy and secure access."
1473713252059796736,"Relax in this calm, stylish space.availability in September."
1213666123535544832,"Make some memories in this unique, family-friendly home.A very special location, safe, quiet compound, all transportation is at the door of the compound, next to it is Al-Montazah Street, which has all services, supermarket, etc. Everything is very close to the pyramids and the Egyptian Museum, a tourist walkway outside the compound"
1200336845948322304,"Step into quiet luxury. This serene 7-bedroom villa sits in the heart of Palm Hills Golf Extension, Cairo’s most refined, green-lined gated community. Each bedroom is a private suite with its own en-suite bathroom, offering comfort and personal space for every guest. Whether you're an expat family seeking stability, a couple looking for a peaceful escape, or a group wanting to reconnect in style, this home was designed to help you slow down, breathe deeper, and feel instantly at ease.The spaceIt’s a home built for families, couples, and long-term guests who appreciate space, security, and a slower rhythm of living.From the moment you walk through the door, you’ll notice how this home invites you in not just with size, but with warmth. The entry foyer opens into an expansive living area where sunlight spills through tall windows, bouncing gently off polished marble floors. Neutral tones and soft textures create a sense of peace, while rich wooden details and carefully chosen décor give the space a quiet sophistication.The living and dining areas flow together in an open-plan layout that makes conversations effortless, and gatherings feel natural. Curl up on one of the oversized sofas with a book, or enjoy a long, slow meal at the dining table under the soft glow of the chandelier. In the evening, recessed lights dim to create just the right atmosphere for a peaceful night in.Bedrooms:This home offers seven master bedrooms, and yes every single one has its own en-suite bathroom. Each suite feels like its own little sanctuary, with soft linens, plush headboards, and blackout electric shutters you can close with the touch of a button. Most rooms have walk-in closets and quiet spots to get ready think vanity tables or cozy chairs by the window. The upstairs suites offer even more privacy, while one ground-floor rooms make the villa accessible for all guests.Bathrooms:Each en-suite bathroom is immaculately finished, with elegant porcelain tiling, rain showers, and spacious countertops. One suite even includes a deep soaking tub, perfect for a long bath after a busy day. You’ll find bright mirrors, fluffy towels, and those little details that turn routine into ritual.Kitchen & Dining:At the center of the home is a chef-worthy kitchen sleek granite countertops, premium appliances, and plenty of room to prep, cook, or simply gather over coffee. There’s a breakfast nook by the window that looks out onto the garden a lovely spot for morning tea or quiet journaling. Nearby, a formal dining space comfortably fits the whole group, making shared meals feel special.Upstairs family lounge:Upstairs, there’s a second living space a relaxed family room with a large smart TV, cozy armchairs, and a quieter feel. It’s ideal for movie nights, kids’ downtime, or when everyone just wants their own corner to unwind.Tech & Comfort:The villa is fully climate-controlled with whisper-quiet AC throughout. Also, there’s high-speed Wi-Fi. It’s smart without being sterile the kind of tech that supports your stay without ever distracting from it.Outdoor space:Step outside through the sliding glass doors and you’re in your own private garden oasis. A manicured lawn stretches out under your feet, with palm trees swaying gently around the edges. There’s a shaded patio with comfortable lounge chairs, a dining area for outdoor meals, and a few hidden corners perfect for quiet reading or yoga in the morning sun.At night, soft garden lighting creates a warm glow, and the air cools just enough for stargazing or a late-night tea. It’s the kind of outdoor space that makes you linger a little longer peaceful, private, and easy to enjoy.The compound / location:Palm Hills Golf Extension is one of Sheikh Zayed’s most secure, upscale neighborhoods and it shows. Wide, quiet streets lined with trees and flowers. Elegant villas and peaceful walking paths. A private, gated entry with 24/7 security ensures total peace of mind.You’re right near the Palm Hills golf course, and a short walk or drive gets you to the clubhouse and green spaces. Families love it here for the safety and community. Expats love the quiet and the ease of access to Cairo.Even better, you're just minutes from:Mall of Arabia - 10 minsMall of Egypt - 15 minsSupermarkets, pharmacies, and schools in 6th of OctoberDowntown Cairo or the Giza Pyramids - 30-40 minsThis is a location that lets you step back from the buzz of the city, without ever feeling far from what you need.Guest accessWhen you stay here, the entire villa is yours. All seven bedrooms, all the living spaces, the garden, the kitchen, the laundry everything. The villa has its own gated entrance and private driveway with space for several cars. Come and go whenever you like and enjoy the full privacy of a standalone home.Within the compound, you’re welcome to explore the surrounding streets and gardens."
1093452352113471488,"✨ Luxury Villa Facing the Grand Egyptian Museum & Pyramids ✨ ( 4 floors villa ) this stunning 5-bedroom private villa with a private pool and 1200 m² of spacious indoor living — all set directly in front of the Grand Egyptian Museum and just minutes from the Pyramids.a fully equipped kitchen, fast WiFi, and plenty of outdoor space for relaxing or entertaining. Perfect for families, groups, and anyone seeking comfort with world-class views.A housekeeper is included (optional)The spaceBedrooms	•	5 Spacious Bedrooms designed for comfort and privacy	•	Each room includes a private ensuite bathroom	•	Master Suites feature larger layouts, premium bedding, and upgraded finishes	•	Every bedroom is equipped with a personal mini-fridge for added convenience	•	Ideal for families and groups wanting both luxury and independenceGuest accessGuest AccessGuests will enjoy full private access to the entire villa, including:	•	The private swimming pool and outdoor lounging areas	•	All 5 bedrooms, each with its own ensuite bathroom and mini-fridge	•	The spacious 1200 m² indoor living areas, kitchens, and dining spaces	•	Private terraces and relaxation spots	•	On-site parking and secure entrancesThe villa is exclusively yours throughout your stay—no shared spaces, no interruptions. Relax, unwind, and enjoy complete privacy in a prime location facing the Grand Egyptian Museum and the Pyramids.Other things to noteHousekeeping ServiceA dedicated housekeeper is available during your stay to ensure the villa remains clean, comfortable, and well-maintained. Daily cleaning, fresh towels, and general upkeep can be provided upon request."
1623416388591439872,"Bayt Shorouk, a newly renovated villa tucked inside the private, gated Garana Compound, one of the most peaceful and secure communities. Think of it as your own lush sanctuary in Cairo, where calm, style, and space come together beautifully.You’ll be staying just:• 10 minutes - Grand Egyptian Museum• 15 minutes - Great Pyramids of Giza• 20 minutes from Saqqara• 25 minutes from Downtown Cairo’s vibrant chaosSo you get the magic of ancient Egypt and the comfort of your own quiet oasis.The space🌿 Bayt Shorouk is designed for travelers who want a genuine yet chic Cairo experience. The villa is spacious, airy, and full of peaceful energy — every corner styled with taste, warmth, and intention.Inside, you’ll find:• 4 spacious en‑suite bedrooms, each offering privacy and comfort• A massive, fully equipped kitchen perfect for cooking, gathering, or hosting• A huge living area with beautiful décor and cozy furniture• A lavish outdoor green space with seating, shade, and room to breatheAnd then there’s the showstopper…💦 A stunning, artistic, Moroccan‑designed swimming pool that cools Cairo’s heat and adds a touch of resort‑style magic to your stay. Morning dips, sunset swims, or late‑night lounging — it’s all yours.🌼 The 4th bedroom is a stand‑alone garden suite, ideal for:• Elderly guests• Guests who prefer privacy• A nanny or service staff• Anyone who loves waking up directly to sunshine and greeneryIt has its own easy access in and out of the villa.🚗 You’ll have private parking for up to 4 cars, and the villa sits inside Palma Vera, a quiet, premium enclave within Garana Compound — fully gated, secure, and surrounded by greenery.🎉 Just steps away, Seasons Country Club offers guests:• Great restaurants and cafés• Beautiful walking paths• Sports facilities• Family‑friendly entertainment• A refined, resort‑like atmosphereIt’s the perfect add‑on to your stay — whether you want a good meal, a fun outing, or a relaxing afternoon.✨ Bayt Shorouk Oasis is perfect for:• Couples seeking a romantic, stylish escape• Families wanting space, safety, and comfort• Friends exploring Cairo together• Travelers who want to be close to Egypt’s greatest treasures while staying somewhere peaceful, chic, and uniqueThis is your hidden gem — a place where Cairo’s energy meets calm, greenery, and effortless style.Guest accessGuests have access to the entire Villa and spaceOther things to note- We provide you with a complimentary premium airport shuttle from Cairo to Bayt Shorouk Oasis.- It's a gated, safe community- You can walk, you can request an Uber ride, or you can hail a taxi at any time.- We can make arrangements and help with your trip details.- We can provide you with a safe, comfortable car with a private driver (please arrange in advance before your arrival).- For your convenience, we offer extra and daily housekeeping services upon request. - We will provide you with a grocery and food delivery app that delivers whatever you need to your doorstep.- Smoking is allowed in the garden onlyTo our Egyptian and Arab brothers and sisters:To ensure compliance with the building management's instructions and the local regulations of the Ministry of Interior, mixed-gender stays and visits are permitted only for married couples or first-degree relatives.Therefore, prior to your arrival, please provide us with an official document proving your family relationship or marriage.If the required document is not provided or if the booking details do not comply with these terms, we may, unfortunately, be forced to cancel the booking before or upon arrival and vacate the unit immediately without any refund, and we will notify the relevant authorities in accordance with the applicable regulations.We appreciate your understanding and cooperation, and we look forward to hosting you and providing you with a comfortable stay."
1275570156151905024,"Make some memories at this unique and family-friendly place. Full of private house with private entrance/parking & private swimming pool , Enjoy fantastic stay in the green space with your friends &panorama view from All the rooms . the property In the most attractive area in Egypt -Sheikh Zayed City . -Two minutes from tourist walk street of Sheikh Zayed -Enjoy the entertainment and Restaurants&Coffee -7 minutes from Egypt Mall -5 Minutes from Mall Al Arab -10 Minutes from AlHossary Square"
1445646500819337472,"Ultimate escape in Cairo, just steps from the Great Pyramids—where mornings begin by the pool, afternoons unfold in the spa or on city tours, and evenings wind down with live music and cocktails. With family perks like a kids’ club and playground, plus top dining and nearby horseback rides, this resort blends comfort with a touch of wonder.The spaceThis listing is for 3 separate rooms within a hotel. The price shown in the listing covers all 3 rooms.✦ Each room is 258 sq. ft, equipped with complimentary toiletries, TV.✦ Rooms are not adjoining and possibly not next to each other. Spaces are assigned upon arrival based on availability.✦ Daily cleaning services included in the nightly price.There are a few additional details to know before you book:✦ The minimum age required for check-in is 18 years old.✦ Please ensure you have a valid ID for check-in, as it is mandatory for entry.Guest accessDuring your stay, you will have access to the property and amenities according to the following schedule:✦ Check-in is available from 2:00PM.✦ Fitness center is available.✦ Outdoor pool available all year.Other things to noteThere are several additional things to note:✦ Pets are not allowed.✦ We use multi-unit listings, so rooms are similar but may have small differences.✦ Self-parking is available (parking slot reservation is not required in advance) and costs USD 3.20 per day.✦ In Egypt, only married Egyptian couples are legally allowed to share the same hotel room."
43397730,A comfy home suitable for families & people to love luxury
1559864962649978112,
1457324740847047680,"At Al Barqi Tourist Services Company, all our staff are Saudis and we take care of the smallest details to ensure the comfort of our guests and provide you with all services during your stay, including reception and farewell from the airport. Our units are located in Beverly Hills Compound, which is characterized by a high level of safety for families and individuals"
1002526531958813184,"Our modern penthouse with a private pool is perfect for families seeking convenience and luxury. Located in a gated community in the upscale area of New Cairo, just 30 minutes from the airport, and close to amenities like KFC, Starbucks, and a variety of Western and local restaurants (Chili's, Fuddruckers, LongHorn Texas, Ibn Al Sham). Amenities like a King Bed, washer, dryer, dishwasher, and microwave ensure comfort, and 4 smart TVs provide entertainment.The spaceThis spacious 200-square meter (2200-square feet) penthouse with large outdoor living area on roof is located on the third and fourth floor with elevator access. Recently finished, it features porcelain and custom tile throughout. The American kitchen is fully equipped with all the amenities you need to cook a gourmet meal, including quality pots and pans, all cooking utensils, plates and dishes, blender, toaster, built-in stove, built-in microwave, and large fridge. Additionally, we have an LG clothes washer, clothes dryer, and dishwasher to make your stay comfortable. The property also boasts four Smart TV's  in the reception area, two bedrooms, and gym.This elegant apartment offers a master bedroom with a king-size bed, large built in closet,  smart tv, built-in closet, desk vanity with chair, and a private full bathroom. The second room features a queen-size bed, a large built in wardrobe, a vanity/desk, and a chair, while the third bedroom has two queen beds and a built in wardrobe. Additionally, custom LED colored accent lighting throughout the house creates a unique ambiance that sets the mood for relaxation and comfort.The living room is furnished with a large sectional and two chairs, providing ample seating for a family. The modern dining room table is equipped with eight chairs, and the balcony offers a lovely view of the expansive garden located in front of the property. Additionally, guests have access to two full bathrooms, including a private bathroom located in the master bedroom. Both bathrooms are fitted with custom tile and porcelain.Other things to noteAll guests that will be staying in property will need to provide a passport copy before check-in for foreigners or a local state ID for Egyptian nationals"
38946242,
1203766595395527168,"4 rooms including 2 master + nanny room - 4 bathroomsSwimming pool - outdoor sitting - private entrance - private garage470 meters Modern hotel furnitureLocation Sheikh Zayed inside Beverly Hills Compound ""Aljaria Compound"""
1010234716243191808,Relax with the whole family at this peaceful place to stay.
1556792299369861120,"Enjoy serene moments by the pool, peaceful evenings in the garden, and an overall atmosphere that feels effortlessly.The space🛏   5 spacious bedrooms master with a walk-in dressing room🌐 Wi-Fi ❄️ AC in all rooms🛋 Spacious living room with smart TV & cozy seating🏡 Private entrance, private garage, and a back garden with a swimming pool🌬 Fully air-conditioned throughout🌅 Large windows with fresh views and natural light🚗 Free parking  🛡 24/7 securityGuest accessGuests have full access to the Villa (Private pool, private garden).Other things to note🏡 Gated & secure community for peace of mind⏰ Early check-in / late check-out may be possible upon request (subject to availability)🧹 Housekeeping can be arranged during your stay✈️ Airport pickup/drop-off available on request🚘 Concierge services: car rental with driver, airport transfers & private day tours🚭 Smoking only allowed outdoors (a $100 fine applies for indoor smoking)🚫 Visitors are not permitted – entry is for confirmed guests only"
1452066072137001984,Make some memories at this unique and family-friendly place.
1491129205330448896,"Stylish 5BR villa in Green Heights Compound in 6th October with a private pool, 1000 sqm garden, 6 receptions, modern dining, and outdoor pergolas. Super lux finishing, prime location near Mall of Arabia."
1389360838332900352,Bring the whole family to this great place with lots of room for fun.
1276775479827473152,Luxury villa for rent in Golf Extension Palm Hills October Available for rent for short and long periodsIt consists of:7 rooms8 BathroomsNanny in the bathroomSwimming poolLand area: 650 mThe area of the buildings is 850 m. The villa consists of a ground floor - first floor - second floor
821096960529498240,"Luxury villa, 4 bedrooms, owned by British family. Uptown Cairo.Fully Furnished. Secure compound in the center of Cairo.The community centre has heated swimming pool, Gem, 2 prayer areas, meeting room, and snacks restaurant. Plaza has with caffès, restaurants, Carrefure express, laundry,pharmacy . All this is less than 4 min walk from the property.Kitchen fully equipped with everything you could think of ,built in cooker, , microwave, grill, toaster, dish washer, dryer,.. There is a “ClubhouseGuest accessAll partsOther things to noteFree Wi-Fi , printer , and scanner"
782481337677395584,Your family will be close to everything when you stay at this centrally-located place 2 min away from mall of Egypt 7min from Mall of Arabia 10min from arkan plaza Capital &Park Street   1200cqm 5 master bedrooms bathrooms private swimming pool private garden inside compound security fully furnished fully equipped air-conditioned near the New Sphinx Airport
1309620393666611456,
1405138989550573824,This unique place has a style all its own.
1432551452519222784,"A complete hotel palace in Sheikh Zayed next to all services  containing 10 rooms and 19 bathrooms  and there is Wi-Fi, a refrigerator, air conditioning and a 43-inch screen in each room and there is a large screen in the reception and there is bein  and there is soft drink  for free   and breakfast, an elevator, a swimming pool, a garden  and a buffet in which there are all drinks and a full restaurant and a large garden and a place dedicated to the gym. The price of the room is $60"
1381147120527619584,"Experience luxury living in this stunning 4-bedroom apartment in Manial, offering breathtaking Nile views. Spacious and elegantly designed, it features modern furnishings, a fully equipped kitchen, and expansive windows that fill the space with natural light. Enjoy serene sunsets from your private balcony, with the city's vibrant energy just moments away. Perfect for those seeking comfort, style, and an unparalleled waterfront lifestyle."
1445646544282519040,"Ultimate escape in Cairo, just steps from the Great Pyramids—where mornings begin by the pool, afternoons unfold in the spa or on city tours, and evenings wind down with live music and cocktails. With family perks like a kids’ club and playground, plus top dining and nearby horseback rides, this resort blends comfort with a touch of wonder.The spaceThis listing is for 3 separate rooms within a hotel. The price shown in the listing covers all 3 rooms.✦ Each room is 258 sq. ft, equipped with complimentary toiletries, TV.✦ Rooms are not adjoining and possibly not next to each other. Spaces are assigned upon arrival based on availability.✦ Daily cleaning services included in the nightly price.There are a few additional details to know before you book:✦ The minimum age required for check-in is 18 years old.✦ Please ensure you have a valid ID for check-in, as it is mandatory for entry.Guest accessDuring your stay, you will have access to the property and amenities according to the following schedule:✦ Check-in is available from 2:00PM.✦ Fitness center is available.✦ Outdoor pool available all year.Other things to noteThere are several additional things to note:✦ Pets are not allowed.✦ We use multi-unit listings, so rooms are similar but may have small differences.✦ Self-parking is available (parking slot reservation is not required in advance) and costs USD 3.20 per day.✦ In Egypt, only married Egyptian couples are legally allowed to share the same hotel room."
1410285275788709632,"Just a 5-minute walk from the entrance of the majestic pyramids Gate  , this unit is located in a newly built building, nestled in an authentic local neighborhood that breathes the life and authenticity of Cairo, while ensuring a safe experience.. In this authentic corner, the nearby streets retain their traditional charm, even if they have not yet been paved. You can find horses and camels on the streetThe spaceJust a 5-minute walk from the entrance of the majestic Gate of the Pyramids, this unit is located in a newly built building, nestled in an authentic local neighborhood that breathes the life and authenticity of Cairo, while ensuring a safe experience.. In this authentic corner, the nearby streets retain their traditional charm, even if they have not yet been paved. You can find horses and camels on the streetGuest accessGuest access all the listingOther things to noteAdditional rules1/ please note that outside visitors are not allowed.only guests that are included in reservation and have submitted their proof of ID will be allowed access to the property.*Unauthorized Guests Fine 400$2/ Early check in / Late checkout is subject to availability Regular check-in time is 2:00 PM - 2:00 AM (next day).Once booked, let us know if you require an early check-in ,,,on the day of arrival.*Early or late luggage drop off is 25$*Early check in $80*Late check out at 1 pm 40$ and at additional cost of  30$  extra per night for more 3 guests.3/ Any missing or damaged items (i.e., towels, utensils, keys, furniture items, etc.) will be considered as a security breach and included in your bill before your departure (100$ Damage deposit)(Guests are expected to leave the house in similar condition as they find it) wipe up spills, wash all dishes, AC/ heat, fans & lights off and premises locked.Enjoy your stay apartment comes with an open plan fully equipped kitchenette, a full bathroom, a small living room and 3 bedrooms It also features two 50 inch smart TVs with Airplay (in each room) Wash Machine , a Nespresso machine, kettle and a microwave, - There is 1 full bathroom, kitchenette and two bedrooms.- Fresh, laundered hotel-grade pure Egyptian cotton linen, along with face &     body crisp clean towels are provided.- A small dining table.- Wifi, and Smart TV are also available and free of charge.- Nespresso machine.- 2 complimentary bottles of water & 2 coffee capsules.Guest accessThis is a 3 bedrooms apartment and guests can have access to all of its features.Other things to notePlease note that outside visitors are not allowed. Only guests that are included in a reservation and have submitted their proof of identity will be allowed access to the property.Please note that smoking is not allowed inside the apartment. A fine of $100 may be imposed in case of smoking indoors.ADDITIONAL CLEANING:-If you require cleaning during your stay or linen and towel changes, this can be provided at an extra cost. Please contact us to book the service and request quotes.Enjoy your stay."
1592102038145893120,"Apartment for rent in Mivida, Fifth Settlement, Emaar Boulevard View area, distinguished by Haman Al Suqahah, luxurious hotel furniture available, restaurants and cafes on the lake area.3 bedrooms, 3 bathrooms and a large reception"
1445646561843999744,"Ultimate escape in Cairo, just steps from the Great Pyramids—where mornings begin by the pool, afternoons unfold in the spa or on city tours, and evenings wind down with live music and cocktails. With family perks like a kids’ club and playground, plus top dining and nearby horseback rides, this resort blends comfort with a touch of wonder.The spaceThis listing is for 4 separate rooms within a hotel. The price shown in the listing covers all 4 rooms.✦ Each room  equipped with complimentary toiletries, TV.✦ Rooms are not adjoining and possibly not next to each other. Spaces are assigned upon arrival based on availability.✦ Daily cleaning services included in the nightly price.There are a few additional details to know before you book:✦ The minimum age required for check-in is 18 years old.✦ Please ensure you have a valid ID for check-in, as it is mandatory for entry.Guest accessDuring your stay, you will have access to the property and amenities according to the following schedule:✦ Check-in is available from 2:00PM.✦ Fitness center is available.✦ Outdoor pool available all year.Other things to noteThere are several additional things to note:✦ Pets are not allowed.✦ We use multi-unit listings, so rooms are similar but may have small differences.✦ Self-parking is available (parking slot reservation is not required in advance) and costs USD 3.20 per day.✦ In Egypt, only married Egyptian couples are legally allowed to share the same hotel room."
1666578207289164288,Have fun with the whole family at this stylish place.
1530281632759848192,"Discover unmatched elegance and comfort in this fully furnished VIP-style palace located in the heart of Sheikh Zayed.The space🛏 8 Master Bedrooms🚿 9 Stylish Bathrooms🛗 Private Elevator🚗 Private Garage🚪 Private Entrance🌳 Private Garden🪑 Outdoor Sitting Area🛋 VIP Hotel-Style Furnishing❄️ Fully Air-Conditioned📺 Television Included👩‍🍳 Fully Equipped KitchenGuest accessGuests will have full private access to the villa.Other things to note🏡 Gated & secure community for peace of mind⏰ Early check-in / late check-out may be possible upon request (subject to availability)🧹 Housekeeping can be arranged during your stay✈️ Airport pickup/drop-off available on request🚘 Concierge services: car rental with driver, airport transfers & private day tours🚭 Smoking only allowed outdoors (a $100 fine applies for indoor smoking)🚫 Visitors are not permitted – entry is for confirmed guests only"
1329844712827279104,Make some memories at this unique and family-friendly place.
1652916728666072320,"Wake up to breathtaking Nile views in this spacious Zamalek apartment! Fully equipped with everything you need, it’s perfect for families or groups wanting comfort, style, and convenience. Chill in modern, cozy spaces, enjoy meals together, or step out to explore Cairo’s best spots all just minutes away. Your ultimate city escape with Nile vibes and all the amenities for an unforgettable stay!"
54284898,This stylish place to stay is perfect for group trips.
1499508580442133504,The palace that combines luxury and sophistication ✨Make your special moments surrounded by luxury inside this enchanting palace ✨
1150701674658456960,Forget your worries in this spacious pool house experience.Villa in a compound in middle of New Zayed.Features:* Pool* Outdoor shower/toilet*  Spacious parking space* Outdoor kitchenette (Grill)* Bonfire * Waterfall * GardenWhat can it be used for?* Friends/ Family weekend gateaway* Birthdays* Engagement* KatbKetab* Reception * Babyshower* Bachelorette
1294094879751028736,"Your family will be close to everything when you stay at this centrally-located place.At new cairoBehind hazard mall, first settelment, new cairoCall me to reserve"
1429721009267866368,"About this space:Experience unparalleled luxury in this exquisite 6-bedroom with en-suite bathrooms villa located in the prestigious El Karma 1 compound, Sheikh Zayed. Spanning 1,200 sqm of refined living space on an 1,800 sqm plot, this fully furnished palace offers a harmonious blend of elegance, comfort, and modern amenities. Whether you're seeking a serene family retreat or an opulent getaway, this villa provides the perfect setting.The spaceThis grand villa is thoughtfully designed across multiple levels to cater to all your needs:Bedrooms & Bathrooms: Six spacious bedrooms, each featuring en-suite bathrooms and walk-in closets, ensuring privacy and convenience for all guests.Living Areas: Hotel-style reception areas on both the ground and first floors, adorned with elegant tree-inspired designs and offering breathtaking views.Kitchen & Dining: A fully equipped main kitchen overlooking the landscaped garden, complemented by a secondary kitchen in the basement.Basement: Includes additional rooms, a kitchen, and a guard's room with a private bathroom.Outdoor Amenities: A large private swimming pool, newly landscaped garden, and a fully equipped Bedouin-style tent for relaxation.Additional Features: A rooftop master suite with a private bathroom, nanny's room with separate access, digital screens in all rooms, and an internal elevator connecting all floors.The compound/location:Situated in the heart of Sheikh Zayed, El Karma 1 is a secure and prestigious compound known for its tranquility and prime location. Directly opposite Arkan Plaza, residents have easy access to shopping, dining, and entertainment options. The compound offers 24/7 security, landscaped communal areas, and a peaceful environment, making it ideal for families and discerning guests.Guest accessGuests will have exclusive access to the entire villa, including all amenities mentioned in the Listing.Other things to noteAdditional services are available upon request:Daily Housekeeping: EGP 500/dayCar Rental: With or without driver, starting from EGP 2,000/dayAirport Pickup: VIP service from the plane stairs with lounge access, starting from $350"
1440898402444133888,"Step into the Aura Room at Space Home — a calm and cozy retreat designed for relaxation. The room features a comfortable double bed, soft lighting, and a peaceful vibe where you can unwind, read a book, or simply enjoy a quiet moment. Located in lively Maadi, you’ll be close to cafés, shops, and all essentials, yet have a serene space to return to. We can’t wait to welcome you and make your stay in Cairo effortless and enjoyable.The spaceThe Room:The Aura Room is a calm and cozy retreat in our Maadi apartment, designed to make you feel completely at ease. The comfy double bed is perfect for curling up with a book, catching up on sleep, or simply relaxing after a day exploring Cairo. Soft, warm lighting creates a peaceful and inviting atmosphere, making it easy to unwind in the evening or enjoy a quiet moment for yourself.The Space:Our three-bedroom apartment in Maadi is big, quiet, and full of natural light. Guests often say it feels more like a home than a rental — which is exactly the vibe we want. You’ll find three shared living areas where you can relax, work, or chat with fellow travelers. The kitchen is fully equipped with everything you need, whether you’re cooking something special or just throwing together a quick bite. The apartment stays peaceful, but step outside and you’re close to cafés, shops, and the lively streets of Maadi. It’s the best of both worlds — calm when you need it, lively when you want itGuest accessYou’re welcome to make yourself at home in the living room, which has two comfy seating areas and a dining table — great for meals, working, or just relaxing in the sunlight. The kitchen is fully equipped if you’d like to cook, from quick snacks to proper dinners. You’ll also have a clean and tidy bathroom available. The space is yours to enjoy — we want you to feel as comfortable here as you would in your own home.During your stayWe’re always happy to help! If you need anything during your stay — whether it’s tips about Maadi, help around the apartment, or just a good café recommendation — you can reach us easily by phone or message. You’ll have plenty of space to enjoy your trip, but we’re nearby if you ever need support.Other things to noteAll you need to know before coming is that the apartment is ready for you to enjoy. It’s sunny, comfortable, and thoughtfully prepared so you can feel at ease right away. Think of it as your home base in Maadi — a place to rest, recharge, and make the most of your stay."
1452180073884958976,Make some memories at this unique and family-friendly place.
1516539630682569216,"Step into luxury and comfort with this fully furnished 5-bedroom villa in Green Heights Compound, New Cairo. Perfect for family getaways, group retreats, or business trips with a touch of indulgence, this villa offers the ultimate escape. Start your mornings in the private garden, spend the afternoon by your private pool, and enjoy peaceful evenings on the balcony overlooking the pool. Spacious, secure, and beautifully designed—your New Cairo stay just got an upgrade.The spaceMaster Bedroom 1: Queen bed, dresser, closet, couchMaster Bedroom 2: Queen bed, dresser, closetMaster Bedroom 3: Queen bed, dresser, closetMaster Bedroom 4: Queen bed, dresser, closetMaster Bedroom 5: Queen bed, dresser, closetKitchen: Fully equipped with modern appliancesLiving Room: L-shaped couch, smart TV, guest bathroomBathrooms: 7 total (5 en suite master bathrooms + 2 half baths with hot/cold water)Perfect for families and groups!Guest accessGuests have full access to the villa, including all bedrooms, bathrooms, kitchen, living areas, private garden, pool, and balconies. Secure parking and compound facilities are also available for your comfort."
1405118804682423808,The whole group will be comfortable in this spacious and unique place to stay.This house will make you feel at home.
1478960885626856192,"Fully furnished hotel villa with a private pool in Sunrise CompoundFifth Settlement, New CairoBehind Concord Plaza, 90th Street SouthDaily, weekly, monthly, and yearly rent5 bedrooms5 baths- Full air conditioning- Fully equipped- Wi-Fi- Housekeeping service- Luxurious furnitureDaily rate: $800Monthly price: $7,500Annual price: $6,000"
1071535243607304064,Enjoy Maadi’s peaceful neighborhood and have quick access to everything from this centrally located apartment.
1205569424125561600,"Discover luxury living at its finest in this elegant corner townhouse located in the prestigious Allegria Residence in Egypt. With four bedrooms plus a nanny room, a garden, a swimming pool, and high-end furnishings, this modern and peaceful retreat offers a perfect blend of comfort and sophistication. Enjoy panoramic views, access to landscaped gardens, sports club, and a variety of dining options in this central location. Book now for an unforgettable stay in the heart of Egypt's beauty."
1616803323828759296,Make some memories at this unique and family-friendly place.
1440967574825585664,"Step into the Royal at Space Home — a bright and comfy retreat made for relaxing. The room has its own private bathroom and two chairs where you can sit back with a book, a coffee, or just enjoy the sunlight. In lively Maadi, you’ll be close to cafés, shops, and all you need while still having a calm place to return to. We can’t wait to welcome you and make your stay in Cairo feel easy and enjoyableThe spaceThe Room:The Royal Room is the master suite of our home — spacious, bright, and made for comfort. Natural sunlight fills the room, giving it a warm and welcoming feel. You’ll have your own private bathroom (because everyone deserves a little privacy on holiday) and a comfy bed that promises a good night’s sleep. We’ve even added two chairs, perfect for morning coffee, reading, or simply putting your feet up after a day out in Cairo. It’s calm, cozy, and easy to feel at home here.The Space:Our three-bedroom apartment in Maadi is big, quiet, and full of natural light. Guests often say it feels more like a home than a rental — which is exactly the vibe we want. You’ll find three shared living areas where you can relax, work, or chat with fellow travelers. The kitchen is fully equipped with everything you need, whether you’re cooking something special or just throwing together a quick bite. The apartment stays peaceful, but step outside and you’re close to cafés, shops, and the lively streets of Maadi. It’s the best of both worlds — calm when you need it, lively when you want itGuest accessYou’re welcome to make yourself at home in the living room, which has two comfy seating areas and a dining table — great for meals, working, or just relaxing in the sunlight. The kitchen is fully equipped if you’d like to cook, from quick snacks to proper dinners. You’ll also have a clean and tidy bathroom available. The space is yours to enjoy — we want you to feel as comfortable here as you would in your own home.During your stayWe’re always happy to help! If you need anything during your stay — whether it’s tips about Maadi, help around the apartment, or just a good café recommendation — you can reach us easily by phone or message. You’ll have plenty of space to enjoy your trip, but we’re nearby if you ever need support.Other things to noteAll you need to know before coming is that the apartment is ready for you to enjoy. It’s sunny, comfortable, and thoughtfully prepared so you can feel at ease right away. Think of it as your home base in Maadi — a place to rest, recharge, and make the most of your stay."
1418782925084058368,Let photos talks about this luxurious mansion!
43509788,"Villa B is the most luxurious resort in Ain Sokhna, Gaz Little Venice, Suez Road, close to Katameya Road. The villa is composed of 5 luxurious rooms, including a master room + 4 bedrooms + kitchen + large reception, air-conditioned and fully equipped with all the appliances. A large luxurious garden for the villa. View Golf. More than wonderful. The collection of services in the village is a supermarket, gym, playgrounds. There is a marina for lovers of fishing.The spaceA large fountain around the swimming poolGuest accessAll the villa is his."
1611679336986092032,"First-row on the golf in Al Rabwa Compound, this modern furnished villa delivers space, privacy, and views. Set on 1,600 sqm land with 1,200 sqm built-up, it features 7 bedrooms (4 master suites), plus a maid’s room with ensuite and a driver’s room with ensuite. Enjoy a private swimming pool, generous reception areas, and outdoor seating overlooking the fairway—ideal for families or executive stays in a secure, quiet community. Minutes to daily essentials; perfect for long stays and hosting too.The spaceModern, fully furnished villa in a secure compound, positioned first row on the golf with open views.Land / built-up: 1,600 sqm land | 1,200 sqm built-upBedrooms: 7 total, including 4 master suitesStaff rooms: Maid’s room with private bathroom + driver’s room with private bathroomLiving zones: Spacious reception and multiple seating areas for family living and hostingOutdoor: Private swimming pool + outdoor seating facing the golfStyle: Modern furniture and finishes throughout"
1294033989900300288,"The most luxurious Mansion in Sheikh Zayed, on an area of ​​3,500 m25 VIP hotel suites big garden 1800 mGarage for 10 cars private swimming pool out door furniturewill be unforgettable stay"
1218690711283000576,"Hotel Villa for daily and monthly rent 5 rooms Master Ultra Modern. Fully equipped kitchen, wifi,, smart tv,, smart home,, private pool,, outdoor sessions,, garden space 2000 meters, ultra modern furniture"
1491129148228091648,"Experience luxury living in this stylish 5-bedroom villa with private garden and pool, located in the prestigious Palm Hills Bamboo Extension, Sheikh Zayed.The villa features 5 bathrooms, a spacious reception, a fully equipped kitchen, and elegant interiors designed for comfort and relaxation. Step outside to enjoy your private garden and swimming pool, perfect for family gatherings or a refreshing dip under the sun."
1489397476289841408,"✨ Modern Apartment in Gated Compound – Prime Location ✨Beautifully furnished and fully equipped apartment located in Compound Jade, directly opposite Al Rehab. Just 15 minutes from Cairo International Airport and 15 minutes from Cairo Festival City Mall.🏠 Details:	•	First floor apartment	•	5 comfortable beds	•	Fully air-conditioned	•	High-speed Wi-Fi	•	Natural gas	•	Double-glazed windows with shutters	•	Everything is brand new and well-maintained This apartment is perfectThe space•	First floor apartment	•	5 comfortable beds	•	Fully air-conditioned	•	High-speed Wi-Fi	•	Natural gas	•	Double-glazed windows with shutters	•	Everything is brand new and well-maintainedGuest accessThe whole apartment"
1457037256563088896,"Apartment in the Fifth Settlement for rent 2nd floor  There is an elevator  3 rooms, including a master bedroom with dressing room 2 bathrooms 2 Reception rooms Balcony Super Lux Finishing First floorCovered parking 24-hour security, guards and cleaningClose to Suez Road and Al Ahly Club in the gathering"
1445646528854461696,
1574538109548445696,"This stylish place to stay is perfect for group trips.Ultra Super Luxurious Palace in Royal City Compound – Sheikh Zayed 📍Located next to Hyper One,Enjoy a truly luxurious stay with modern hotel-style furnishings that combine comfort, elegance, and sophistication🔹 Property Features:6 spacious bedroomsNanny’s room with private bathroomPrivate landscaped gardenPrivate swimming poolOutdoor seating area for relaxationPrivate entrance & private garage"
1564804098462088960,"Ultra VIP Palace – Beverly Hills CompoundExperience true luxury in this Ultra VIP private palace, designed for guests who want space, privacy, and world-class comfort.✨ Property Features:• 8 Master Bedrooms + 1 Maid’s Master Room + 1 Guard’s Master Room• 12 Bathrooms• Private Swimming Pool• Outdoor Lounge Area• Beautiful Garden• Modern, Hotel-Style Furnishings• Fully Air-Conditioned & Fully EquippedLocated inside the prestigious Beverly Hills Compound,"
901903775152207488,"Reconnect with loved ones in this family-friendly place. Hotel apartment close to the Nile, restaurants, cafes and banks"
1122134810860842752,"This special place is close to everything, making it easy to plan your visit."
1294049452148919296,Luxury Palace In Palm Hills - Sheikh Zayedwide with 7 bedrooms7 bathroomsprivate Swimming poolprivate garden and terrace with beautiful view
1610621779690251008,"Palm Hills October is considered a premier residential area in 6th of October City* Strategic Location: Situated in the heart of 6th of October, it offers easy access to the Ring Road, Cairo International Airport, and major attractions like the Giza Pyramids. It is close to Grand museum pyramids , Mall of Arabia, Mall of Egypt , * The compound features vast green spaces, tree-lined streets, and a 27-hole golf course. a wide array of dining and shopping options within Hale Town. Golf Central"
827363221421986688,"This unique Doplex For ANNUAL RENT Fully furnished duplex in an excellent location in the Fourth District, Fifth Settlement, New Cairo Ground and first floor • Area: 200 meters Ultra Super Lux finishing (parquet floors) •  Wood internal staircase • The rooms are air-conditioned and there is an electric heater • The kitchen is fully equipped with appliances and tools • Water meter - electricity meter - natural gas - land line - internet routerVERY FAIR PRICE !!700$ per month"
1499641239286051840,"Discover refined living in this ultra-luxury villa located in the prestigious Royal city Compound in Sheikh Zayed area. Designed for comfort and elegance, the villa offers 6 spacious bedrooms, 5 modern bathrooms, a private swimming pool, and a secure garage. With its prime location, this home combines privacy with easy access to the city’s finest dining, shopping, and entertainment. Perfect for families and groups seeking a stylish and peaceful retreat"
1327706571366113536,"Escape to ultimate luxury in our stunning 4-level villa, a perfect retreat for relaxation and indulgence. Nestled in lush gardens, this elegant home boasts spacious living areas, a private sauna, steam room, and an indoor jacuzzi to melt your stress away. Each level offers unparalleled comfort and breathtaking views, perfect for families or groups. Whether you’re seeking tranquility or an unforgettable getaway, our villa promises an exceptional stay. Book now for a dream escape!The spaceWelcome to our exquisite 4-level villa, thoughtfully designed to offer luxury, comfort, and style for a memorable stay. Perfectly located within a serene compound, this property combines elegance with functionality, making it ideal for families or groups seeking a premium escape.Ground FloorStep into a wide reception area that opens directly to a beautifully landscaped front garden. This level features a cozy living area seamlessly connected to an open-plan kitchen, fully equipped with modern appliances, utensils, and Table with chairs—perfect for gathering and entertaining. Second FloorThe second level offers a spacious bedroom with a comfortable double bed and ample storage. A generously sized living area provides additional relaxation space, along with a stylish bathroom for convenience.Third FloorIndulge in luxury on the third floor, which hosts the main master bedroom featuring an en-suite bathroom, a private jacuzzi, a sauna, and a steam room—your personal wellness sanctuary. Adjacent to the staircase, a kitchenette offers convenience for preparing snacks or beverages. Additionally, this level includes two well-appointed bedrooms, each with double beds, and a shared bathroom located nearby.Fourth FloorThe top floor boasts a comfortable sofa bed and opens up to a massive rooftop terrace. This area is perfect for soaking in panoramic views of the surrounding gardens and compound while enjoying serene mornings or magical sunsets.Whether you’re looking to relax in the garden, unwind in the wellness facilities, or savor breathtaking views from the rooftop, this villa promises an exceptional stay. Book now and experience unmatched comfort and luxury!Guest accessGuests have exclusive access to the entire villa, including all four levels, ensuring complete privacy during your stay. Enjoy the beautifully landscaped front garden, perfect for relaxing or socializing. Make use of the open-plan kitchen equipped with all modern appliances for convenient cooking and dining.Indulge in the wellness amenities, including a private sauna, steam room, and jacuzzi, located on the third level. The spacious rooftop terrace is yours to enjoy, offering stunning views of the gardens and surrounding compound—a perfect spot for morning coffee or evening relaxation.The villa is your home away from home, and we ensure that every area is yours to enjoy freely, providing comfort, convenience, and exclusivity for a memorable stay.Other things to noteKindly note that due to the Egyptian laws and regulations, I ask guests to submit a copy of their IDs or passports in addition to a Copy of Marriage proof For Couples."
1287671116502290176,"The villa is for rent in Cairo with a hot swimming pool, temperature 40 with a covered Jacuzzi and a private pool. The villa is located in front of Mall of Arabia and five minutes to Arkan and Park Street. The location is close to everything special   3 rooms 3 Bathrooms Work room 2 kitchens, speakers inside the villa and outside speakers in the garden Light system, all lighting with sensors, duplex, two floors, all furniture is from outside Egypt, new, very high level of furniture, in a very classy area, suitable for families and young people, hospitality is provided  The villa is actually better than a 7-star hotel. ⭐️The rent includes food and the best fruits and nuts."
574671355984195584,
1582594174336838656,"Welcome to your perfect getaway 🌴This spacious luxury villa is designed for comfort, privacy, and unforgettable moments with family or friends.Whether you’re planning a family vacation, group trip, staycation, or special occasion, this villa offers everything you need for a premium stay.📍 Quiet, secure location with easy access to main attractions.⭐ Cleanliness, comfort, and privacy guaranteed.👉 Book now and enjoy a luxury stay you’llThe space•	🛏 7 master bedrooms – all spacious and comfortably furnished	•	🚿 8 modern bathrooms for maximum privacy	•	🏊‍♂️ Private swimming pool – perfect for relaxation and fun	•	🛋 Large living areas ideal for gatherings	•	🍽 Fully equipped kitchen	•	🌿 Outdoor seating & relaxing spaces	•	❄️ Air conditioning in all rooms	•	📶 High-speed Wi-Fi	•	🚗 Private parkingGuest accessGuests have full access to the apartment. Within the gated community, you’ll enjoy access to the swimming pool.Other things to noteGated & secure community for peace of mind⏰ Early check-in / late check-out may be possible upon request (subject to availability)🧹 Housekeeping can be arranged during your stay✈️ Airport pickup/drop-off available on request🚘 Concierge services: car rental with driver, airport transfers & private day tours🚭 Smoking only allowed outdoors (a $100 fine applies for indoor smoking)🚫 Visitors are not permitted – entry is for confirmed guests only"
1444478893402699776,
1533520482498853632,"Experience a chic and comfortable stay at this private villa in Palm Hills , El Sheikh Zayed.The space🛏 7 Master Bedrooms🚿 8  Bathrooms🚗 Private Garage🌳 Private Garden📺 Television Included👩‍🍳 Fully Equipped Kitchen🌐 Wi-Fi ❄️ AC in all rooms🛡 24/7 securityGuest accessGuests will have full private access to the apartment.Other things to note🏡 Gated & secure community for peace of mind⏰ Early check-in / late check-out may be possible upon request (subject to availability)🧹 Housekeeping can be arranged during your stay✈️ Airport pickup/drop-off available on request🚘 Concierge services: car rental with driver, airport transfers & private day tours🚭 Smoking only allowed outdoors (a $100 fine applies for indoor smoking)🚫 Visitors are not permitted – entry is for confirmed guests only"
43509941,"Villa B is the most luxurious resort in Ain Sokhna, Gaz Little Venice, Suez Road, close to Katameya Road. The villa is composed of 5 luxurious rooms, including a master room + 4 bedrooms + kitchen + large reception, air-conditioned and fully equipped with all the appliances. A large luxurious garden for the villa. View Golf. More than wonderful. The collection of services in the village is a supermarket, gym, playgrounds. There is a marina for lovers of fishing.The spaceAll the villas in Al Haninah"
817450906697134592,
1526749145558499840,Exclusive Standalone Villa for Rent- Ready to Move in
1625234505264381440,Relax🔥 for rent furnished in my city B15 – a special location in front of the mosque 🔥📍 Location: B15 – Group 150📐 Size: 107 m🏢 Third floor🛏️ 2 Bedrooms🚿 2 baths🕌 Directly in front of the mosque✨ A furnished apartment ready to move in📞 To contact 0️⃣1️⃣5️⃣5️⃣7️⃣5️⃣4️⃣6️⃣6️⃣3️⃣6️⃣
1184876478606235648,Enjoy a great travel experience in this strategic home. Villa consists of 6 bedrooms + private pool + Jacuzzi + sauna + living + kitchen equipped with all appliances + internal elevator for the villa + garage + Wifi + smart TV
921041127046644864,"Complete privacy in a luxury villa Family-friendly Beautiful hotel furniture and a large kitchen and an elevator to the upper floors It has a garden overlooking a set of swimming pools Equipped with barbecue tools And a roof with a stunning viewClose to Arkan Plaza, Mall of Arabia and Mall of EgyptThe spaceBeautiful hotel villaGuest accessThere is a full ground floor dedicated to receiving guests with a private outdoor garden equipped with a seating and barbecue area with a large space overlooking a group of swimming pools and wonderful views. A villa that makes you feel refreshed"
1033874472880546432,"Experience unparalleled luxury in this stunning villa located in the prestigious Beverly Hills (Allegria) compound of Sheikh Zayed City. Designed for comfort and elegance, this spacious home offers a serene retreat with top-tier amenities, ensuring a memorable stay for families and groups seeking both relaxation and sophistication.The spaceThis expansive villa boasts:6 Bedrooms: Each room is thoughtfully designed, providing ample space and comfort.5 Bathrooms: Modern fixtures and finishes ensure a refreshing experience.Private Pool: Dive into your own oasis, perfect for unwinding or entertaining.Sauna & Steam Room: Rejuvenate your senses in the in-house wellness facilities.Jacuzzi: Relax and soak in luxury after a day of exploration.Garage: Secure parking for your convenience.The villa's design seamlessly blends modern aesthetics with functional living spaces, ensuring guests feel both pampered and at home."
1440898086586976000,"Welcome to the Soul Room at Space Home — a bright and spacious retreat full of good vibes. The room features a comfortable bed, soft natural light, and an uplifting atmosphere where you can relax, read, or simply enjoy a peaceful moment. Located in lively Maadi, you’ll be close to cafés, shops, and all essentials, yet have a cheerful space to return to. We can’t wait to host you and make your stay in Cairo happy and effortless.The spaceThe Room:The Soul Room is a bright and spacious retreat in our Maadi apartment, designed to fill you with positive vibes. The comfortable bed is perfect for curling up with a book, resting after a day exploring Cairo, or simply relaxing and enjoying peaceful moments. Sunlight streams through the windows, creating an uplifting and cheerful atmosphere that makes it easy to unwind, recharge, or just soak in the good energy.The Space:Our three-bedroom apartment in Maadi is big, quiet, and full of natural light. Guests often say it feels more like a home than a rental — which is exactly the vibe we want. You’ll find three shared living areas where you can relax, work, or chat with fellow travelers. The kitchen is fully equipped with everything you need, whether you’re cooking something special or just throwing together a quick bite. The apartment stays peaceful, but step outside and you’re close to cafés, shops, and the lively streets of Maadi. It’s the best of both worlds — calm when you need it, lively when you want itGuest accessYou’re welcome to make yourself at home in the living room, which has two comfy seating areas and a dining table — great for meals, working, or just relaxing in the sunlight. The kitchen is fully equipped if you’d like to cook, from quick snacks to proper dinners. You’ll also have a clean and tidy bathroom available. The space is yours to enjoy — we want you to feel as comfortable here as you would in your own home.During your stayWe’re always happy to help! If you need anything during your stay — whether it’s tips about Maadi, help around the apartment, or just a good café recommendation — you can reach us easily by phone or message. You’ll have plenty of space to enjoy your trip, but we’re nearby if you ever need support.Other things to noteAll you need to know before coming is that the apartment is ready for you to enjoy. It’s sunny, comfortable, and thoughtfully prepared so you can feel at ease right away. Think of it as your home base in Maadi — a place to rest, recharge, and make the most of your stay."
1272502325164181248,"Luxury villa for rent in Sheikh Zayed, spanning 3,500 SQM. Includes 5 fully-equipped master suites, a beautifully landscaped garden, a large private pool, and open scenic views. Designed for comfort, privacy, and elegance in a prime location. Parties and all forms of commercial or cinematic filming are strictly prohibited to maintain exclusivity. Perfect for high-end living. Contact us for inquiries."
1532530398314038272,"A home away from home.Bring the whole family to this stunning villa in ,Sheikh Zayed – a spacious retreat with plenty of room for fun and relaxation.With a private swimming pool,  this villa combines comfort, luxury, and entertainment all in one place.Perfect for families, friends, or groups looking for a stylish and secure stay in a prime location.The space🛏 5 Spacious bedrooms master suite with ensuite bathroom🚿 5 bathrooms🛋 Elegant reception and lounge areas with luxurious finishing👩‍🍳 Fully equipped kitchen with all essentials🏊‍♂️ Private swimming pool surrounded by greenery🌐 Wi-Fi ❄️ AC in all rooms🚗 Secure private parking🛡 24/7 securityGuest accessGuests have full access to the Villa (Private pool, private garden).Other things to note🏡 Gated & secure community for peace of mind⏰ Early check-in / late check-out may be possible upon request (subject to availability)🧹 Housekeeping can be arranged during your stay✈️ Airport pickup/drop-off available on request🚘 Concierge services: car rental with driver, airport transfers & private day tours🚭 Smoking only allowed outdoors (a $100 fine applies for indoor smoking)🚫 Visitors are not permitted – entry is for confirmed guests only"
1289781577859865856,"Luxury villa for rent in Golf Extension Palm Hills October Available for rent for short and long periodsIt consists of:5 master bedrooms7 bathroomsNanny in the bathroomSwimming poolLand area: 650 mBuilding area 450 m . The villa consists of a ground floor, first floor, and second floorVery special locationFully furnished ultra modernHeating system in the entire villaFree internet for the duration of the stay"
1617597066778325760,Your family will be close to everything when you stay at this centrally-located place.
950976395331448832,"Make special memories at this unique and family-friendly place that can host up to 21 guests. We care about your comfort that's why all rooms and indoor areas are air conditioned . There are 8 out of 9 rooms that are master bedrooms. There are 3 sofa beds.We only host families and please make sure you keep it clean,.البيت يقدر يستحمل لحد 21 فرد. كل الغرف و المساحات المفلقة مكيفة. فيه 8 غرف ماستر و واحدة فقط اللي بدون حمام. فيه 3 كنب سريرعائلات فقطبرجاء المحافظة علي نضافة المكان"
1519554024187806976,"Spacious 4BR, 2BA apartment in the heart of Nasr City! Perfect for families, groups, or business travelers. Enjoy a large living room for relaxing, a fully equipped kitchen, and all the facilities you need for a comfortable stay. Conveniently located near malls, cafés, and public transport, this home offers both comfort and accessibility. Whether for work or leisure, you’ll feel right at home here.✨✨"
1478797865239332864,Enjoy a stylish experience at this centrally-located place.
769589744085602176,"Bring the whole family to this great place with lots of room golf car available with extra feesThe space4 bedrooms 5 beds 2 bedrooms with toilet and 2 bedrooms with shared bathroom living area between bedrooms with tv 65 inc ground floor including reception area with tv 65 inc and draining table for 6 persons there’s also extra room for maid with it’s toilet, guest toilet, kitchen with Bosch appliances and table with 2 high chairs for Garden area with outdoor seating walking from club house 100 meter Terrace with open view landscapeGuest accessAll spaces are available for useOther things to noteSpecial offer available golf car for 4 days for free with any reservation over one month"
1316580252211000576,"this peaceful and centrally-located place near to City center maadi (Carrefour) and MTI university. it is very cozy with 2 different nice views and will save ur privacy as well , also all the furniture and most of the  electrical appliances are brand new ( not used before ) , the building is supported with security system and cameras for ur safety"
1432551500439416320,"A hotel villa in Sheikh Zayed City contains 10 rooms, 18 bathrooms, a swimming pool and a large garden. It is possible to book a room. The price of the room is $60"
915286149929110912,"I  am Nadia  the owner of this space.Teachers  can organise their retreat and book the whole space.We have 5 rooms a dorm for 5 and a tent for 4..The spaceNassimah Lodge is a cozy space with mud plastered domes and lovely trees, mainly mango. Rooms vary in size and price from 25 up to 45 usd B&B.People can come as groups for a retreat or individually as an escape from city life and finding balance in a serene environment.Guest accessThere is a shared kitchen, dining area, Yoga and meditation dome and sound healing sessions can be offered. A fire pit seating area facing a small pond.Other things to noteTha space is located in a small village with many sacred sights like Djoser pyramid and the sound hospital, the Seraphim, the Solar Cross, the Sun temple, the Bent Pyramid, the Red Pyramid and many tombs. Most of Cairo districts can be reached between 30 to 60 min."
1144794481310501760,Enjoy easy access to everything from this perfectly located home base.
1486127003852299264,"Bring the whole family to this wonderful home with plenty of room for fun.For rent in Beverly Hills, Al Jaria Compound 5 Bedroom Hotel Mansion 7 bathrooms Private pool Jacuzzi Sauna Hotel furniture"
1446422044732559104,"Spacious modern villa featuring 5 master bedrooms, each with a private bathroom, offering maximum comfort and privacy. Enjoy a stylish interior with elegant furnishings. Step outside to a beautiful outdoor area with a private swimming pool. This is perfect for relaxing or entertaining. Ideal for families or groups."
1536158377257475584,"🏰 The Tourist Palace – Where Luxury is Experienced In the green belt of Sheikh Zayed, away from the noise and close to serenity, the Palace of the Tourists stands as a landmark in the world of luxury residences. The place here has a different feeling… calm, open spaces, fresh air, and a sense of complete privacy that makes you feel like you left the city without going far from it. From the first glance, the architecture catches the eye: a bold cylindrical tower, clean geometric lines, a contemporary design done with very high taste.The space1️⃣ Palace Components• The palace consists of two floors + roof• Spacious and open living spaces• 5 luxurious bedrooms• 5 bathrooms with high-end finishes• Separate nanny room with private bathroom• Formal dining room• Fully equipped large kitchen• Private Entrance• Large garden with a royal design + large private pool• Elegant Largola and distinctive outdoor seats• Closed garage for 4 cars2️⃣ Special Features🌿 GardenThe garden here is not just a green space…This is a carefully designed and divided living space.Spacious, open, and perfect for long sitting without feeling the time.A morning coffee, a children's game, or a special evening — every scenario has its place.🏊‍♂️ Private PoolThe pool is a stand-alone masterpiece.Its space is well thought out, its design is elegant, and its location guarantees the highest level of privacy.You can start your day in it or end it with a quiet night — the feeling is always the same: comfort and luxury.🪵 Lounge and seating areas• Elegant outdoor lounge for long stays• Comfortable seating for upscale gatherings and gatherings• Night lighting that makes the palace a real masterpiece at nightGuest access3️⃣ Villa Location📍 Green Belt – Sheikh ZayedOne of the most peaceful and classy areas of Sheikh Zayedtotal privacySurrounded only by villas and palacesPerfect for those who are looking for real quiet away from the crowdsAt the same time, it is close to the most important axes and services:• Minutes from Mall of Arabia• Close to Mall of Egypt• Easy access to the pyramids and the Grand Egyptian Museum• Minutes from Sheikh Zayed's best restaurants and cafes• Walking distance from Sphinx AirportThe equation here is perfect:Quiet and secluded… without feeling like you're far from the city.Other things to note4️. Additional services at extra cost (VIP)• A maid who does all the housework (cleaning – tidying – daily help with housework and errands)• Optional daily cleaning service only• Airport pick-up and drop-off• Cars with or without driver• Delivering all home needs upon request5️⃣ Unit RulesCheck-in after 2:00 pmCheck-out before 12:00 pmQuiet after 11 pmNo PartiesProvide ID or passportRefundable insurance may be required Number of guests as per prior agreementRespect the privacy of the place and the surroundings"
1401431850215627520,Enjoy the sounds of nature when you stay in this unique home.
1617776222945722368,"Hotel-furnished townhouse in Allegria, Beverly Hills (El Jreya), Sheikh Zayed, offering comfort, privacy, and a distinctive open view. The home features 4 bedrooms, 3 bathrooms, plus a nanny room with its own bathroom. Enjoy a private swimming pool, bright living areas, and modern finishes ideal for families or long stays. Set inside a secure golf community with landscaped surroundings, calm streets, and easy access to services—perfect for relaxed upscale living in West Cairo. Available!"
1659383907516482816,"True luxury in Dubai Marina 7… An exceptional rental villa offering you an unforgettable summer experience.A prime location, total privacy, and a sophisticated ambiance for those who appreciate excellence."
1459312341158792960,"Discover a luxurious stay experience in the heart of Cairo in a private apartment within the Four Seasons Nile Plaza Hotel, where the hotel's distinctive luxury blends with the privacy of the home and the comfort of a quiet stay.Guests can enjoy the upscale Four Seasons atmosphere inside the residential tower, with 24/7 secure access, and premium services that provide the highest levels of tranquility and privacy. The location is excellent, minutes away from downtown, Garden City, and Zamalek, making it ideal for both business and leisure visitors.This apartment is an ideal choice for anyone looking for the elegance of the Four Seasons with the comfort of home"
1443504841871221504,"Furnished Duplex for Rent in Garden City Next to the Italian Embassy Area: 150 m²First floor, 70 m²Second floor, 80 m²Internal partition: 2 bedrooms + 2 bathrooms + reception + kitchen The duplex is furnished. No pets allowedThe minimum rental period is one year. The duration can be reduced in exchange for a higher price. The requested price for long stays is $800. The requested price for short stays is $900."
1531939345241143040,"The Grand Golf Extension Palace, A Realm of Unparalleled LuxuryWelcome to an estate of extraordinary scale and sophistication, a magnificent 7-bedroom, 9-bathroom villa situated in the heart of the prestigious Palm Hills Golf Extension. This multi-level palace is a masterpiece of modern architecture and interior design, crafted to provide an unparalleled experience for large families, corporate delegations, or discerning groups seeking the pinnacle of luxury living.The spaceThe Grand Golf Extension Palace, A Realm of Unparalleled LuxuryWelcome to an estate of extraordinary scale and sophistication, a magnificent 7-bedroom, 9-bathroom villa situated in the heart of the prestigious Palm Hills Golf Extension. This multi-level palace is a masterpiece of modern architecture and interior design, crafted to provide an unparalleled experience for large families, corporate delegations, or discerning groups seeking the pinnacle of luxury living.Exterior & Arrival: A Statement of PrestigeThe villa makes a commanding first impression with its striking contemporary architecture, featuring clean geometric lines and a sophisticated color palette. A grand, modern wooden door serves as the main entrance, approached via elegant stone steps and flanked by tasteful landscaping. The property includes a private, paved driveway leading to a large covered carport, ensuring secure and discreet parking for multiple vehicles.Ground Floor: An Expansive World of Elegance and EntertainmentStep inside to a breathtaking, light-filled open-plan space that defines modern luxury. The entire ground floor is unified by pristine, polished marble flooring that gleams under a sophisticated lighting scheme of recessed lights and chic, modern chandeliers.Multiple Living Salons: This grand space is thoughtfully arranged into several distinct living areas. One zone is perfect for formal receptions, while another, centered around a large wall-mounted television, offers a more relaxed setting for family entertainment. The entire area is furnished with an exquisite collection of designer sofas, armchairs, and marble-topped coffee tables.Formal Dining Room: Set within the open-plan design is an elegant formal dining area. A stunning marble-topped table, surrounded by luxurious wood and fabric chairs and illuminated by a beautiful crystal chandelier, provides a perfect setting for memorable dinner parties.Seamless Indoor-Outdoor Flow: Expansive glass doors line the rear of the living area, opening directly onto the pool terrace and garden, flooding the space with natural light and creating a seamless connection to the beautiful outdoors.Outdoor Oasis: Your Exclusive Private ResortThe villa’s exterior grounds are a private paradise designed for leisure and relaxation.Private Swimming Pool: The centerpiece is a large, crystal-clear swimming pool, perfect for cooling off on a sunny day or enjoying a morning swim.Manicured Garden: The pool is surrounded by a spacious, manicured lawn and a paved sun terrace, offering ample room for sunbathing, recreation, and al fresco dining. The entire garden is enclosed by a tall, mature hedge, guaranteeing absolute privacy and tranquility.Accommodations & Private Living Quarters: A Multi-Level SanctuaryThis villa is uniquely designed with multiple levels of living space, providing unmatched comfort and privacy for large groups.Seven Luxurious Bedrooms: The estate boasts seven incredibly spacious bedrooms, most of which are designed as full master suites with private en-suite bathrooms. Each room is a sanctuary of comfort, featuring high-end modern furnishings, serene color palettes, ample wardrobe space, and individual air conditioning.Nine Exquisite Bathrooms: With nine bathrooms in total, the villa ensures ultimate convenience. Each bathroom is a work of art, from the opulent master bath adorned with shimmering gold mosaic tiles and a marble double vanity to the other sleek, modern bathrooms featuring walk-in showers, backlit mirrors, and designer fixtures.Dedicated Nanny's Suite: For families traveling with staff, a separate nanny's room with its own private bathroom is provided.Multiple Kitchens & Family Rooms: A standout feature of this grand villa is the inclusion of a main kitchen and at least two additional kitchenettes and family rooms on different floors. This thoughtful design allows different parts of a group to have their own private living and catering spaces, making it ideal for multi-generational families or corporate guests.Guest accessYou'll have exclusive access to the entire villa including all four bedrooms, the elegant reception areas, dining room, fully equipped kitchen, and the beautiful outdoor garden.The garden entertainment spaces, and all outdoor facilities are entirely at your disposal. Every space in this charming property has been designed for your comfort and enjoyment.Other things to noteTo maintain our prestigious property and ensure a wonderful experience for all:Maximum Guests allowed is Shown in the list (Additional fee is required for more Guests under exact conditions)Only registered guests may stay overnightCheck-in after 2:00 PM and check-out by 12:00 PMA valid ID or passport must be presented upon check-inPassport photos for all guests must be submitted before arrivalFor Arab passport holders, couples must submit an official marriage certificate. Visitors of the opposite sex are not allowed unless they're first degree relatives.A fully refundable security deposit of ONE NIGHT is required at check-inPets are not allowed (not even really cute ones) unless otherwise stated.Parties are prohibited (not even really quiet ones).Please be respectful of your neighbors and keep noise to a minimum from 10:00 Pm – 8:00 Am.Thank you for understanding and treating our home with the same care you would your own. We are dedicated to making your stay at One Of Our ELITE's a memorable experience of luxury and comfort."
22699695,"This villa is located in country side area , away from noise & pollution .it has all whatever needed to spend unforgettable vacation. Must have a car as nearest grocery is 6 km away .can provide a car with a driver at extra costThe spaceA uniquely designed villa with a very distinguished layout. Huge garden with a pool , wet bar , billiard room , sound system ......any you think of will find it hereGuest accessThe villa has a 3 story , ground floor the reception area it has a bed room with inside bathroom,  seperate bathroom, living area with LCD & fireplace, dining space , bar & kitchen. Second floor has a 2 bedrooms & a huge balcony. The third floor has 2 bed rooms with 2 bathroomsOther things to noteCan provide a car with a driver to help in transportation as the villa is not near the public transportation"
1586515552644876800,"Luxury Villa for Rent – Fifth SettlementSpacious villa featuring4bedroom2 master Elegant design, privacy, and prime location in New Cairo.Ideal for families or executive stays."
1614535123416058880,Enjoy a memorable visit when you stay in this unique place.
1445646637252195072,"Ultimate escape in Cairo, just steps from the Great Pyramids—where mornings begin by the pool, afternoons unfold in the spa or on city tours, and evenings wind down with live music and cocktails. With family perks like a kids’ club and playground, plus top dining and nearby horseback rides, this resort blends comfort with a touch of wonder.The spaceThis listing is for 4 separate rooms within a hotel. The price shown in the listing covers all 4 rooms.✦ Each room is 258 sq. ft, equipped with complimentary toiletries, TV.✦ Rooms are not adjoining and possibly not next to each other. Spaces are assigned upon arrival based on availability.✦ Daily cleaning services included in the nightly price.There are a few additional details to know before you book:✦ The minimum age required for check-in is 18 years old.✦ Please ensure you have a valid ID for check-in, as it is mandatory for entry.Guest accessDuring your stay, you will have access to the property and amenities according to the following schedule:✦ Check-in is available from 2:00PM.✦ Fitness center is available.✦ Outdoor pool available all year.Other things to noteThere are several additional things to note:✦ Pets are not allowed.✦ We use multi-unit listings, so rooms are similar but may have small differences.✦ Self-parking is available (parking slot reservation is not required in advance) and costs USD 3.20 per day.✦ In Egypt, only married Egyptian couples are legally allowed to share the same hotel room."
1533251126747083520,"🏡 Villa Compound Green Heights – Northern Heights, Sheikh Zayed Quiet, space, and real privacyIn one of the most serene and upscale areas of Sheikh Zayed, within the Green Heights Compound – Northern Heights, this villa offers a completely different feel from any traditional accommodation. Here the space is wide, the calm is real, and every corner of the villa is made to live in your comfort… not just to sit.From the moment you enter, you feel that the place is breathing comfortably. Natural light, open spaces, and smart distribution that gives everyone in the house their own space, and at the same time everyone is close to each other.The space1️⃣ Villa Components• The villa consists of two floors + roof • A very large garden surrounding the villa • Large private pool • Balcony on each floor + balcony on the ground floor • 5 bedrooms • Separate nanny room • 7 bathrooms with high-end finishes • 4 different living rooms (Each with a different feel and use) • Formal dining room • Fully equipped kitchen • Design that ensures privacy and ease of movement between floors2️. Special features (detailed human description)🌿 GardenThe garden here is a key element of the experience, not an addition. Large, open, and comfortable green space. It is useful for everything: A quiet morning, children's play, a family gathering, or even sitting alone with light music.🪑 Outdoor BaseA carefully crafted outdoor base in the garden Perfect for long stays, tea at night, or simple gatherings It feels very calm and private🏊‍♂️ Private PoolLarge swimming pool for the whole family Its space is comfortable, its design is practical, and its location guarantees privacy Fits a whole day of swimming and laughter Or even a quiet seat around the pool at sunset🌇 Balconies and RoofsA balcony on each floor gives you ventilation, light and a sense of spaciousness The roof is an open space for rest, air, and evening gatherings A perfect place to separate your brain from any pressure🛋️ Multiple living rooms4 living rooms, each with its own character A place for the family Guest place A place to calm down and a place for daily movement Smart distribution that serves large families without crowdingGuest access3️⃣ Villa Location📍 Green Heights Compound – Northern Heights, Sheikh ZayedOne of the finest and most prestigious compounds in Zayed High Privacy Aman Wide Streets Surrounded by villas onlyAt the same time, it is close to everything: • Minutes from 26th of July Axis • Close to Mall of Arabia • Close to Arkan Plaza • Minutes from Sheikh Zayed's best restaurants and cafes • Easy access to all areas of Zayed and 6th of OctoberThe equation here is clear: Quiet and comfortable… without isolation.Other things to note4️. Additional services at extra cost (VIP)• A worker who does all the housework (Cleaning – tidying – daily help with orders and housework)• Airport pick-up and drop-off • Cars with or without driver • Delivery of all household needs upon request5️⃣ Unit Rules• Check-in after 2:00 pm • Check out before 12:00 pm • Keep quiet after 11 pm • No parties • Provide ID or passport • A refundable deposit may be required • Number of guests as per prior agreement"
1584239528075360512,"Available for rent, the most luxurious palaces of Sheikh Zayed Palace Royal Palace - 6 bedrooms Master Hotel- 3 outdoor baths - 4 pcs hotel brushes- Lesser Pool- Private Garage Private Entrance - Outlook Garden Pool Base- ² Fully air-conditioned palace with WiFi   - Sheikh Zayed Al Thawrah Al-Khadra"
1227334682807627520,Enjoy a stylish experience at this centrally-located place.
1646534430539307008,This unique place has a style all its own.
1562543549271908096,Hyde park compound villa Private pool 5bedrooms 5 bathrooms
1235628381678495488,Your family will be close to everything when you stay at this centrally-located place.Other things to noteThe Guest Must Provide ID ( Here in Aitbnb Messages)
1294785306366009088,Villa With Private Pool In Beverly Hills - Allegria -Sheikh Zayed - G 102there are 5 bedroomsthere are 5 bathroomsthere is a private pool there is a sauna steamthere is  jacuzzithere is a  garage
1582648511499746560,"Bring the whole family to this great place with lots of room for fun.The space4 bedroom, 4 bathroom, full kitchen, living room TV , wifi ,dining room and receptions , private garden and courtyardOther things to noteFor couples a marriage certificate must be submitted"
1557490459076177664,"A home away from home.Bring the whole family to this stunning villa in ,Sheikh Zayed – a spacious retreat with plenty of room for fun and relaxation.With a private swimming pool,  this villa combines comfort, luxury, and entertainment all in one place.Perfect for families, friends, or groups looking for a stylish and secure stay in a prime location.The space🛏 6 Spacious bedrooms master suite with ensuite bathroom🚿 8 bathrooms 🛋 Elegant reception and lounge areas with luxurious finishing👩‍🍳 Fully equipped kitchen with all essentials🏊‍♂️ Private swimming pool surrounded by greenery🌐 Wi-Fi ❄️ AC in all rooms🚗 Secure private parking🛡 24/7 securityGuest accessGuests have full access to the Villa (Private pool, private garden).Other things to note🏡 Gated & secure community for peace of mind⏰ Early check-in / late check-out may be possible upon request (subject to availability)🧹 Housekeeping can be arranged during your stay✈️ Airport pickup/drop-off available on request🚘 Concierge services: car rental with driver, airport transfers & private day tours🚭 Smoking only allowed outdoors (a $100 fine applies for indoor smoking)🚫 Visitors are not permitted – entry is for confirmed guests only"
1469720738734772480,You'll have a great time at this comfortable place to stay.
1663077126921723904,"This special full house comfortable place is close to everything, making it easy to plan your visit."
1508829161605881600,This stylish place to stay is perfect for group trips.
48921273,"Other things to noteFor couples, they should have a legal marriage certification."
1512989738858906368,"Experience a lavish getaway in this fully furnished 7-bedroom villa with 9 bathrooms and a private pool in Palm Hills, Sheikh Zayed. Perfect for large families or groups, this villa offers expansive living spaces, stylish interiors, and the ultimate in comfort. Spend your mornings by the pool, evenings in the spacious living areas, and enjoy the privacy and security of one of Sheikh Zayed’s most prestigious communities.The spaceMaster Bedroom: Queen bed, private bathroom, walk-in closet.Bedroom 2: Queen bed, walk-in closet.Bedroom 3: Queen bed, walk-in closet.Bedroom 4: Queen bed, walk-in closet.Nanny’s Room: Single bed, dresser (no bathroom).Living Room: Comfortable couches, chairs, smart TV, coffee table.Dining Area: Dining table with 8 chairs.Kitchen: Microwave, electric oven, stove, refrigerator, kettle.Bathroom(s): Multiple bathrooms with showers, hot and cold water.Outdoor Space: Private pool and garden for relaxation and gatherings.Perfect for families and groups!Guest accessGuests will have full access to the entire villa, including all bedrooms, nanny’s room, bathrooms, kitchen, dining and living areas, the private pool, and the garden. Secure parking and compound facilities are also available for your comfort and convenience."
937731267495715200,"The Mivida compound is located in the Fifth Settlement, New Cairo, in a strategic location in the heart of New Cairo, it is ideally located near the American University and only 20 minutes from Cairo International Airport, Mivida benefits from having multiple access points via the 90th road,  Suez and Sokhna Road.Various green spaces. artificial lakes.  Swimming pools.  Sports clubs.  Shopping mall .  medical Center .  Many international schools. Childrens entertainment areas.  Security"
1464002704784014080,Have fun with the whole family at this stylish place.
895713563277225472,"Kick back and relax in this calm, stylish space."
1192036094779793664,"Have fun with the whole family at this stylish place,Standalone Villa in New Cairo, It is close to all the malls and tourist places and close to all the main axes. Decent compound with all the services, Private swimming pool and modern furniture, Consists of a ground, first and second floor. Four rooms, including a main room with a bar and seperate living space, dressing room, and Jacuzzi, barbecue, private garden. It has four bathrooms and overlooks a wonderful view and enjoys complete privacy."
582378495847238144,
30192356,"Cozy 2 bedroom apartment located in best location in Maadi, guests are able to walk to restaurants, ice cream store called Stavolta, Metro for grocery, all at walking distance. Maadi is known to be best for foreigners for its safety and"
1294785652344118528,"Luxury standalone villa fully furnished ultra modern in Palm Hills Sheikh Zayed(very special location in Golf Extension)The house runs on the home system(Heating system)Land area: 730 m , Building area 600 m2.garden-pool-jacuzzi-garageThe villa have ground-1st floor-penthouseGround floor:reception-equipped kitchen with appliances -guest bathroom-bedroom with bathroom-nanny's room&bathroom.,1st floor:3bedrooms-livingroom-kitchenThe penthouse have room with bathroom,Arabic seat on roof"
37019965,The space500m2 house with private access and garden Consists of three floors :- one for the bedrooms - one for the reception and dinning - one for the kitchen and huge multi purpose living room
1613747481179856896,"Wake up to stunning Nile views in this spacious 4-bedroom, fully furnished apartment in Giza. Designed for families, groups, or business travelers, this home combines modern design, comfort, and a prime riverside location. Relax in bright living spaces, enjoy the cozy bedrooms, and make every stay memorable with breathtaking views right outside your window.The spaceMaster Bedroom: Queen bed, wardrobe.Bedroom 2: Queen bed, wardrobe.Bedroom 3: Queen bed, wardrobe.Bedroom 4: Two single beds.Living Room: Couch, smart TV, coffee table.Dining Area: Dining table with 6 chairs.Kitchen: Stove, oven, refrigerator, microwave.Bathroom(s): Modern bathrooms with hot/cold water.Extras: Central A/C, Wi-Fi, stunning Nile views.Perfect for families and groups!Guest accessGuests will have full access to the entire apartment, including all bedrooms, bathrooms, kitchen, dining and living areas. The Nile view is yours to enjoy, and parking/building facilities are also available for added convenience."
1516562826660497664,"Welcome to Villa Royal Alaa in Al Sheikh Zayed, your perfect hideaway for a relaxing, luxurious stay. This fully furnished 6-bedroom villa invites you to unwind by your private pool or enjoy morning coffee on the balcony with pool views. Inside, the spacious master suites and elegant living areas are designed for comfort and style. Whether you’re looking for a serene retreat or a place to celebrate with family and friends, every detail here is crafted for memorable moments.The spaceLiving Room: Spacious with comfortable seating and stylish décorKitchen: Fully equipped with modern appliancesMaster Bedroom 1: Queen bed, dresser, closets, private bathroomMaster Bedroom 2: Queen bed, dresser, closets, private bathroomBedroom 3: Queen bed, dresser, closets, balconyBedroom 4: Queen bed, dresser, closetsBedroom 5: Two single beds, dresser, closetsBedroom 6: (Flexible room—can be arranged to suit your needs)Bathrooms: Multiple bathrooms including master en suites, with hot/cold waterPerfect for families and groups!Guest accessGuests have full access to the villa, including all bedrooms, bathrooms, living spaces, fully equipped kitchen, private pool, balconies, and garden. Secure parking and compound facilities are also available for your comfort."
1486133315377024256,"Make some memories in this unique, family-friendly space.⚜️ Furnished Mansion for Rent ⚜️💎 Al Karma Compound 1 Furnished Palace - Sheikh Zayed💎 Hotel finishing and furnishing💎 Consists of: Basement, Ground, First, and Roof💎 6 Master Bedrooms💎 7 Bathrooms💎 Large reception💎 Living room💎 2 nanny rooms with bathroom💎 2 driver rooms💎 Private Pool"
1237038847786696192,"Hotel apartment in four seasons Nile plaza Nile view all services included without cleaning . Swimming pools.Gem. Dining in chargeable all restaurants in the hotelThe spaceIt’s Only  for families no alcohol, no parties  send msg plsGuest accessMy assistant well meet themOther things to noteThey can use hotel swimming  free all restaurants  in the hotel Gem is free"
1663283542397666560,The whole group will enjoy easy access to everything from this centrally located place.
1378514346513857792,You can have a great time and live differently in the most luxurious places ❤️
1618830333249037312,Make some memories at this unique and family-friendly place.
1589656204275030784,"Luxury Villa for Rent – Fifth SettlementSpacious villa featuring 7 master bedrooms, all en-suite.Elegant design, privacy, and prime location in New Cairo.with  A private Pool"
1512149380519707136,"Experience royal comfort in this fully furnished 5-bedroom palace with private pool in Al Sheikh Zayed. Designed for families and groups, the property combines elegance, privacy, and modern convenience. With spacious interiors, 6 bathrooms, a private garden, and dedicated parking, it’s the ideal retreat for both short and extended stays.The spaceThis residence offers both comfort and sophistication:Living Room: Two sections — one with 2 couches and coffee table, the other with an L-shaped sofa, comfy couch, coffee table, and AC.Dining Area: Unique setup with 2 chairs and 2 couches, seating 8 guests.Kitchen: Fully equipped with stove, oven, refrigerator, microwave, and kettle.Bedrooms: 5 bedrooms with queen-size beds, walk-in closets, and AC.Bathrooms: 5 full bathrooms with showers and hot water.Additional Spaces: Nanny’s room, private roof with indoor seating, and dedicated parking.Outdoor Areas: Private pool with seating area and a serene private garden.Guest accessGuests have full access to the entire property, including the pool, garden, roof lounge, and all indoor facilities."
1528197606062246656,"Welcome to your stylish home away from home in the heart of Al Manial! This fully furnished 4-bedroom, 4-bathroom apartment at Continental Towers blends refined comfort with modern design. Wake up to natural light, sip your coffee on the spacious balcony, take a dip in the pool, or enjoy cooking in the fully equipped kitchen. Whether you’re here with family, friends, or colleagues, this spot is perfect for a comfortable and memorable short-term stay.The spaceMaster Bedroom 1: Queen bed, dresser, closets, TVMaster Bedroom 2: Queen bed, dresser, closets, TVMaster Bedroom 3: Queen bed, dresser, closetsNanny Room: Single bed, closets, private bathroomLiving Room: L-shaped couch, smart TV, access to balconyDining Area: Table with 6 chairsKitchen: Oven, stove, microwave, refrigeratorOutdoor Space: Spacious balcony with furnitureBathrooms: 4 total (3 full bathrooms + 1 in nanny’s room, all with hot/cold water)Perfect for families and groups!Guest accessGuests have full access to the apartment, including bedrooms, bathrooms, kitchen, living room, dining area, and balcony. The building also offers access to the shared pool, secure entry, and parking facilities."
1199981606575500288,The whole group will be comfortable in this spacious and unique accommodation. It is quiet and has high-quality hotel bedding There's also a swimming pool.
1359424298481801472,"Do you want to live in the heart of Cairo in a luxury hotel apartment? Royal Travel offers you luxury hotel apartments in the best places in Cairo. A quiet place, 5-star service, and all the luxuries you dream of. Whether for a business trip or a vacation, We are here to ensure you have a pleasant and comfortable stay, just like you would in your own countryBook now and enjoy an unforgettable stay"
1656554585993705984,"This cozy house in Sheikh Zayed, Hay 9, Giza, offers a comfortable and convenient stay for up to 6 guests. With 3 bedrooms, 3 bathrooms, and 4 beds, it’s perfect for families or small groups. The space is modern and welcoming, providing everything you need for a relaxing stay in Cairo. Close to local attractions and amenities, it’s a great choice for those looking for a homely retreat with easy access to the city."
915257544596805760,"High End Luxury Villa which includes all the Facilities such as a Pool and Gym and spacious Bedrooms for Extreme Comfort and Very Spacious and Peaceful , Best for Big FamiliesOther things to noteThere is an available cleaning service during stay with 45$ per time"
17557434,"A stunning Nile-front two-bedroom apartment located within the Plaza Suites at Cairo’s Four Seasons, one of the most prestigious addresses in Egypt. Enjoy breathtaking panoramic views of West Cairo, stretching all the way to the Pyramids of Giza. Remodeled by one of Egypt’s leading interior designers, this residence blends sophisticated design with comfort. This unit offers the privileges of five-star hotel living, while maintaining the privacy and ease of a true home.The spaceElegant & Comfortable: A thoughtfully furnished apartment with two cozy bedrooms, two comfortable king beds, and two pristine bathrooms, perfect for up to 4 guests.Elegant Living Areas: Relax in a bright and spacious living room, ideal for unwinding after exploring Cairo’s vibrant streets.City & River Views: Beautiful vistas from your windows offer a memorable backdrop to your stay.Work-Friendly: A dedicated workspace with high-speed Wi-Fi, great for remote work or planning your sightseeing daysGuests enjoy complimentary access to the Four Seasons pool and gym.Guest accessGuests will have complimentary  access to the gym and pool and paid access to all Four Seasons amenities and services, including house keeping, room service, spa services, laundry services, on-call doctor, transportation, dining at any of the Four Seasons' outlets/restaurants: The Bar (where most of Egypt’s rich, famous and expats hangout for cocktails, and doing business), Eight (Asian fusion), Riviera (Italian restaurant), Bullona (Mediterranean),  Byblos (Lebanese) Zitouni (open 24/7). Guests also have access to the lobby lounge, which is happening all day and night, as well as to Beyman's cafe. Beyman is also accessible for those who want access to a decent variety of top fashion brand shopping. Concierge services are available from 6:00 am to midnight, and guest services are available 24/7.Other things to notePrivate Concierge & VIP ServicesAvailable Upon Request | Additional Fees ApplyFor guests seeking an elevated experience, we offer a curated selection of private concierge and VIP services, subject to availability and advance arrangement:VIP airport meet and greet at the airport only.Private airport and city transportation.Private tour guides and bespoke excursions.Private chef experience.Dining, nightlife, and entertainment recommendations.Shopping and lifestyle experiences.Please contact us via Airbnb messaging to arrange any of these services."
1305199592577271552,"Enjoy the beauty, tranquility and distinction of a hotel palace and a private swimming pool in the most luxurious place in Sheikh Zayed"
42837243,Varied and quiet lighting Overlooking a garden sound system Smart TVThe spaceBottomOther things to noteThere is security for the building Possibility of delivery
1612360935058078464,"Luxury Villa in the heart of Sheikh Zayed, An elite, full-service compound. Set on 1,200 sqm, first residence and first furnishing. Features a very large swimming pool, landscaped garden, Bedouin-style tent, pool shower suite, grand multi-zone reception, garden-view kitchen, and basement with rooms and kitchen. Seven master bedrooms with dressing, office floor, rooftop reception + master suite, internal elevator, service lift, imported appliances, premium furniture, private garage for 4+ cars.The spacePrestigious Compound: Located in the 4th District of Sheikh Zayed City, a sought-after residential area with easy access to major roads and nearby landmarks.Developer & Style: Built by Al Karma / Badr El Din Developments, known for luxurious architectural design and quality finishes.Residential Environment: Part of a well-planned gated community with green spaces, easy accessibility, and quality homes. Unit Variety Nearby: The compound offers a range of property types in the area including apartments, townhouses, and villas — showing broad lifestyle options. Landscape & Views: Units often benefit from landscaped surroundings and a calm suburban vibe with greenery. Nearby Amenities: Strategic proximity to local services, retail, dining, and highways, making everyday needs and travel convenient."
1557462941385564672,"Fully furnished apartment, new appliances and furniture.Tourist area full of businesses and shops."
1512490753306617856,"🏰 Royal City Villa – Luxury with an addressIn the heart of Sheikh Zayed, inside the upscale Royal City compound, this villa stands as one of the most beautiful and complete residential villas that combine grandeur, comfort, and privacy. From the first moment you enter, you feel that the place is made for people who like to live comfortably… spacious spaces, smart design, and a sense of luxury without exaggeration.The villa is not just a big house, it is an integrated living space, every corner of which is carefully designed to serve comfort, tranquility, and family gathering.The space1️⃣ Villa Components• The villa consists of two floors + roof • 6 spacious bedrooms with excellent distribution • Separate nanny room with private bathroom • 4 bathrooms with practical and elegant finishes • 3 different living rooms – Formal living – Family living – Relaxing living • Separate dining room suitable for gatherings • Fully equipped large kitchen • Balcony on each floor + ground floor • Private entrance gives a sense of privacy • Very large garden • Large private pool • An outdoor base in the garden is ideal for seating • Open roof for multiple use2️⃣ Special Features🌿 GardenThe garden here is a key element of the experience, not an addition. Large, open, and ideal green space for all times: A quiet morning, children's play, or a nice family evening. The general feeling is that you live in a private resort, not in a compound.🏊‍♂️ Private PoolA large swimming pool for the whole family. Its design is practical and elegant, and its location is thought out to give your hands the highest degree of privacy, whether it is a day recreation or a quiet night sitting - the experience is always sophisticated.🪑 Outdoor Base and Balconies• Outdoor base in the garden for long stays • Balconies on each floor with natural light and air • Spaces that let you enjoy the villa from the inside and outside at the same timeGuest access3️⃣ Villa Location📍 Royal City Compound – Sheikh Zayed• Hady and Raki Compound • Security and privacy • Surrounded by villas only • Perfect for families and those looking for real comfortAnd close to everything important:• Minutes from the main axes • Close to Mall of Arabia and Mall of Egypt • Close to Zayed's best restaurants and cafes • Easy access to the 26th of July axis • Convenient distance from Sphinx AirportThe perfect equation: Quiet + Space + Smart LocationOther things to note4️. Additional services at extra cost (VIP)• A worker who does all the housework (Cleaning – tidying – daily help with housework) • Airport pick-up and drop-off • Cars with or without driver • Delivery of all household needs upon request5️⃣ Unit Rules• Check-in after 2:00 pm • Check out before 12:00 pm • Keep quiet after 11 pm • No parties • Provide ID or passport • A refundable insurance may be required • Number of guests as per prior agreement • Respect the privacy of the place and the surroundings"
1149010951297250304,"If you are looking for a  space that can host your yoga retreat, energy work, silence or detox, Nasdimah is the answer.Nasdimah is owned by a sound healing practitioner who will create a safe space for your group to heal and reflect."
1615388235129112064,Relax with the whole family at this peaceful place to stay.
1512149212991608064,"Discover your perfect getaway at this exquisite 5-bedroom villa in Palm Hills, Sheikh Zayed. Fully furnished and designed for comfort and elegance, this retreat features a stunning private pool and a spacious garden—your very own oasis for relaxation and fun. With central A/C throughout, and family-friendly compound amenities like a children’s play area and pool, this villa is the ideal choice for families or groups looking for a luxurious stay.The spaceMaster Bedroom: Queen-size bed, en-suite bathroom, wardrobe, and air conditioning.Bedroom 2: Queen-size bed, dresser, wardrobe, and air conditioning.Bedroom 3: Queen-size bed, dresser, wardrobe, and air conditioning.Bedroom 4: Queen-size bed, dresser, wardrobe, and air conditioning.Bedroom 5: Two single beds, dresser, wardrobe, and air conditioning.Living Room: Two separate lounge areas, each with two couches and cozy chairs—perfect for relaxing or entertaining.Dining Area: Dining table with 6 chairs, ideal for family meals.Kitchen: Fully equipped with stove, oven, microwave, and two refrigerators.Bathrooms: 3 full bathrooms + 1 guest bathroom with modern fittings.Outdoor Space: Private swimming pool, large garden with outdoor seating.Perfect for families and groups!Guest accessGuests will have full access to the entire villa, including all bedrooms, bathrooms, living spaces, kitchen, dining area, private garden, and private pool. Within the compound, you can also enjoy the children’s play area and children’s pool. Parking is available on-site.Other things to noteRENTAL TERMS & CONDITIONSSecurity & DepositA fully refundable security deposit  is required at check-in.It will be refunded in full at check-out, provided no damage has occurred and all rules are respected.A valid ID or passport must be presented upon check-in. For every reservation, ID/passport photos for all guests must be submitted at least one day before arrival to issue entry permits.Property Use & ConductThe property is for residential use only.Guests must behave respectfully and not disturb neighbors or other residents.Noise must be kept low after 10:00 PM. Music or gatherings must not disturb the peace.Parties, large gatherings, and events are strictly prohibited without prior approval.Entry of individuals not included in the booking is strictly prohibited. Visitors are not allowed.Only registered guests may stay overnight.For Arab guests (including when only one member of the couple is Arab):Unmarried couples are not allowed.Mixed groups and male-only groups are not allowed.Proof of relationship (e.g., official marriage certificate) may be requested.Care of PropertyCharges will apply for any damage to the villa/apartment or its contents, including:Furniture, furnishings, glassware, and kitchen utensils.Excessive soiling of towels, bed linens, or pool water.All lights and air-conditioning units must be turned off when leaving the villa/apartment. You may request the housekeeper to pre-cool the unit before your return.Children in the pool must always be supervised by a responsible adult. Under no circumstances may children be left unattended.Check-in & Check-outCheck-in: From 2:00 PM (Cairo Local Time).Check-out: By 12:00 PM (Cairo Local Time).Late check-out may be available for an additional fee, subject to availability.Housekeeping & FeesAn obligatory housekeeping fee is applied at check-in/check-out:Apartment: 1,000 EGP per stay.Villa: 1,500 EGP per stay.This is a mandatory cleaning fee, not an optional service.Guests may request daily housekeeping during their stay for an additional fee (upon request).Additional ServicesCar rental starts from 2000 LE / night (upon request).Maid fee starts from 500 LE / night (upon request)."
1504234528836825856,"A distinctive palace in the heart of the Royal City Compound in Sheikh Zayed next to Hyper One, providing you with a quiet living experience within a classy and private community. The spacious spaces include six comfortable bedrooms plus a nanny room with a private bathroom, a reception suitable for family gatherings and a kitchen equipped for daily accommodation needs. The private garden gives you a green space to relax, next to a swimming pool and an outdoor seating area perfect for having fun. The palace has a private entrance and garage, with 24-hour security and Wi-Fi for complete comfort."
1579451470491724032,This unique place has a style all its own.
1048361463194323584,A hotel studio in a very special location in the center of 6th of October in Z Mall Arabia Towers and all services are available near you
980949884076025088,"Relaxing studio with private garden in the center of madinaty near everything restaurant,grocery,pharmacy and bus if you want"
1613302774809465856,Have fun with the whole family at this stylish place• ⁠Prime location (group 8)• ⁠BUA:600m• ⁠Modern designs• ⁠Italian luxury brushes• ⁠3 Luxury bedrooms • ⁠3 luxury bathrooms• ⁠large swimming pool with Jacuzzi• ⁠Bar in the Garden • ⁠With Italian pizza oven• ⁠Indoor and outdoor sound system• ⁠9 meter cinema screen in the garden• ⁠private garage• ⁠Fast Wi-Fi• ⁠Fully Automation
1176993323789019648,"Your family will be close to everything when you stay at this centrally-located place.into the heart of sheikh zayed inside zayed highest compound with security on gates. direct to Tourism road -waslet dahshor- all services and malls besides you.The spaceit's a duplex inside a compound ""zayed hights"" in the heart of sheikh zayed, direct to waslet dahshour, besides ARKAN mall and capital business park.Guest accesswhole duplex expect one room it used as a store"
1606001718595835648,"Wake up to stunning Nile views in this elegant apartment on Aziz Abaza Street, Zamalek. Located in Cairo’s most prestigious neighborhood, you are steps away from top cafes, art galleries, and boutiques. The space combines historic charm with modern comfort, offering a serene retreat from the city buzz. Watch the sunset over the river and enjoy the cool Nile breeze. Perfect for travelers seeking luxury and convenience in the heart of Cairo. A truly unforgettable local experience."
1042267008410146048,"Welcome to my lovely apartment.it's perfect for families or groups of friends traveling together.The apartment is equipped with air conditioning to keep you cool and comfortable during hot summer days.- ﻿﻿According to Egyptian Tourism Law ONLY ARAB/ EGYPTIANS must show a marriage certificate.- ﻿﻿Only the guests who booked are allowed to sleep in the apartment.- ﻿﻿Passport copy is requiredThe space2 fantastic bedrooms with extra sheets, Towels and  heavy blankets for cold days.All of 2bedrooms and reception have windows 🪟 on the street. The apartment has a healthy atmosphere because the air inside it is constantly changing.Other things to note- According to the Egyptian Tourism Law, only Egyptians and Arabs must show the marriage certificate.- Only guests who have booked the apartment are allowed to sleep in the apartment - Visits are strictly forbidden Passport photos are required before entering the apartment - According to Egyptian Tourism Law, ONLY ARAB/EGYPTIANS must show a marriage certificate.- Only the guests who booked are allowed to sleep in the apartment. - Passport copy is required before check-in"
1446453285013975296,Relax in this unique and quiet place.The most luxurious hotel studio directly on the Nile. Quiet and comfortable.Everything is integrated.
1360361550986322432,"The villa has air conditioning and a balcony. This villa offers a private pool, garden, barbecue facilities, free Wi-Fi, and free private parking.The villa has 6 bedrooms, a living room, a flat-screen TV with satellite channels, an equipped kitchen, 7 bathrooms with bidet and shower, a terrace and city views. Towels and bed linen are available in the villa.Guests can enjoy the indoor pool.The villa is 23 km away from the pyramids of Giza. Sphinx International Airport is 25 km from the accommodation."
1403352409719548672,"Iconic 3BR with stunning panoramic views of the Nile, Zamalek Island, Nile boats & Gezira Club. Steps from Tahrir Square & Egyptian Museum. Stylish space with 3 bedrooms, 2 baths, full kitchen, dining for 6 & spacious living room with direct Nile views. Surrounded by top 5-star hotels: Ramses Hilton, Ritz-Carlton & St. Regis. Natural indoor trees & cozy, airy vibes. AC (hot/could), Wi-Fi & smart TV. Luxury, comfort & location in one perfect stay!A true Cairo gem!The space🎉Stylish 3-Bedroom Apartment with Breathtaking Nile & Zamalek Views🎉✔ Wake up to one of the most iconic views in Cairo stretching across the legendary Nile River, Zamalek Island, and the lush Gezira Sporting Club. 🚿  This elegant 3-bedroom apartment combines luxury, comfort, and unbeatable location in the heart of the city.🏡 Whether you’re relaxing in the spacious living room, dining with friends as the sun sets over the water, or enjoying a peaceful night’s sleep, this space is designed to offer a serene and memorable experience.✔ 3 comfortable bedrooms (sleeps up to 6)✔ 🌆Full Nile and Zamalek island views✔ 🛋 Bright open living and dining areas with large windows✔🍳 Fully equipped kitchen✔🛏2 modern bathrooms✔🏢 Stylish decor with warm, natural touches✔✨ A secure building with two elevatorsSteps from Tahrir Square, the Egyptian Museum, and surrounded by top hotels and restaurants this apartment offers the perfect mix of convenience, luxury, and iconic scenery.✅  Ideal for families, business travelers, or friends seeking a unique Cairo stay with a view to remember.Guest accessYou will have the whole space to yourself nothing is being shared nothing is off limits.Other things to noteAll Kind of transportation are available also you can download London Cap or Uber app to order a car to your door! always available and cheap.🏜️🐫 Attractions to Visit:📍 Egyptian Museum – Just a 5 -minute walk, showcasing ancient artifacts and treasures.📍 Tahrir Square – The heart of Cairo's history and culture.📍 The apatment overlooking Mamsha Ahl Masr – A scenic promenade along the Nile, perfect for evening strolls.📍 Cairo Opera House – Experience world-class performances and cultural events.📍 Khan El Khalili Bazaar – A vibrant marketplace for souvenirs, spices, and handcrafted treasures.🌟 Book your stay today and experience Cairo in style! 🌟Secure your dates now and make unforgettable memories in one of Cairo’s most sought-after locations!"
1416404953594448128,"Experience stunning Nile views from this elegant 4-bedroom waterfront apartment in the heart of vibrant Cairo. This refined retreat comfortably fits groups and families, offering panoramic river scenery from its floor-to-ceiling windows.Its prime location is moments from iconic landmarks and luxury hotels, providing the perfect base for exploring the city. Enjoy modern comforts and a dedicated dining area in this unique urban oasis.The spaceStep into a bright, refined interior that blends modern aesthetics with ultimate comfort. The open-plan living space features floor-to-ceiling windows, allowing you to relax on contemporary sofas while taking in panoramic views of the Nile River. A dedicated dining area, also overlooking the water, is ideal for sharing meals and creating memories.This apartment is thoughtfully appointed to ensure a seamless stay:  • Bedrooms: Four spacious bedrooms await, furnished with comfortable beds and fresh linens. Two of the bedrooms feature direct Nile views, perfect for waking up to peaceful mornings and enjoying stunning sunsets.• Bathrooms: You'll have access to two full, modern bathrooms, one of which includes a luxurious walk-in rain shower.• Kitchen: The sleek, fully equipped kitchen has all the essentials needed for cooking and dining at home, featuring modern appliances and ample counter space.• Key Amenities: Enjoy complimentary high-speed Wi-Fi, full air conditioning, an in-unit washing machine, and a TV for your entertainment.Guest accessYou will have private and exclusive access to the entire apartment during your stay.Other things to noteWe look forward to hosting you for an unforgettable stay on the Nile! Please feel free to reach out with any questions you may have before or during your visit."
1583383730365544960,"Welcome to Casa Royal. Your serene home in the heart of Zamalek. This Art Deco–inspired home opens onto a huge terrace where the Nile and city skyline feel close enough to touch. Inside, three serene bedrooms with Egyptian-cotton sheets and memory-foam mattresses invite deep, unbroken rest every night. The sunlit living room, with its 55” smart TV and wide windows, gathers everyone around a view that feels like a living painting, quiet yet full of energy and soft golden light, day and night.The spaceThis Zamalek apartment is built around its huge terrace, where you can sit so close to the beautiful Nile river and watch boats and city lights drift slowly by in the breeze. Inside are three calm bedrooms with Egyptian-cotton bedding and memory-foam mattresses that gently hold you as you sleep and wake each day. The living room has a 55” smart TV, Art Deco touches and a wide, open view, so even the quietest nights at home feel warm, cinematic and peacefully bright."
1530283528076762880,"Welcome to Concord Gardens Villa, a serene escape blending modern elegance with refined comfort.This spacious 6-bedroom villa offers the perfect setting for families, friends, or business travelers seeking an upscale stay in the heart of New Cairo.Located in Concord Gardens Compound, guests enjoy a secure and quiet environment, only minutes away from major attractions, restaurants, and shopping destinations in New Cairo."
1150577455375633792,"Enjoy a luxurious stay in this spacious, fully furnished apartment located in Wessal Views Compound, minutes away from Madinaty and New Cairo. Brand-new furniture, modern finishing, and an open layout that makes it ideal for families,  and guests seeking comfort and space.Apartment Features	•	Spacious layout	•	Coffee machine included	•	Spacious living with Smart TV	•	High-speed WiFi	•	Prime location: 10 minutes from Madinaty, 15 min to Cairo Airport and 15 min to  New Cairo"
1577988958474149120,"Discover refined luxury in this exquisite 5-bedroom palace located in Sheikh Zayed’s prestigious Green Revolution. The villa features 5 spacious master bedrooms, 7 elegant bathrooms, and beautifully designed interiors with high-end finishes. Enjoy complete privacy with a private swimming pool and a large lush garden, ideal for relaxation and entertaining. One of the finest luxury palaces in Sheikh Zayed, perfect for families, special gatherings, or an unforgettable premium stay.The spaceProperty Type: Luxury VillaBedrooms: 5 (All with ensuite bathrooms)Bathrooms: 7 (5 ensuite + 2 guest)Size: 1800 square metersSpecial Features: Private swimming pool, expansive garden, outdoor majlis seating area, Private Outdoors Seating.We've curated every detail to create an extraordinary experience, from the custom designer furniture and premium finishes to the resort-style pool and lush landscaped gardens that transform this property into your private sanctuary.Alsawah Palace is situated in Revolution Heights, one of the area's most exclusive gated communities known for its spacious estates and impeccable security.Guest access“Enjoy full privacy with exclusive access to the entire residence.”"
1338161607315089664,"Welcome to your luxurious Nile-front retreat, located in the heart of Cairo! This elegantly designed and furnished apartment offers breathtaking full Nile views.The apartment is in a prime location, directly across from People Of Egypt Walkway ** ممشى أهل مصر**, Cairo's vibrant riverside walkway. You’ll also find yourself next to the prestigious Fairmont Nile City Hotel and within walking distance of iconic landmarks like the St. Regis Hotel and Conrad Cairo Hotel.The spaceSpacious and comfortable 4-bedroom apartment (1 master bedroom and 3 additional rooms) featuring 2 main bathrooms, 1 guest bathroom, and a separate utility room bathroom, fully equipped with all the amenities you need.The apartment offers generous living space with high-end, luxurious furnishings throughout. The bright living and dining areas flow into a uniquely designed open kitchen, all set alongside beautiful views of the Nile River.Guest accessEntire Apartment"
1584197650302710016,"Available for rent, the most luxurious palaces of Sheikh Zayed Palace Royal Palace - 5 hotel master bedrooms- 3 outdoor baths - 4 pcs hotel brushes- Lesser Pool- Private Garage Private Entrance - Garden sitting on the pool- ² Fully air-conditioned palace with WiFi - Sheikh Zayed The Green Revolution"
1471185594805842432,"Located in Zamalek,  the newly renovated flat boasts unforgettable views of the Nile, 3 bedrooms / 3 bathrooms and is adorned w/ elegant furniture and décor. It features a formal living room and dining room and a more casual sitting room (with games, foosball, and a TV). The flat is 210 sqm (2,300 sqft) and has a home office, a laundry room (w/ W & D) and a modern chef’s kitchen. Ideal for a family or shared with friends, the flat comfortably sleeps 6 guests.The spaceWelcome to the luxury flat in Zamalek, one of Cairo’s finest neighborhoods. The historic district of Zamalek occupies an island in the middle of the Nile. The entire flat is available for short-term and long-term rental. The freshly-renovated flat is the perfect retreat away from the hustle and bustle of Cairo, w/ Zamalek brimming with trendy restaurants/bars/coffee houses, chic art galleries, antique stores and stylish boutiques. Many embassies call this neighborhood home.Tastefully appointed, the breathtaking view of the Nile is only one of the reasons to make this flat your home during your stay in Cairo.   3 bedrooms and 3 bathrooms:-- Ensuite primary / master bedroom with a private bath offers lots of space, and a “king”-size bed with 300-thread     count Egyptian cotton bedding. -- 2 additional bedrooms,  with 2 beds in each room, are perfect for children or to share with friends-- Shared balcony -- Each bedroom has spacious armoire closets.3 bathrooms:-- Bathtub and a toddler commode = modern-day conveniences for guests with young children-- Bathrooms are fully stocked with fresh “loufa”, and locally-sourced shampoo / conditioner and body wash.Fully-equipped modern, European-style kitchen with:-- Gas stove and oven for cooking (and a separate electric oven for baking)-- Built-in refrigerator, microwave and dishwasher-- Filtered water for your health and safetyDining room can accommodate 6 comfortably, perfect for entertaining or family meals.Bar / counter can accommodate 3 or 4 more for breakfast, lunch or dinner.  Two separate sitting areas:--The more formal sitting area is luxuriously furnished with designer-selected pieces and a breathtaking view of the Nile.  --The casual sitting area (with the same views) is adjacent to a separate kids’ entertainment area (television, board games, a Real Madrid FCB-themed foosball table, books, magnetic darts and other activities to keep your younger guests entertained.Dedicated workspace with a Brother printer/scanner/copier, making it convenient to work from “home” or check in with the office while on vacation.  Reliable Wi-Fi will keep you connected throughout the apartment. Laundry room with new washer and dryer+eco / environmental, hypoallergenic detergent+clothes line,+iron / tableConvenient for those traveling for days or weeks. Equipped with 8 separate carrier AC units for individualized cooling, essential for hot, humid summers in Egypt.  (Alternatively, these can be used for individualized heating in the winter, as well.)  Fire extinguisher + smoke detector + carbon-monoxide detector =  safetyThis home is located in a secure, doorman-serviced residential building, one street off the Nile River. For those of you brave enough to drive in Cairo, parking is available on-site with a valet / parking attendant. A small elevator is also available for your convenience.Zamalek is a very walkable neighborhood! --The Khalil Museum (private collection of impressionist and modern art housed in a historic villa) is not too far away.--The Marriott and Harry’s Bar is about a 15-minute walk, and the underground (subway) is less than a 10-minute walk from the apartment, providing greater access to the rest of Cairo.BY CAR--Cairo Int’l Airport is less than 1 hour away.--Ramses (main) train station is about 20 minutes away.--Coptic (Old Cairo) is about 45 minutes away and historic Coptic monasteries are about 2 hours away.--Mohammed Ali mosque is about 45 minutes away.Guest accessThe apartment is available to the guests in its entirety.  The host's representative will greet guests upon arrival.  Located in a secure, doorman-serviced residential building, one street off the Nile River.   For those of you brave enough to drive in Cairo, parking is available on-site with a valet / parking attendant. A small elevator is also available for your convenience.Other things to noteThe nightly rate increases due to the required 14% Egyptian VAT.A passport for each guest is required before check-in."
1231653058739693568,"Experience the epitome of luxury with breathtaking, full Nile views in the heart of Egypt! This chic luxury apartment offers stunning vistas of the iconic river while being conveniently located near renowned attractions like the Pyramids, the Sphinx, and the Egyptian Museum as well as surrounded by prestigious hotels such as the Four Seasons. The apartment’s contemporary interior design offers a serene and stylish ambiance, perfect for a relaxing and comfortable stay.The spaceComfortable 3 Bedrooms (1 Master Bedroom and 2 Rooms) with 2 main bathrooms and 1 guest bathroom with all the amenities you need included.The apartment has all high-end luxurious furniture with the living room and dining fully by the beautiful Nile River.Guest accessEntire Apartment"
1606000121406098944,"Bayt Abbas is a peaceful boutique stay inspired by the warmth of an Egyptian home. It’s designed for travelers who value calm vibes, authenticity, and meaningful experiences over hotel-style stays. With three thoughtfully designed bedrooms and inviting shared areas, the space encourages guests to slow down and enjoy a more human, local experience close to Cairo’s iconic landmarks.The spaceThe property includes three comfortable bedrooms, each designed with character and attention to detail, along with shared outdoor and communal spaces that reflect the calm and homey spirit of Bayt Abbas. Every corner is created to feel welcoming, relaxed, and connected to the surrounding environment.Guest accessGuests have access to their private bedrooms and all shared areas within Bayt Abbas, including the decks, dine & chill area, rooftop, pool, and jacuzzi. Shared areas may also be used by the on-site caretaker and Bayt Abbas staff as part of daily operations, while always respecting guests’ privacy.Other things to noteBayt Abbas is a boutique accommodation, not a hotel, and is designed to be calm and peaceful. Shared spaces are intended for respectful, quiet use. The property is ideal for couples, families, and travelers looking for an authentic and relaxed local experience.To our Egyptian and Arab brothers and sisters:To ensure compliance with the house rules and local regulations of the Ministry of Interior, mixed-gender accommodation and visits are permitted only for married couples or first-degree relatives.Therefore, prior to your arrival, please provide us with an official document proving your family relationship or marriage.If the required document is not provided or if the booking details do not comply with these terms, we may, unfortunately, be forced to cancel the booking before or upon arrival and vacate the unit immediately without any refund, and we will notify the relevant authorities in accordance with the applicable regulations.We appreciate your understanding and cooperation, and we look forward to hosting you and providing you with a comfortable stay."
1308904711746092032,"Just 15  minute walk from the entrance of the majestic pyramids Gate  , this unit is located in a newly built building, nestled in an authentic local neighborhood that breathes the life and authenticity of Cairo, while ensuring a safe experience.. In this authentic corner, the nearby streets retain their traditional charm, even if they have not yet been paved. You can find horses and camels on the street .The spaceJust 15 minuets  walk from the entrance of the majestic Gate of the Pyramids, this unit is located in a newly built building, nestled in an authentic local neighborhood that breathes the life and authenticity of Cairo, while ensuring a safe experience.. In this authentic corner, the nearby streets retain their traditional charm, even if they have not yet been paved. You can find horses and camels on the streetGuest accessGuest access all the listingOther things to noteAdditional rules1/ please note that outside visitors are not allowed.only guests that are included in reservation and have submitted their proof of ID will be allowed access to the property.*Unauthorized Guests Fine 400$2/ Early check in / Late checkout is subject to availability Regular check-in time is 2:00 PM - 2:00 AM (next day).Once booked, let us know if you require an early check-in ,,,on the day of arrival.*Early or late luggage drop off is 25$*Early check in $80*Late check out at 1 pm 40$ and at additional cost of  30$  extra per night for more 2 guests.3/ Any missing or damaged items (i.e., towels, utensils, keys, furniture items, etc.) will be considered as a security breach and included in your bill before your departure (100$ Damage deposit)(Guests are expected to leave the house in similar condition as they find it) wipe up spills, wash all dishes, AC/ heat, fans & lights off and premises locked.Enjoy your stay apartment comes with an open plan fully equipped kitchenette, a full bathroom, a small living room and 3 bedrooms It also features two 50 inch smart TVs with Airplay (in each room) Wash Machine , a Nespresso machine, kettle and a microwave, - There is 1 full bathroom, kitchenette and two bedrooms.- Fresh, laundered hotel-grade pure Egyptian cotton linen, along with face &     body crisp clean towels are provided.- A small dining table.- Wifi, and Smart TV are also available and free of charge.- Nespresso machine.- 2 complimentary bottles of water & 2 coffee capsules.Guest accessThis is a 3 bedrooms apartment and guests can have access to all of its features.Other things to notePlease note that outside visitors are not allowed. Only guests that are included in a reservation and have submitted their proof of identity will be allowed access to the property.Please note that smoking is not allowed inside the apartment. A fine of $100 may be imposed in case of smoking indoors.ADDITIONAL CLEANING:-If you require cleaning during your stay or linen and towel changes, this can be provided at an extra cost. Please contact us to book the service and request quotes.Enjoy your stay.Guest accessGuest access all the listing"
1482831691532989696,"Premium serviced hotel apartment at the 4 Seasons hotel with unique direct view of the Nile river. Unit number 15-30Full Nile view2bedroom3bathroom 15th floor- Free access to the Pool- Free access to the Gym- Access to all the hotel facilities (some services might require separate fees)Other things to noteImportant notes :• 24 hours prior notice for all Rent requests.•⁠ ⁠Housekeeping fees are required to be paid upon arrival in cash, 120USD. •⁠ ⁠Hotel parking slots are by request with extra fees. •⁠ Security insurance is a must, equivalent to one night rent to be paid in cash upon arrival and retuned after checkup at checkout. •⁠ ⁠For Arab passport holders, couples, must submit an official marriage certificate. Visitors of the opposite sex are not allowed unless they're first degree relatives.•⁠  Groups of only males are not allowed•⁠  ⁠Pets are not allowed•⁠  ⁠Mix Groups are not allowed•⁠  ⁠couples, fiancée are not allowed"
1328533267625737728,"This is apartment 8 from our 13 units complex, in which all units have access to a shared rooftop that Has a outdoor jacuzzi , outdoor swing and picnic table .Newly renovated green house located in a very prime and quiet location in zamalek a very strategic location for guests that are interested in visiting some of Cairo’s most attractions, The apartment is Equipped with all necessary luxury electronics and magical view overlooking a garden and a pool."
990819819239551232,
1140397074391194496,"Private and exclusive unique one bedroom apartment facing the Grand Pyramids.The spaceAmigos Amarena is a 50 Sqm.  of pure luxury one bedroom apartment with a fabulous design, Breath taking view of the Grand Pyramids. Hand crafted wood furniture and the latest appliances that will make you feel at home.a 10 Sqm. balcony that will make you feel you have visited the Pyramids without leaving you place.A large Jacuzzi with bubbles that will tickle you while sipping wine.Built-in King size bed and an additional 180 cm sofa bed if you need to have an extra guest. State of the art bathroom and a full kitchen if you fancy home cooking.We are situated in Hadayek Al-Ahram (Pyramids Garden) a buzzing and peaceful area with security gates filled with restaurants, coffee shops, supermarkets and pharmacies.We will to provide you with a memorable lifetime experience filled with excitement, Tranquility and Comfort.Join us and leave the rest to us.Experience ultimate relaxation and intimacy at our accommodation, where every detail is designed to enhance your stay.✔️ Amarena’s  design offers: ~ Queen size bed by 180 cmx200 cm and concrete nature wood wardrobe~ Clean sheets and blanket~ Smart TV~ A/C- Wi-Fi high speed- outdoor table and 2 outdoor chair✔️ Fully equipped kitchenette~ Microwave~ Cooktop~ Mini fridge~ All the essential kitchen utensils provided✔️ Amenities~ JacuzziGuest accessThe entire apartment is private and exclusive to the situated guests only.Other things to noteCopies of Passports of IDs are required for all guests. As only registered guest is allowed"
548357234359742528,"Unwind in this fairytale tiny house in a lush Maadi garden, a walkable Cairo neighborhood known for its safety, greenery, and great places to eat. Sustainably built and styled with antique and vintage furniture and decor, this romantic studio includes a bedroom with a kitchenette and a bathroom, as well as an office space accessible from the garden. The magical shared garden features lounging & dining areas, a hammock, an outdoor kitchen with a pizza oven, and a fountain to set the mood.The spaceThe little jewelry box of a studio sleeps 2 people, and includes a comfortable double bed, a tv hidden away behind a repurposed handcarved screen, and an elegant antique Syrian mother-of-pearl dresser. A small, but well-equipped kitchenette with an under-counter mini fridge, microwave, portable stovetop, appliances, and cooking/dining accessories serve your basic cooking needs, and a comfortable bathroom with an antique marble sink and double walk-in shower is a bliss after a long day exploring the busy capital. A cozy and bright private office space with a desk and comfortable love seat for reading breaks can be accessed from the garden. The patio boasts an outdoor kitchen with a wood-fired pizza oven (which with some preparation, cooks perfect pizzas in less than 90 seconds), a barbeque, and potted herbs for your seasoning needs, as well as covered seating for cozy open-air breakfast or dinners. A lounging area, perfect for coffee/tea and conversations can be found at the other end of the garden's lawn, as is a hammock. Adding to the ambience is a beautiful fountain made from reclaimed materials, that doubles as a shallow dipping pool for those hot summer days.Behind beautifully carved reclaimed doors, in a separate tiny building down the limestone path, you’ll find a laundry room and an extra restroom.Guest accessThe Garden StudioOther things to noteWe value the biodiversity and local ecosystem of our urban garden that consist of bats, songbirds, lizards, praying mantises, dragonflies, and more, and we will never use chemical spray or pesticides outside or inside.Therefore, despite our best efforts, a stray bug, spider, or other garden creature may occasionally wander inside, especially if the door to the room is left open.Reservations of this property through Airbnb are for regular stays only, and excludes commercial or event usage. Please read the house rules for more information.Please note that this property is listed under the TINY HOME specialty category on Airbnb. This is NOT a full-size apartment, but rather a studio with an adjacent workspace room, all in a mini cottage of approximately 20 square meters, lovingly built with antique and reclaimed panels and materials."
1211517904705642240,"This elegant home is perfect for group trips. Suitable for children. It has a swimming pool. There is a cinema in the residence with a sauna, a gym, and a home cinema. It contains 6 rooms, 3 bathrooms, and a garage that can accommodate 2 cars. Hotel furniture, all amenities"
1386837152554091776,"The Khan of the Pyramids, one-of-a-kind retreat where handcrafted design meets ancient wonder. This serene apt is nestled in El Haram and offers a direct view of the Pyramids from your bed or Hot tubEvery corner is filled with earthy textures, curated pieces, and natural light — designed for slow living, restful nights, and magical mornings with a view that’s truly unforgettable.Whether you’re a couple, solo traveler, or creative soul seeking inspiration, this Khan is your haven in Giza..The space🏡 Your Property:This full apartment unit includes:-3 cozy bedroom with natural rattan furniture and luxury linens-lounge/living area with sculptural chairs and a rattan circle seat facing the pyramids- fully equipped kitchenette with dinnerware, coffee machine & stylish lighting- warm dining area with handcrafted seating and soft ambient tones-1 spa-like bathtub with a rare panoramic view of the Giza Pyramids*Multiple sitting and reading corners designed to unwind and connect with the spaceEvery room is decorated with handmade touches, calming tones, and cultural references that echo the soul of the desert.i addition to a pharonic vibe beginning from the corridor :)Guest access🚪 Guest Access:You’ll have the entire apartment to yourself — private entrance, full privacy.The space is located in a secured building with elevator access.All areas you see in the photos are yours to enjoy.Other things to note📌 Other Details to Note:Pyramid view is real and exactly as shownLocation is in El Haram, 5 minutes by car from the Giza Plateau main entranceRestaurants, supermarkets, and cafes are within walking distanceAirport pickup and local driver service available upon requestNo parties or events — this space is meant for peace and beauty"
1384852378701047296,"Ideal for small families or business travelers, our one-bedroom apartments combine elegance and functionality. With spacious layouts, high-end finishes, and private balconies overlooking Southern Zamalek, these units offer a cozy retreat. A modern kitchen, luxurious bathroom, and smart design ensure a seamless living experience tailored to your needs."
682690250626597888,"Relax with the whole family at this peaceful place.Enjoy the private pool & the spacious garden,warm and sunny all year long. This chic cozy place has a masterbedroom with a king size bed & Egyptian cotton sheets, private bathroom, shower and Jacuzzi. The living area has 2 sofas ( good for 2 kids;extra bed can be added for adults)a kitchenette with a mini fridge & a microwave, and a second full bathroom.The space1 master bedroom with king size bed and a full bathroom with jaccuzzi + 1 living room with kitchenette and bathroom+ spacious outdoor area with a 14m pool and garden.Other things to noteI will be happy to help you out make the best out of your stay as i am available for all questions- trip advising is my thing:)) Moreover, the villa is a great place to hold events. Please send us for price details regarding events of 25+ persons."
1005550448699835904,"A royal palace on an area of 3000 meters, including 1400 meters of buildings on a main street in Moonland Compound with 1 entrance in front of Hyper One Its specifications are as follows:  Internal division: 3 floors:First floor: reception, room, kitchen and two bathrooms.Second floor: five rooms with bathrooms, including a very large master room that can be separated into two rooms. Complete heating system - Natural gas: connected to all the villa even the garden bar.- Swimming pool: Equipped with American equipment and gas heater to heat the water and each motor has a spare.Make some memories in this unique, family-friendly home."
1386837091935393536,"The Khan of the Pyramids, one-of-a-kind retreat where handcrafted design meets ancient wonder. This serene apt is nestled in El Haram and offers a direct view of the Pyramids from your bed or Hot tubEvery corner is filled with earthy textures, curated pieces, and natural light — designed for slow living, restful nights, and magical mornings with a view that’s truly unforgettable.Whether you’re a couple, solo traveler, or creative soul seeking inspiration, this Khan is your haven in Giza.The space🏡 Your Property:This full apartment unit includes:-6 cozy bedroom with natural rattan furniture and luxury linens-3 lounge/living area with sculptural chairs and a rattan circle seat facing the pyramids-3 fully equipped kitchenettes with dinnerware, coffee machine & stylish lighting-3 warm dining areas with handcrafted seating and soft ambient tones-4 spa-like bathtubs with a rare panoramic view of the Giza Pyramids*Multiple sitting and reading corners designed to unwind and connect with the spaceEvery room is decorated with handmade touches, calming tones, and cultural references that echo the soul of the desert.i addition to a pharonic vibe beginning from the corridor :)Guest access🚪 Guest Access:You’ll have the entire apartment to yourself — private entrance, full privacy.The space is located in a secured building with elevator access.All areas you see in the photos are yours to enjoy.Other things to note📌 Other Details to Note:Pyramid view is real and exactly as shownLocation is in El Haram, 5 minutes by car from the Giza Plateau main entranceRestaurants, supermarkets, and cafes are within walking distanceAirport pickup and local driver service available upon requestNo parties or events — this space is meant for peace and beauty"
1197914284641397248,"Experience the enchantment of our Sunlit Loft. A delightful oasis nestled in the bustling heart of Zamalek Island. Adorned with a Chic flair, this inviting abode offers a stylish living room equipped with a 65-inch curved smart TV. Retreat to two cozy bedrooms adorned with memory foam mattresses and luxurious Egyptian cotton linens, ensuring a restful stay. With one full bathroom for added convenience, unwind in comfort and embrace the charming views of Zamalek from the gorgeous terrace."
741879738876441984,"A  unique apartment in the heart of Zamalek, the safest and most central area in Cairo. The place has fascinating panoramic views of the Nile as it is located at the highest point in Zamalek and the downtown area.The spaceA Sunny, spacious apartment with panoramic windows to view the whole city from any of the two living rooms. The two very comfortable bedrooms are furnished with memory foam mattresses, hotel-grade pillows, and Egyptian cotton beddings you are guaranteed a good night's rest. A 55 inches smart Samsung TV, comfortable furniture, and air conditioners in every area, the kitchen is well equipped with a microwave, kettle, pans, pots and all the tools you will need for cooking. A Safe modern apartment building with friendly and helpful security."
1592040413836682752,"Experience a once-in-a-lifetime stay at [ scarabaeus Suite With Jacuzzi ] Pyramids View, a private and stylish studio offering a direct, uninterrupted view of the Great Pyramids of Giza — right from your window, balcony, or even your private jacuzzi.The spaceis Suite is a luxurious serviced apartment thoughtfully designed to offer comfort, privacy, and a truly unforgettable stay.The suite features a direct, breathtaking view of the Great Pyramids of Giza, combining modern elegance with one of the world’s most iconic landmarks.The apartment includes:	•	A comfortable bedroom with a large bed	•	A stylish living area with panoramic pyramid views	•	A private jacuzzi for ultimate relaxation	•	A well-equipped kitchenette with essential amenities	•	A modern, clean bathroomPerfect for couples, honeymooners, and travelers seeking a unique and exclusive experience.Guest accessGuests will have full and private access to:	•	The entire apartment	•	The private jacuzzi	•	All in-unit amenitiesThere are no shared indoor spaces. Complete privacy is guaranteed throughout your stay.Other things to notePlease respect quiet hours, especially at night	•	Parties and loud gatherings are not allowed	•	Smoking is allowed only in designated areas	•	Kindly follow the jacuzzi usage instructions to ensure safety and comfortOur goal is to provide a peaceful, safe, and memorable stay for all guests."
1538568289441979904,"Experience modern boho luxury in this brand-new (Oct 2025) apartment located in the prestigious West Golf Extension, New Cairo — just minutes from 5A Walkway, Cairo Festival Mall, and Katameya’s vibrant spots. Enjoy presidential master bedroom, 4 Smart TVs, concealed A/C, electric shutters, and all-new appliances in a bright, elegant space. Perfect for guests seeking comfort, style, and an upscale Cairo experience."
1521920347791839232,"Take a break and unwind at this peaceful oasis Cozy 2-Bedroom Apartment in MadinatyModern 80 sqm apartment featuring 2 bedrooms, 1 bathroom, and an open American kitchen.Equipped with air conditioners and external shutters on all aluminum windows for extra privacy, safety, and comfort.Located in a quiet, elegant area, clean, bright, and ready to move in!Guest accessit's available for families and foreigners"
1086034169094747520,"This stunning designer 2 bedroom apartment enjoys view of the from the Giza Pyramids along with great bathtubsPlease note that this unit is located in a local & safe modest neighborhood. Guests staying should expect that the surrounding areas to the building are not of high standards. Occasionally, there may be short area-wide power or water outages. These are rare and usually resolved quicklyPlease note that Arab and Egyptian citizens are required to submit proof of marriage before check inThe spaceThis fascinating 2 bedroom apartment is located in Giza's district which the closest to the Giza Pyramids. 

The apartment comes with an open plan fully equipped kitchenette, a full bathroom, a small living room and 2 bedrooms each with a queen size bed and an amazing bathtub. 

It also features two 50 inch smart TVs with Airplay (in each room), a Nespresso machine, kettle and a microwave, views of two of the biggest Giza Pyramids! The apartment is great for couples & small families. 


At Xuru Stays, we’re committed to providing our guests the magical hospitality they deserve.

- There is 1 full bathroom, kitchenette and two bedrooms.
- Fresh, laundered hotel-grade pure Egyptian cotton linen, along with face & body crisp clean towels are provided.
- A small dining table. 
- Wifi, and Smart TV are also available and free of charge.
- Nespresso machine.
- 2 complimentary bottles of water & 2 coffee capsules.Guest access✔️Guests will have full private access to the Apartment and all of its amenities during their stay.✔️For larger groups or multiple bookings, feel free to contact us — we may have additional units available in the same building or nearby.Other things to note⚠️ Electricity or water outages may occasionally occur due to infrastructure maintenance in the area. While this is beyond our control, we’ll do our best to assist you if it affects your stay.✔️We kindly ask that you treat the space with care and leave it tidy at check-out."
1631384019096963328,
1367296864393571584,"Welcome to Your Dream Escape in Zamalek!**Step into your personal paradise at our newly renovated apartment on Abul Feda Street, where modern comfort meets the enchanting charm of Old Cairo.The spaceAs you enter this tranquil retreat, you’ll be greeted by panoramic views of the majestic Nile River from the master bedroom. Picture yourself waking up to the soft glow of the sunrise, casting a golden hue across the water, or unwinding at sunset as the sky blushes with vibrant colors, all from the serenity of your bed.The apartment features a cozy window seating area with stunning views of the Nile and the bustling streets of Cairo. Imagine sipping your morning coffee or curling up with a good book as you gaze out at the ever-changing tapestry of life along the river. This serene nook invites you to relax and soak in the beauty of your surroundings.Every corner of our apartment has been thoughtfully designed with modern furnishings and a cozy atmosphere, ensuring a peaceful and enjoyable stay. You’ll find everything you need at your fingertips, whether you're here for a leisurely getaway or a crucial business trip. Zamalek is teeming with life, and you’ll have easy access to shopping, local markets, and a plethora of dining options that celebrate the diverse flavors of Cairo’s culinary scene.Right in front of the apartment building, you'll discover convenient Nile boat and kayak rentals. Explore the scenic banks of the Nile while immersing yourself in the vibrant culture of the area. Whether you prefer a calming paddle on the water or a picturesque cruise, there's no better way to experience the heart of Cairo than from the river.But what truly sets us apart is our commitment to exceptional hospitality. Our dedicated team is passionate about providing personalized service, ensuring that your experience with us is seamless from the moment you make your reservation until the day you depart. We believe that every guest deserves a unique and memorable stay, and we're here to make that happen.Come and immerse yourself in the vibrant culture and warm spirit of Cairo. Whether you seek adventure or relaxation, your perfect home away from home awaits. We can’t wait to welcome you!Guest accessEntire SpaceOther things to noteCan't get enough of great views? You'll love our bedroom, with the Nile on one side and the streets of Cairo on the other✨To our Egyptian and Arab brothers and sisters:To ensure compliance with the building management's instructions and the local regulations of the Ministry of Interior, mixed-gender stays and visits are permitted only for married couples or first-degree relatives.Therefore, prior to your arrival, please provide us with an official document proving your family relationship or marriage.If the required document is not provided or if the booking details do not comply with these terms, we may, unfortunately, be forced to cancel the booking before or upon arrival and vacate the unit immediately without any refund, and we will notify the relevant authorities in accordance with the applicable regulations.We appreciate your understanding and cooperation, and we look forward to hosting you and providing you with a comfortable stay."
1266720263498449664,"Experience luxury living in this exquisite three-bedroom apartment, Each of the three rooms has a view of the pyramids and the new Egyptian Museum. Two of the three rooms have a Jacuzzi., creating a seamless blend of comfort and grandeur. Perfectly situated, this apartment is a true oasis for those seeking an extraordinary lifestyle.There is also a reception with a corner, a dining room, and a balcony overlooking the pyramids and the Grand Egyptian Museum.The spaceThe room has a jacuzzi and is about 30 meters longThere are also 2 bathrooms in the apartmentGuest accessThere is a large area in the apartment, which is 160 metersOther things to noteWe accept all nationalities. As for Arab nationalities, they must have a marriage contract authenticated by the court. Otherwise, we do not accept"
1645810248468090624,"Welcome to our stunning 3-bedroom Nile-view apartment, located on the 15th floor in one of Zamalek’s most prestigious streets.The building is home to diplomats and international residents, offering a high level of safety and privacy—perfect for families and groups. From the apartment, you’ll enjoy expansive views of Cairo’s skyline and the beautiful Nile River.The neighborhood is lively, filled with charming cafés, restaurants, and art studios, giving you the perfect blend of culture"
1498754373289779456,"Welcome to Your Chic Zamalek Retreat by the Dancing TreeNestled in the heart of Zamalek on historic Taha Hussein Street, this freshly refurbished apartment offers the perfect blend of comfort, design, and location. Thoughtfully renovated with a sleek contemporary touch, the space is furnished with unique pieces that make it stand out, while still feeling like a home away from home.The spaceyou’ll immediately feel it — the calm of Zamalek’s leafy charm blending with the elegance of a freshly refurbished home. The first thing you’ll notice is the sense of space and light. Each corner of the apartment was carefully designed during its recent renovation, combining sleek finishes with one-of-a-kind furniture pieces that make the apartment both modern and full of character.  The layout flows beautifully. Two large bedrooms offer comfort and privacy, with the master bedroom boasting its own en-suite bathroom. The living area was designed for lingering — a chic sofa that invites you to sink in, a piano waiting for a quiet melody, and a large screen TV for slow evenings. Just beside it, the stylish dining table sets the stage for lively meals, whether you’re cooking at home or bringing in local delicacies.  Morning light pours onto the terrace, where a majestic tree — lovingly called the “dancing tree” — stretches wide, creating a natural canopy of shade. It’s the perfect place to sip your coffee, read a book, or simply watch life in Zamalek flow by.  The heart of the home is the American kitchen: modern, fully loaded, and ready for anything from a quick cup of coffee to a dinner with friends. Every detail has been thought through to make your stay seamless and comfortable.  Step outside, and you’re immersed in Zamalek’s unique rhythm. Cafés, bakeries, and local eateries line the nearby streets. Art galleries, boutique shops, and cultural centers are just around the corner. The Nile Corniche is a stroll away for sunset walks, while supermarkets, pharmacies, and practical essentials are all within easy reach.  This apartment isn’t just a place to stay — it’s your stylish sanctuary in the heart of Cairo. Whether you’re here to explore, work, or unwind, you’ll find yourself returning each day to a home that feels both inspiring and comforting, always under the gentle shade of the dancing tree.Other things to noteStart your stay off right! We offer a premium airport transfer at a great value, along with handpicked local recommendations so you can enjoy your stay like a local from day one. We're always here to help✨To our Egyptian and Arab brothers and sisters:To ensure compliance with the house rules and local regulations of the Ministry of Interior, mixed-gender accommodation and visits are permitted only for married couples or first-degree relatives.Therefore, prior to your arrival, please provide us with an official document proving your family relationship or marriage.If the required document is not provided or if the booking details do not comply with these terms, we may, unfortunately, be forced to cancel the booking before or upon arrival and vacate the unit immediately without any refund, and we will notify the relevant authorities in accordance with the applicable regulations.We appreciate your understanding and cooperation, and we look forward to hosting you and providing you with a comfortable stay."
1016436443744428928,"You will love this place for its unique garden and pool with beautiful outdoor dining area. Also, the full service of Egyptian breakfast, housekeeping and optional dinner service offered by the domestic helper allows you to completely relax and enjoy. The drinks and food are delicious.The people who serve you are the exceptional feature because of their friendliness and helpful attitude with anything you need. Whatever you plan in Egypt, I am at your disposal for recommendations. Welcome 🤗"
955483694118034304,"Experience the extraordinary at our Glasshouse! With floor-to-ceiling windows, this modern marvel offers breathtaking views, seamless indoor-outdoor living, and a dedicated game area. Relax by the pool, and retreat to stylish bedrooms with ensuite bathrooms. Book now for a unique and unforgettable stay!"
1527397043296637696,"Penthouse on the 31st floor in Maadi Othman Towers, overlooking the Nile and Pyramids.Amenities• Private Balcony• Panoramic Nile & Pyramids views• Few steps to the Nile & 20 min to Downtown & Pyramids • Fully equipped designer kitchen(SMEG appliances)• Smart TVs fully set up with Netflix, YouTube.• Open Jacuzzi• Wi-Fi• 24/7 receptionist to assist guests• Ceaning service($30)• Pet-friendlyPerfect luxury Cairo experience.The spaceImagine Spending a Night In a Luxury Penthouse Overlooking All of Cairo. We Made It Available For You Anytime You Wish, Weather Its Spending a Night to Enjoy Our Amenities, Looking for an Escape Getaway in Cairo or Visiting From Anywhere. We Try Our Best to Make It As Convenient As it Can Get!Guest accessKeys are left with the receptionist who is available 24hrs to help you with your check in.Other things to noteWe’re around most of the time if you need anything, and we’re happy to help with whatever you might want. Just let us know in advance and we’ll take care of it."
1219831683203707136,"Enjoy with the whole family in this elegant home. Fully air-conditioned, Wi-Fi, gas, sea and eastern facade overlooking the Nile directly, elevator, all services are very close, wonderful view of the Nile. 3 large bedrooms, 3 bathrooms, 2 balconies, all rooms on the facade overlooking the main street, modern furniture"
21705643,"2 bedrooms can take 2 guests each with bathroom on its own, kitchen and living with dining tableNeighborhood has loads of coffee shops and restaurants at walking distance Very hip place in CairoThe spaceAll apartment is used for guest"
1384849964527495680,"Experience modern comfort in our chic studio apartments, perfect for solo travelers or couples. Located in the heart of Southern Zamalek, each unit features prime finishing, a fully equipped kitchen, and stylish furnishings. Enjoy stunning views, premium amenities, and easy access to Cairo’s finest attractions—all designed to make your stay unforgettable."
1503583342792354048,"Experience unmatched luxury in this extraordinary 450 sqm apartment at Silver Palm Compound, New Cairo.This expansive residence features three grand bedrooms, a nanny’s room, and a private balcony overlooking the pool, garden, and fountain. Designed with premium finishes, it offers a spacious living area, a full billiard table, and a large fully equipped kitchen. Perfectly located just steps from the compound’s vibrant strip mall (O1) with top restaurants, gyms, and all daily conveniences.The spaceKITCHENA spacious, fully enclosed kitchen designed for both daily use and entertaining. It is exceptionally large and fully equipped with every essential appliance and utensil, including an oven, full-sized refrigerator, microwave, toaster, kettle, dishwasher, and washing machine.. ensuring a complete and seamless cooking experience.⸻LIVING AREAAn expansive and stylish living area offering the perfect balance of comfort and entertainment. The space features a large, comfortable sofa, a 60-inch Smart TV, and a full billiard table, making it ideal for family gatherings or relaxation. The elegant marble flooring adds a refined touch throughout the home.⸻BEDROOMSThis luxurious apartment includes four bedrooms.. three main suites and a nanny’s room.. each with its own private bathroom for maximum privacy and comfort.• The first master bedroom features a king-size bed (180 × 200 cm) and a dedicated dressing area.• The second bedroom includes two single beds (120 × 200 cm each).• The third bedroom offers a king-size bed (180 × 200 cm).• The fourth is a nanny’s room with its own private bathroom.All rooms are elegantly designed with built-in wardrobes and fine finishes.⸻BATHROOMSThe apartment offers a total of five bathrooms.. four en-suite and one additional guest bathroom. Each bathroom features high-quality marble finishes, a modern walk-in shower, and premium amenities such as fresh towels, shampoo, and soap for a luxurious stay.⸻BALCONYA large balcony with elegant outdoor seating overlooking the swimming pool, lush gardens, and the central fountain.. perfect for morning coffee or relaxing evenings.⸻ADDITIONAL AMENITIESCentral air-conditioning, high-speed Wi-Fi, Netflix, and TOD access for live sports streaming are all included. Every corner of this 450 sqm residence reflects superior craftsmanship and luxury, designed to offer space, elegance, and comfort at the highest level.Guest accessAs a guest, you’ll enjoy full access to the compound’s premium facilities, designed for comfort, leisure, and convenience.You have access to a spacious pedestrian walkway that surrounds the fountain and beautifully landscaped gardens throughout the compound.Just a one-minute walk away lies O1 Mall, one of New Cairo’s most vibrant destinations, offering:A wide variety of restaurants and cafés, a central courtyard adorned with water features, trees, and flowers, a children’s play area, and a fully equipped gym (available for an additional fee of approximately USD 12 per person, valid for single use).You’ll also find a medical center, pharmacy, bank, post office, currency exchange, secure parking, and free Wi-Fi throughout the area.⸻Nearby AttractionsO1 Mall: 1 minuteGarden 8 Mall: 10 minutesDistrict 5 Mall: 15 minutesCairo Festival City Mall (CFC): 15 minutes5A Mall: 20 minutesCairo International Airport: 20 minutesDowntown Cairo: 45 minutesGrand Egyptian Museum: 45 minutesOther things to noteImportant note 🚨There may be some finishing work that could cause minor noise from Sunday to Wednesday, between 9:30 AM and 3:30 PM.Please note that this unit is located on the second floor.The neighboring units on the same floor are still under finishing.Once you have booked and received the confirmation email, to ensure a smooth check in we kindly ask you to provide a clear and complete photo of your passport is required. These procedures are specific to the compound in order to issue your entry permit.Thank you for your understanding.The cleaning fees mentioned in the price breakdown cover only the check out cleaning. For any additional in-stay cleaning, please reach out to us for prices and bookings.Additional ServicesAn extra folding bed can be provided upon request; however, it is not the same as the main bed and may offer less comfort.A baby crib, a child’s long chair, and additional towels can also be arranged.All of these items must be requested in advance at least 5 days before arrival to ensure availability.Please note that additional charges apply for these services."
1424519240566200832,"Luxurious Villa located in New Cairo, Cairo. A very fresh theme in the heart of New Cairo. Complimentary housekeeping is provided on the 7th day for stays of a full week. Additional housekeeping can be arranged via Airbnb messaging for an extra fee. Netflix and free Wi-Fi.The spaceVilla Specs: 6BR, 3 Bathrooms, Full Kitchen, Reception, Dining Room.Amenities:- Wi-Fi (20GB max per day)- Netflix, AC, Private Parking- Pets accepted under request (depends on the breed) Instructions:- For any reservation, a photo for every passport for everyone who will be checking in should be provided at least one day before arrival day so we can provide them entry permits.- For any reservation confirmed same day of arrival, guest will be requested to send a photo for each passport for all the guests who will be checking in before 3 pm Cairo Local time,so, we can provide them entry permits, otherwise guest will not be able to enter the residential compound where this unit is located.- Online Payment is required 7 days before arrival to avoid automated cancellation- Guest will be requested to sign an online registration card upon arrival - Location and Keylock box code will be sent to the guest same day of check-in once payment is confirmed - Check-in from 03.00 PM to 08.00 PM- Check out is at 12.00 PM- No late check out is permitted - No early check in is permitted- Guest will be asked to provide an insurance deposit 300 USD that will be held from his credit card - Unmarried couples and mixed groups are not allowed- Proof of relation may be asked to be provided to us (example: Marriage Certificate) - Visitors are not allowed- Guest may be requested to provide a photo for a Valid Residence Visa or Valid Visit Residence to Egypt"
1246420010937198336,"Experience the best of both worlds in our elegantly furnished Zamalek apartment, where oriental charm meets modern comfort. Just steps from the Nile, this fully equipped retreat is perfect for short or long stays. Enjoy seamless access to Cairo’s iconic attractions while unwinding in a serene oasis, designed for both relaxation and discovery.The spaceNestled in the heart of Zamalek, our charming oriental boho apartment offers the perfect retreat from Cairo's bustling streets. Just a short walk from the Nile River, this stylish haven provides easy access to the city's renowned attractions while offering a peaceful ambiance.Experience the best of both worlds: the convenience of being near iconic landmarks and the comfort of our fully furnished, thoughtfully decorated space. Relax in the bohemian-inspired interior, adorned with traditional Egyptian motifs and vibrant colors.Immerse yourself in the rich history of Cairo by visiting nearby attractions like the Egyptian Museum, the Citadel, and the Khan el-Khalili bazaar.After a day of sightseeing, unwind in the peaceful ambiance of our apartment. Our thoughtfully designed space features comfortable furnishings, unique decor, and all the amenities you need for a memorable stay. Experience the true essence of Cairo from the comfort of our stylish apartment. Book your stay today and create lasting memories in this captivating city.Mohamed Mazhar street where the apartment is located is very safe and holds important entities such as: The Embassy of SwedenThe Embassy of Brunei The Embassy of Iraq The Embassy of Vietnam The Embassy of Bahrain The Embassy of Oman Vatican Apostolic Nunciature in CairoHilton Zamalek HotelI will be happy to answer any questions you may have before booking.Guest accessThe place is all yours once you book it.Other things to noteIt's a two bedroom apartment, with 3 beds and a sofa bed, fit for 6 guests. Located on the second floor with elevator."
1591138045124712448,"A rare first-row 3-bedroom apartment directly overlooking the Nile in the heart of Tahrir Square, with panoramic views of Mamsha Ahl Masr, Zamalek Island, and Cairo Tower  perfect for friends and families seeking space, comfort, and the best location in Cairo."
1513115415528048384,"Have fun with the whole family and your lovely friends(Guests ) at this stylish place. Amazing Nile view luxury 3 Master bedrooms Which you can enjoy the sunset view & pyramids. Enjoy a stylish experience at this centrally-located place in new towers , you can enjoy along with your lovely guests feeling the completely comfortable inside the stylish house # 10 minutes from downtown ( Cairo museum and Burj of Cairo )# 12 minutes from Al Mohandessin # 20 Minutes from pyramids"
1160654349423127296,"One Bedroom Apartment located on the Ground Floor. Consists of king bed& sofa .Living area contains Sofa-Bed, Smart TV, High speed WIFI .Fully Equipped Kitchen Oven,Stove, Microwave,Dishwasher ,Coffee machine, Kettle and  Fridge. Two Bathroom includes Amenities. Cleaning service is available during stay with extra fee.The spaceA peaceful getaway in the heart of the city. Vintage Villa surrounded by a huge garden implanted with a variety of scented flowers and old-aged trees.Consists of 10 studios and apartments. Each designed differently. Located centrally in Zamalek where most Cairo events are held. Many restaurants & pubs are walking distance. Egyptian Museum & the Pyramids are 25 min. away.Guest accessAll studios and apartments are private. You are more than welcome to enjoy the garden area and working space.Other things to noteKindly send us your expected arrival time and copy of your passports prior arrival."
1585066826397290752,"Enjoy a stylish and spacious apartment directly overlooking the Nile in the heart of Maadi. This elegant three-bedroom home features stunning river views, large windows, and a bright, comfortable living area. Fully furnished with modern décor, the apartment offers a calm and relaxing atmosphere ideal for families or longer stays. Located in one of Maadi’s most desirable areas, close to cafes, restaurants, and main roads, while still enjoying privacy and tranquility by the Nile."
1608544760873304576,
1186304038561754880,"A delightful oasis overlooking Zamalek. Nestled in Garden City, The heart of downtown and minutes away from Zamalek, Tahrir square and the Egyptian Museum. Within a walking distance you will find the best restaurants, bars and cafes that Cairo has to offer.The spaceThis Unique Loft offers a stylish living room with Panoramic Views on the Nile, the sunsets are truly remarkable. Sit back and enjoy unparalleled 360 degree views of the Cairo, where you can see the Great Pyramids of Giza from one side of the living room, and the Citadel of Cairo from the other. It comes with a gorgeous fully equipped kitchen and all the amenities you could think of, including floor heating in all rooms. After a long day of exploring Cairo retreat to three cozy bedrooms adorned with memory foam mattresses and luxurious Egyptian cotton linens, ensuring a restful stay. With two full bathrooms for added convenience. And, the best part is you will get to embrace the charming views of the Nile from the gorgeous terrace."
1239185343752708352,"Enjoy with the whole family in this stylish home.Furnished for rent, twin house   Model I Classic Fully equipped  2 rooms (2 rooms open to each other Living 3 BathroomsExtra room with a loft and bathroom For short or long stays"
926187713279264640,"Welcome to our luxurious penthouse in the heart of the city. offering a one-of-a-kind experience.As you step inside, you'll be greeted by an ambiance of elegance and comfort providing breathtaking viewsPlease note that smoking is strictly prohibited indoors. However, we have provided a designated outdoor area on the terrace and rooftop where you can enjoy your cigarette while admiring the views."
1180558154817796352,"Experience the enchantment of our Sunlit Loft. A delightful oasis nestled in the bustling heart of Zamalek Island. Adorned with a Boho Chic flair, and located in one of the most prestigious buildings of Zamalek, which is surrounded by greenery, the beautiful Nile river and Gezira Club. This spacious loft offers a stylish living room equipped with a 65-inch smart TV. Retreat to two cozy bedrooms adorned with memory foam mattresses and luxurious Egyptian cotton linens, ensuring a restful stay.The spaceA unique, charming apartment in the heart of Zamalek, the safest and most central area in Cairo. The place has fascinating views of the Nile & the gorgeous gardens of Zamalek. It’s surrounded with the best restaurants, bars and cafes that Cairo has to offer."
1338753216179724544,"Nile View Queen Palace offers a luxurious stay in a prime location with stunning Nile River views. The apartment features 5 master bedrooms, each with an en-suite bathroom, a PlayStation lounge, and an espresso machine. Relax in the spacious living room or cook in the fully equipped kitchen. Enjoy the stylish balcony with a waterfall and breathtaking views of the Nile. Perfect for those seeking comfort, style, and a central location for an unforgettable experience."
1177436101599966208,A villa with 1312 square feet garden and with all the facilities a one could need to spend a good vacation including a pool and an outdoor showerGuest accessThe entire place
1566650176484653568,"Ultra-Modern High-End Villa for Rent – Mivida, Parcel 15 (Unit 87)Property Details:	•	Built-up area: 332 m²	•	Land area: 570 m²	•	Prime corner location (two corners)	•	4 Bedrooms on the first floor	•	Living room on the second floor	•	4 Bathrooms (with 4 shower cabins)	•	Nanny’s room with bathroom	•	Kitchenette	•	Dressing room	•	Kitchen & ACs included	•	Beautiful landscaped garden with automatic watering system"
1355135981772594944,"I am Karim, I welcome all visitors from all over the world, and I am the owner of the house, not a broker, and everyone who lives with me becomes my friend. This is my fourth year of experience here on the application, and I am happy to host all people. My house is of the highest style and finishing, and the area in which the house is located is very wonderful, and there are all the malls around the house, and it is in a private villa.We wish you a happy stay in my home."
1465228687699287552,"Luxury 6-Bedroom Villa with Private Pool in compund near of, Sheikh ZayedEscape to elegance and comfortable 😌 Perfect for families or groups, this spacious home offers the perfect blend of privacy, style, and convenience.✨ Key Features:6elegantly furnished bedroomsPrivate swimming pool — perfect for a refreshing dip anytimeFully equipped kitchen and stylish living areasHigh-speed Wi-Fi & air conditioning throughout"
1144710959871942016,"Elegant Downtown apartment with stunning square views, 2 suites + 2 bedrooms, hosting up to 8 guests. 3rd floor (no lift) with luggage assistance; earplugs provided  to ensure a peaceful stay despite the vibrant city outside. Steps from cafés, bars, the Egyptian Museum, and Sadat Metro Station. Passports scanned copies should be provided upon booking.Note: Egyptian & Arab couples must provide a marriage certificate.Only approved visitors allowed. Parties not allowed.The spaceOur apartment features two suites and two additional rooms, accommodating up to eight guests comfortably. Cribs can be installed upon request to accommodate families with young children.Guest accessGuests can access all spaces in the apartment.Other things to noteOur apartment is nestled in a vibrant neighborhood that offers everything you need within walking distance. Here are some highlights:- Dining and Entertainment: Step outside and discover a culinary paradise with hundreds of restaurants and bars offering a diverse range of cuisines and experiences. Whether you're craving authentic Egyptian dishes or international fare, you'll find something to tantalize your taste buds.- Shopping: Explore local markets and boutique shops scattered throughout the neighborhood, where you can find unique souvenirs, clothing, and handicrafts to commemorate your time in Cairo.- Attractions: From historical landmarks to cultural treasures, all the major attractions are just a short walk away from our building. Immerse yourself in the rich history of Egypt by visiting iconic sites such as the Egyptian Museum, Khan El Khalili bazaar, and of course, the legendary Tahrir Square.With everything conveniently located within walking distance, you'll have the freedom to explore and experience the best that Cairo has to offer at your own pace."
1278327552855186944,The first studio in Egypt built as a cave using stones identical to the Pyramids.70 sq.mtr. of pure historical luxury with a distinguished view of the pyramids. Equipped with every thing you might or will need during your stay. A memorable experience that you can never miss.Netflix AvailableGuest accessThe guests will also have access to the roof Terrace where they can enjoy open area seating and an amazing Pyramids view
1632552831530239488,Retro | Full Pyramid & GEM ViewWake up to a full panoramic view of the three Pyramids and the Grand Egyptian Museum right from your bed.The space🛏 The Space	•	2 comfortable bedrooms	•	1.5 bathrooms	•	Fully equipped kitchen	•	Dedicated dining area	•	Panoramic pyramids & GEM view from the living area and master bedroomEnjoy your morning coffee with the pyramids in sightPrime Location	🏛️ 2' mins to the New GEM	🛕 5' mins to the Pyramids	✈️ 30' mins to Cairo International Airport 	🖼️ 20' mins to Downtown & Zamalek	🌆30' mins to New Cairo.Guest accessSmart Lock
1359624363244490496,"This stunning design 3 bedroom apartment enjoys the view of Great Giza Pyramids along with great bathtubs Please note that this unit is located in a local and modest neighborhood. Guests staying should expect that the surrounding areas to the building are not of high standardsPlease note that Arab and Egyptian citizens are required to submit proof of marriage before check in.The spaceThis fascinating 3 bedrooms apartment is located in Giza's district which the closest to the Giza Pyramids.The spaceJust 15 minutes walk from the entrance of the majestic Gate of the Pyramids, this unit is located in a newly built building, nestled in an authentic local neighborhood that breathes the life and authenticity of Cairo, while ensuring a safe experience.. In this authentic corner, the nearby streets retain their traditional charm, even if they have not yet been paved. You can find horses and camels on the streetGuest accessGuest access all the listingOther things to noteAdditional rulesIts staff check in  so please contact Sam before arrival  via what’s app 1/ please note that outside visitors are not allowed.only guests that are included in reservation and have submitted their proof of ID will be allowed access to the property.2/ Early check in / Late checkout is subject to availability Regular check-in time is 2:00 PM - 2:00 AM (next day).Once booked, let us know if you require an early check-in ,,,on the day of arrival.*Early or late luggage drop off is 25$*Early check in $80*Late check out at 1 pm 40$ *if we have potential guests at the same day of checkout.*Unauthorized Guests Fine 400$ and at additional cost and 30$ extra per night for more 3 guests.3/ Any missing or damaged items (i.e., towels, utensils, keys, furniture items, etc.) will be considered as a security breach and included in your bill before your departure (100$ Damage deposit)(Guests are expected to leave the house in similar condition as they find it) wipe up spills, wash all dishes, AC/ heat, fans & lights off and premises locked.Enjoy your stay apartment comes with an open plan fully equipped kitchenette, a full bathroom, a small living room and 3 bedrooms It also features two 50 inch smart TVs with Airplay (in each room) Wash Machine , a Nespresso machine, kettle and a microwave, - There is 1 full bathroom, kitchenette and two bedrooms.- Fresh, laundered hotel-grade pure Egyptian cotton linen, along with face &     body crisp clean towels are provided.- A small dining table.- Wifi, and Smart TV are also available and free of charge.- Nespresso machine.- 2 complimentary bottles of water & 2 coffee capsules.Guest accessThis is a 3 bedrooms apartment and guests can have access to all of its features.Other things to notePlease note that outside visitors are not allowed. Only guests that are included in a reservation and have submitted their proof of identity will be allowed access to the property.Please note that smoking is not allowed inside the apartment. A fine of $100 may be imposed in case of smoking indoors.ADDITIONAL CLEANING:-If you require cleaning during your stay or linen and towel changes, this can be provided at an extra cost. Please contact us to book the service and request quotes.hGuest accessguest has full access of the apartment."
1113905175665688448,"Wake up to sweeping skyline and Nile views in this refined Zamalek two-bedroom residence. Both bedrooms are en-suite, offering privacy and comfort. The living area features a 65-inch screen and a relaxed atmosphere. Set in the heart of Zamalek, surrounded by cafés and culture, designed for a calm, elevated stay.The spaceThe apartment features two spacious en-suite bedrooms, each designed for comfort and privacy, with its own bathroom and TV.The living area offers a relaxed setting with a 65-inch smart TV, ideal for unwinding after a day in the city. Natural light and open views create a bright, comfortable atmosphere throughout.Enjoy a unique balance of views, with the living area and one bedroom overlooking the city, while the second bedroom and kitchen offer elevated views of the Nile.The kitchen is fully equipped for both short and extended stays, with a layout designed to feel open, practical, and easy to live in.Located in a well-maintained building with two elevators and 24-hour security, the apartment offers a seamless and secure stay.Guest accessGuest can access all parts of the apartmentOther things to note- A fee of $20 will apply for any damage to or loss of the Elevator Card.- Kindly be informed that as per Egyptian Tourism Law, proof of marriage certificate is required ONLY for ARAB/EGYPTIAN couples."
1594943812538194688,"Welcome to Gardan in the Sky - Maadi, a Penthouse retreat with lush greenery and 270° skyline Views above cairo. Steps from Street 9 cafés, restaurants, and daily essentials. Enjoy central living with a private rooftop and terrace in one of Cairo's most walkable neighborhoods. The apartment features a bright living and dining area, fully equipped kitchen, Nespresso machine, 1.5 bathrooms, air conditioning, Wi-Fi, and a washing machine-ideal for both short and longer stays."
1487594384299959552,"Huge Skyline Terrace Luxury Apartment A stylish 3BR, 3 Bathroom apartment with 4 beds in a quiet gated community. Enjoy a huge private rooftop terrace with skyline views, ping-pong table, babyfoot, BBQ and outdoor dining area. Sleeps 7, fully equipped kitchen, bright living space. Near Cairo Festival City, 5A, U Venues, Waterway and Downtown Mall, 20 mins to airport, 30 mins to Pyramids and GEM. Apartment is on the 3rd floor with stairs only (No Elevator) , kind doorman assists with luggage."
913438781106788224,"Welcome to your home away from home! This modern, serene house is designed for comfort and relaxation. Step outside and enjoy the refreshing pool.You’ll find a fully equipped kitchen with everything you need to cook your favourite meals.The home is centrally located in New Cairo, with supermarkets, cinemas, and plenty of entertainment options nearby.Whether you’re here for business, leisure, or a mix of both, this cozy modern space is the perfect base for your stay. You’ll absolutely ❤️ it.The spaceEscape to a modern villa designed for comfort, privacy, and convenience. Relax in your own private swimming pool, fully enclosed within the garden for complete seclusion. Located in the prestigious Moon Valley 1 Compound on Street 90, you’ll be just steps away from Gold’s Gym, Concord Plaza, Point 90 Mall, the American University in Cairo, top supermarkets, and countless dining and entertainment options. With the Ring Road easily accessible, you’re only 20 minutes from Cairo Airport and have quick access to downtown, Ain Sokhna, and Sinai.Inside, the villa spans three floors with 4 dining areas, 4 bedrooms, and space for up to 7 guests. Enjoy speedy WiFi on every floor, a dedicated office, multiple bathrooms, and a culinary-ready kitchen for food lovers. An elevator inside the villa adds extra comfort.Guests can also enjoy paddle courts, football courts, and a public pool within the compound. Deliveries are fast, and you’ll always feel connected while still escaping the city’s hustle.As your hosts, we welcome you from the heart ❤️. Need an airport pickup, a private driver, or even an in-house manicurist? We can make it happen. Your perfect Cairo stay starts here.We provide a cleaning service upon request Complimentary toiletries Breakfast (extra charge)Elevator - the villa has an elevator that serves all 3 floors. Elevator use is upon request and approval from the host. It is for 20 USD per day to be paid in advance prior to check in and a damage  deposit of 400 usd to be placed in the lockbox upon arrival. Usage of the elevator is not included in the listing rate. We provide a cleaning service upon request Complimentary tea and coffee and mineral water  provided. Complimentary toiletries Ask for our amazing Breakfast Options  (extra charge)Guest accessEnjoy the full privacy of the villa — the entire house and garden are included in your stay and are exclusively yours. No shared spaces, no interruptions — just complete comfort and freedom to relax, swim, and unwind in total seclusion.Other things to noteOur villa offers a fully gated private garden and swimming pool, giving you total privacy and peace of mind. Inside, you’ll even find a private elevator for extra comfort and convenience — a rare luxury in a home setting!The compound itself is quiet, secure, and strictly residential, ensuring a calm and relaxing atmosphere away from the city’s noise. With 24/7 security, you can truly unwind and enjoy your stay.✨ Bonus: You’ll also love how easy deliveries arrive at your doorstep, plus the friendly community feel that makes every guest feel at home."
1410660722583584768,Enjoy a stylish experience at this centrally-located place.
856016524903906944,Very quiet placeVery
1277499307467449088,"A wonderful independent palace with a swimming pool, fully furnished, ultra modern, a very special location in the Royal City Compound in Sheikh ZayedAvailable for rent for short and long periodsConsists of:7 master bedrooms7 bathrooms3 floorsLand area: 950 mBuilding area: 600 m"
1540534693706492160,"Located in the Sakakini historical building!Nested in the heart of Cairo, places you just steps away from vibrant markets, trendy cafés, and some of the city’s most iconic landmarks.🏛️ 5' minutes to the Egyptian Museum/ Tahrir square🚇 5' minutes walk to Metro Station✈️20' minutes to New Cairo/ Airport🛕20' minutes to the PyramidsNatural light streaming through 3 large, sunny panoramic balconies and 7 panoramic colored windows.The spaceEnjoy the sunny, high-ceiling gem located in the Sakakini historical building (110-year-old).Nestled in the heart of Downtown Cairo, this charming apartment blends heritage architecture with modern comfort.Featuring:- 1 bedroom with an imperial-size bed (2 m wide)- 2 bedrooms, each with a queen-size bed- dedicated dining area- fully equipped kitchen with all essential amenities- 2 full bathrooms.With three high-ceiling balconies and six panoramic stained-glass windows, you’ll truly feel Cairo’s heritage — from the gentle breeze to the sunlight streaming through colorful glass.Unwind on the comfy orange sofa and enjoy your favorite shows on the Wi-Fi-enabled Smart TV with Netflix.Other things to noteWe don’t accept Egyptian or arab unmarried couples or mixed groups.Guests IDs should be shared before checkin time.No commercial shoots without permission"
1373091368334539776,"The villa consists of two floors and includes four spacious bedrooms. The ground floor features an elegant reception area, a fully equipped kitchen, and a dining room. The second floor has four bedrooms and two bathrooms.Al-Rehab is an upscale residential area known for its safety and privacy.It offers comprehensive amenities such as schools, shopping centers, and social clubs.The green spaces and parks throughout the area provide a peaceful and relaxing environment."
907900182421893632,Forget your worries in this spacious and serene space.
1319283469075375872,Enjoy a stylish experience at this centrally located place.
1461713378764072192,"Apartment for rent in Manial, a special location, second floor, super lux finishing, furnished with luxurious furniture and ready for the first use"
1420148568011420672,"Stay in a brand-new luxury two-story penthouse in Cairo with unmatched views of the Pyramids from your own private rooftop. This stunning 3-bedroom, 5-bathroom apartment offers 310 sqm (3,340 sq ft) of indoor space, plus a 150 sqm (1,615 sq ft) rooftop terrace. The penthouse has a private entrance & private elevator, leading directly into your serene oasis. Located in an exclusive compound with 4 pools, a clubhouse & lush greenery, it's your perfect base for exploring Cairo in style & comfort."
1288329476638689536,Stay in the centre of the action in this one-of-a-kind place.
681776133764713216,"3 Bedroom Apartment, Reception, Elegant and Modern Furniture, 2 Bedrooms + Living + 2 Bathrooms + Reception"
1081247984167693440,"Pyramids view with10 mins to visit ,(3 rooms/2 bathrooms) It's an entire apartment that no one shares with guest. Upscaled elite quiet area for families/groups , 15 mins walking to GEM,( 30 mins by car to old  museum) ،what makes us special that we are not (hostel or inn) we are a real cozy house, (host) and (Guest) no employees (We treat our guests honestly as friends, not just guest. We can manage the pick up and drop off from and to the airport if u want. U also can ask for recommendations .The space●Its 200 meters square apartment (3rd floor ) , it is  3 bed rooms , 2 living rooms , 2 bathrooms, kitchen , its real apartment not hotel/hostel/inn , you will get real home , and host , looking forward to meet you and provide you with informations or needs ( direct communication with me the host) .●It's an entire apartment that no one shares with the guest. ● Important note: Airport pickup service is for guests who have booked two nights or more, and transportation is for 2 Guest or a number not exceeding 3 people with bags the size of the airplane cabin. If the number exceeds 3 people, we may provide transportation service for a fee paid in cash.■The location is one of the most important features of my apartment, as it is an upscale and elite tourist area and not a random or popular area like some properties with almost same price.Guest access●ENTIRE place; Guests can use all the space  (3 rd floor) with elevator , It's an entire apartment that no one shares with the guest.■It is forbidden to use our apartment for promotion or holding religious or political events”.  ☆ We have a an account for an application which make u able to make orders for home delivery ( restaurants, supermarkets,  pharmacy,  etc....Other things to note●“ NOTE “ : when you open any window , keep the insects screen ( mesh) closed to avoid mosquitoes, insects, lizards Thank u so much ( much appreciated) ■If you are a careless and irresponsible please do not book our apartment, because I value my apartment very much, more than I value money. Thank you for your cooperation with us and for understanding the rules of our house.●Please keep our house CLAEAN as possible as u can 🤍🤍 , looking forward to meet you🤍🤍.                         ●It's an entire apartment that no one shares with the guest.●I recommend bringing some heavy clothes if you are visiting Egypt in (December/January/February) as the weather is cold especially at night (sometimes it reaches 6 degrees in the middle of the night) and it is not common to have a central heating system in hot countries like Egypt. So it is preferable to have some heavy clothes for sleeping as well. Best regardEgyptians and Arabs are not allowed to stay together as men and women unless they are married because this is Egyptian law.... Thank you for your understanding and respect for the law of the country.*”It is forbidden to use our apartment for promotion or holding religious or political events.”The location is one of the most important features of my apartment, as it is an upsacle and elite tourist area and not a random or popular area like some properties with almost same price."
1639590721647305216,Take it easy at this unique and tranquil getaway.
1482417253416515840,Surround yourself with style in this standout space.
1445646791908439808,"Ultimate escape in Cairo, just steps from the Great Pyramids—where mornings begin by the pool, afternoons unfold in the spa or on city tours, and evenings wind down with live music and cocktails. With family perks like a kids’ club and playground, plus top dining and nearby horseback rides, this resort blends comfort with a touch of wonder.The spaceThis listing is for 4 separate rooms within a hotel. The price shown in the listing covers all 4 rooms.✦ Each room is 258 sq. ft, equipped with complimentary toiletries, TV.✦ Rooms are not adjoining and possibly not next to each other. Spaces are assigned upon arrival based on availability.✦ Daily cleaning services included in the nightly price.There are a few additional details to know before you book:✦ The minimum age required for check-in is 18 years old.✦ Please ensure you have a valid ID for check-in, as it is mandatory for entry.Guest accessDuring your stay, you will have access to the property and amenities according to the following schedule:✦ Check-in is available from 2:00PM.✦ Fitness center is available.✦ Outdoor pool available all year.Other things to noteThere are several additional things to note:✦ Pets are not allowed.✦ We use multi-unit listings, so rooms are similar but may have small differences.✦ Self-parking is available (parking slot reservation is not required in advance) and costs USD 3.20 per day.✦ In Egypt, only married Egyptian couples are legally allowed to share the same hotel room."
1164140665122725120,apartment for rent in the village 164 m2 bedroom 2 bathroom+ garden
1475401542202125312,"هذا المسكن الفريد له أسلوبه الخاص.Furnished apartment for rent – 3 bedrooms, 1 bathroomSuper Lux furniture – brand new, never usedFamilies only – Sudanese nationals are not allowed1 month rent + 2 months security depositFurniture inventory list required"
1423354259007251968,"89 square meters, two rooms and two bathrooms.Your family will be close to everything when you stay at this centrally-located place. And the wonderful furniture at the house."
1615388050655414016,Relax with the whole family at this peaceful place to stay.
1423376957296582144,"5 Al-Amin Street, off Ahmed Orabi Street, next to Al-Shafei shop   A spacious and clean apartment with 3 bathrooms and 3 bedrooms, including a master bedroom with a bathroom inside the room. It is a quiet and special place, and all services are close to it. There is air conditioning in each room, and there is air conditioning in the hall. The whole apartment is air-conditioned with the latest adaptationsThe spaceNew property, new house, everything works efficiently and is newOther things to noteThere is a garage under the house for a subscription and it is possible to provide a car for you with a driver for delivery and it is separate from the property account"
1297096849586231552,"This elegant home is perfect for group trips.8 rooms, all master Master BedroomMaster Guard Room12 bathroomsSwimming poolPrivate GaragePrivate gardenModern hotel furnitureFully air-conditioned"
1249334199993271808,"This 1-Bedroom + Guest Room apartment is a hidden gem, featuring a private swimming pool surrounded by lush gardens. Ideal for relaxation, the pool area offers total luxury & tranquility. The modern, fully-equipped apartment includes spacious bedrooms, a bright living area, & a fully stocked kitchenette. With air conditioning, Wi-Fi, & smart TV, it has everything you need for a comfortable stay. Due to high demand, availability is rare; book now before it’s gone!The spaceAs mentioned, this 2-bedroom, 1.5-bathroom apartment offers exclusive access to the entire space, guaranteeing complete privacy with no shared areas; plus a private pool.(Please note, the pool is NOT heated 🏊‍♂️ ❄️) .> Located by Point 90 Mall, New Cairo.> It's on the Ground Floor.> It features a microwave, smart TV and WiFi. > AC on both cooling & heating modes.> We provide towels, shower gel & shampoo.> NO oven, dishwasher or washer available.><><><><><><><><><><><><><><><📍Nearby spots :-> 2 min walk to nearest mosque.> 1 min drive to nearest restaurants.> 1 min drive to nearest restaurants.> 1 min drive to Point 90 Mall.> 3 min drive to Concord Plaza.> 3 min drive to The AUC.> 15 min drive to Cairo Festival City. > 15 min drive to Waterway.> 15 min drive to 5A Mall.> 30 min drive to Zamalek.> 30 min drive to Downtown Cairo.> 30 min drive to Cairo Airport.> 50 min drive to Giza, Pyramids & GEM."
1475269023270252544,"sunlit escape right in the heart of the city—where modern comfort meets laid-back vibes. Whether you're sipping coffee by the window, unwinding after a long day, or exploring the neighborhood's hidden gems, this is your perfect home base. Thoughtful touches, smart storage, and a relaxed atmosphere make it ideal for solo adventurers or couples. Welcome to your little retreat"
1484626050712333056,Enjoy a memorable visit when you stay in this unique place.2 bedrooms 2 bathrooms fully finishing
1560225461384156416,"Make some memories at this unique and family-friendly place. This luxurious 3-bedroom ground-floor oasis in Nerco Shatr Al Khamis offers oversized windows, deluxe spaces, and peaceful comfort in every corner. Enjoy a bright, modern layout perfect for families, long stays, and guests who love style and relaxation. Located in a prime, quiet area with easy access to everything you need!your perfect getaway starts here."
787507286574674048,"Spacious 4bdrm penthouse with open roof and private pool, overlooking the most spectacular waterscape in a gated community in New Cairo. Sakura is furnished in warm earth tones and wooden accents, with a large fully-equipped kitchen that opens onto the dining\/lounge area and terrace and keeping’ it cool in the pool with good times and tan lines.The space• 3 Bedrooms with King beds and 1 with a 2 twin beds offering space comfort with a relaxing view• 4 Bathrooms, Each designed privacy and an extra one for guests.• Living Areas: Bright, open space with cozy seating, and direct access to the pool.• Kitchen: Fully equipped with counter seating, seamlessly connected to the living area.• Private Outdoor Area: Enjoy your own pool, perfect for relaxing.•Spacious penthouse layoutAmenities and Features to Enjoy:• Amazing Penthouse View• Outdoor Pool• WI-FI• Dedicated Workspace• Washer & Dish Washer• Essentials (towels, linens, soap,..etc)• Air Conditioning• Smart TV• Hairdryer• Heating• Self check-in• Blackout blinds• Free Parking On PremisesGuest accessAdding lifestyle value to your stay, as The apartment is steps away from:• Cairo Festival City Mall – 10 min drive• Point 90 Mall – 12 min drive• Downtown Katameya – 15 min drive• Restaurants, cafés, and grocery stores within walking distance in Lake Town"
1558885122405432320,The whole group will enjoy easy access to everything from this centrally located place.
1223309088817999872,"Kove Boutique Hotels ""by the pyramids"" offers a majestic full view of the pyramids of Giza captivating the wonders of ancient Egypt while being in the comfort of your modern room. Our staff is our family and we are available 24 hours for your service. Kove by the pyramids has a large terrace area where guests can indulge in our freshly cooked breakfast, juices, snack bar and hot meals while enjoying the holy view of the pyramids."
1182511995447620608,Have fun with the whole family and your lovely friends at this stylish place.Full of private house with private entrance &Private parking . Enjoy fantastic stay in the green space with your friends in outdoor space Room with TV . the property In the most attractive area in Egypt -Sheikh Zayed City . - Two minutes from tourist walk street of Sheikh Zayed - Enjoy the entertainment and Restaurants&Coffee -7 minutes from Egypt Mall -5 Minutes from Mall Al Arab -10 Minutes from AlHossary Square
1340435226653635584,"Stay in the heart of Zamalek in this modern 2-bedroom apartment with breathtaking panoramic Nile views. Enjoy a Stylish living space, a Fully equipped kitchen, High-speed Wi-Fi, a Smart TV and Cozy bedrooms designed for your ultimate comfort.Located in one of Cairo’s most vibrant neighborhoods, you’ll be steps away from top cafés, restaurants and cultural attractions. With easy access to Downtown and major landmarks, this apartment is the perfect blend of comfort and convenience.Other things to noteEnhance your stay with our exclusive concierge services, designed for your convenience (available for a small surcharge):- Airport Transfers – Convenient transportation to and from the airport.- Restaurant & Bar Reservations – Personalized bookings at top dining spots.- Itinerary Planning – A fully customized schedule for a stress-free stay.For more details, feel free to reach out!"
1600296998782411520,"Experience Comfort and Elegance In this Beautiful New Apartment, With Panoramaic view of the Nile in the heart of Cairo.The spaceA 350 sqm apartment featuring 3 bedrooms and 3 bathrooms, offering a direct panoramic view of the Nile River, located in the heart of Cairo and next to the city’s most prestigious hotels, restaurants, cafés, and malls.The location combines elegance and tranquility with easy access to Cairo’s top attractions, including the Pyramids, the Grand Egyptian Museum, the Egyptian Museum in Tahrir, the National Museum of Egyptian Civilization, the Citadel of Salah El-Din, Cairo and Fustat Gardens, Pharaonic Village ، Downtown Cairo, Cairo Tower ,and about 25 minutes from Cairo International Airport.The apartment is fully furnished and tastefully designed to suit family stays, with spacious areas that ensure maximum comfort and privacy, offering a calm and secure stay with an unforgettable Nile view.Guest accessEntire Apartment"
1094737973419244672,"Welcome to our vintage Nile GEM in the upscaled area of South Zamalek , a charming retreat with a panoramic Nile view, ample light and sun in the heart of Cairo that caters to all travelers - whether you're a couple, family, friends, or a solo adventurer. The apartment boasts brand new furniture and eclectic decor, perfect for lounging on the couch or savoring your morning coffee with a breathtaking Nile view and a glimpse of the majestic Pyramids.The spaceFor our working travelers, we've got you covered with few workspaces’ spots throughout the apartment. Our building features a striking white marble facade, 24-hour security, and a welcoming front desk. The NILE skyline, situated on the 12th floor, offers a unique 360-degree view of Cairo and its bustling streets, along with iconic landmarks.Within a few minutes’ walk, you'll find yourself amidst vibrant markets, trendy hangouts, and Cairo's famous landmarks, including Taher Square, the Egyptian Museum, Fish Garden, and traditional flea markets. Our meticulously decorated Nile gem exudes Egyptian charm, providing a cultural backdrop to your stay.Step outside and indulge in the local scene - across the street, The Nile awaits with its modern hangout hub, offering everything from dining to coffee to entertainment. Relax in the hammock chair, soak in the atmosphere, or whip up a meal in our fully equipped kitchen. Take a peek at our reviews to discover what guests have loved about their experience staying with us. Your Cairo adventure begins here with a memorable stay!Guest accessThe entire beautiful flat :)Other things to noteTo Ensure a smooth experience and check in, we offer our premium ride at a very reasonable cost to pick you & drop you to the airport.To hit the floor running we will be sharing with your our local recommendations and we are here to help.Ask us any questions and we will be happy to make your trip exceptional :)For Egyptian and Arab guests:To comply with building management instructions and local regulations, mixed stays and visits are permitted only for married couples or first-degree relatives.Therefore, kindly provide an official document confirming the relationship or marriage before arrival.If the required document is not provided, or if the booking details do not comply with these conditions, we may unfortunately need to cancel the reservation before or upon arrival and request immediate check-out without any refund. The relevant authorities may also be notified in accordance with the applicable regulations. Thank you for your understanding and cooperation."
1437055398516312576,"Indulge in a spacious 3 bedroom retreat on prestigious Zamalek Island, where elegance meets comfort. The ensuite master and two stylish bedrooms enjoy beautiful Nile views. Unwind on two private balconies, enjoy Smart TVs and a friendly air hockey match, and stay steps from the Nile, fine dining, cafés, and nightlife. Ideal for families, executives, and travelers seeking refined Cairo living.The spaceThis spacious apartment in the heart of Zamalek features 3 bedrooms and 3 bathrooms, making it ideal for families and groups. One bedroom offers a king bed with a private ensuite bathroom, another has a king bed plus a single bed, and the third includes two double beds, comfortably hosting up to 9 guests. The apartment also offers two balconies with Nile views, a bright living room with Smart TVs, and an air hockey table for entertainment.Guest accessGusts can access all parts of the apartments"
1236869736596826112,"New furnishing, two bedrooms Queen bed, couch, kitchen, washing machine, built-in stove, refrigerator, 2 bathroom , window,iron with iron board upon request, smart TV, safe and free Wi-Fi"
1436654490966779136,"Welcome to our charming apartment in a historic Zamalek building, blending vintage elegance with modern comfort. Featuring high ceilings, three stylish bedrooms (one en-suite), and plenty of natural light, it's ideal for travelers seeking space and charm. Recently renovated by The Red Door design team, the apartment preserves its heritage while offering modern amenities. Located just steps from the Nile, nearby restaurants, cafes, and the vibrant Five Bells bar.The spaceThe apartment features three beautifully designed bedrooms, including a spacious en-suite with a private attached bathroom, ensuring comfort and privacy for your stay. Newly refurbished by our boutique design team at The Red Door, we’ve preserved its heritage style while providing everything you need for a memorable experience.Ideal for both relaxation and exploration, our apartment is just a minute's walk from the picturesque Nile and mere steps away from a vibrant array of retail and commercial hotspots, including delightful restaurants, bars, and coffee shops. You can easily stroll to the renowned Five Bells restaurant and bar, a gathering place for artists and actors.As you step into this heritage building, recognized as a historical gem of Cairo, you will sense its unique energy and charm. Whether you’re visiting for leisure or work, our home promises a comfortable, spacious stay in the heart of Zamalek.Enjoy your experience and discover the perfect blend of vintage elegance and modern convenience!Guest accessEntire placeOther things to noteLet your vacation begin the moment you arrive! We offer a comfortable airport transfer and will send you our top local recommendations to make your stay unforgettable. We're just a message away anytime✨To our Egyptian and Arab brothers and sisters:To ensure compliance with the building management's instructions and the local regulations of the Ministry of Interior, mixed-gender stays and visits are permitted only for married couples or first-degree relatives.Therefore, prior to your arrival, please provide us with an official document proving your family relationship or marriage.If the required document is not provided or if the booking details do not comply with these terms, we may, unfortunately, be forced to cancel the booking before or upon arrival and vacate the unit immediately without any refund, and we will notify the relevant authorities in accordance with the applicable regulations.We appreciate your understanding and cooperation, and we look forward to hosting you and providing you with a comfortable stay."
979799389609084288,"Welcome to our luxurious and warm duplex! This unique and spacious artistic retreat features four bedrooms, two of which have ensuite bathrooms. Nestled in the heart of New Cairo, one of the most upscale areas—Gharb el Golf – West el Golf Katameya—it offers a prime location with proximity to Katameya Heights, renowned for its golf course, bars, and restaurantsThe spaceThe duplex boasts a distinctive two-floor design and an artistic house façade, adding to its charm. Inside, you'll find a cool and comfortable living room adorned with artistic touches, a bar, and a jacuzzi—a perfect combination for a relaxing evening.To ensure your convenience, If you require transportation, we can arrange a car with a skilled driver to cater to your errands and tours.Not only is our duplex ideal for families, but it also serves as a perfect retreat for friends seeking comfort, simplicity, and luxury. The Cairo airport is just a short 20-minute drive away, and downtown, Zamalek, the Egyptian Museum, and Maadi are all easily accessible within 25 minutes. If you wish to explore the iconic pyramids and Giza area, it's only a 50-minute drive.Indulge in an extraordinary stay at our luxurious duplex, where comfort, style, and convenience come together to create an unforgettable experience.Guest accessThe entire spaceOther things to noteTo make your stay as smooth and enjoyable as possible, we offer a premium airport transfer at a very reasonable cost to pick you up and drop you off conveniently.So you can hit the ground running, we'll also share our favorite local recommendations, from the best places to eat to must-visit spots, and we're always here to help with anything you need. Just ask, and we'll be happy to make your trip truly exceptional :)For extra comfort, we can also arrange daily housekeeping for an additional fee, so you can simply relax and enjoy your stay.To our Egyptian and Arab brothers and sisters:To ensure compliance with the building management's instructions and the local regulations of the Ministry of Interior, mixed-gender stays and visits are permitted only for married couples or first-degree relatives.Therefore, prior to your arrival, please provide us with an official document proving your family relationship or marriage.If the required document is not provided or if the booking details do not comply with these terms, we may, unfortunately, be forced to cancel the booking before or upon arrival and vacate the unit immediately without any refund, and we will notify the relevant authorities in accordance with the applicable regulations.We appreciate your understanding and cooperation, and we look forward to hosting you and providing you with a comfortable stay."
1662438871579227648,"This unique place has a style all its own.Enjoy a unique and luxurious stay in this stylish suite located in the heart of Zamalek, featuring a direct view of the Nile. Designed for comfort, privacy, and relaxation, it’s the perfect choice for couples or anyone looking for a premium experience."
970930640022554240,Have fun with the whole family at this stylish place.
1198390754839197440,"Welcome to our luxurious 4-bedroom flat in the heart of Mohandessin. Combining classic elegance with modern comfort, this spacious apartment is perfect for families, groups, or business travelers. Located in a prime area, you're just steps away from top restaurants, cafes, and shops. The flat features a fully equipped kitchen, cozy living areas, and stylish bedrooms. Experience comfort and style in a Homely retreat."
1517967461600586240,"Welcome to Your Private Villa in Sheikh Zayed🏡 Welcome to Your Private Villa in Sheikh ZayedExperience the perfect mix of comfort, privacy, and luxury in this stunning  villa with a private swimming pool and lush garden.🌿 Garden: A private outdoor space for BBQs, coffee mornings, or just soaking up the sun.🏊 Private Pool: Take a refreshing dip anytime you like no sharing, just you and your guests.The spaceWelcome to your private villa in the heart of Sheikh Zayed the perfect mix of luxury, comfort, and convenience ✨.🛏️ Bedrooms:2 master bedrooms, each with its own private en-suite bathroom 🚿🧴.1 twin bedroom with two single beds  great for kids, friends, or extra guests 🛏️🛏️.🚿 Bathrooms:3 sparkling-clean bathrooms with fresh towels, toiletries, and modern fixtures.🍳 Kitchen & Dining:Fully equipped kitchen with modern appliances 👨‍🍳, plus a bright dining area perfect for family meals 🍽️.🛋️ Living Room:Cozy and stylish with comfy sofas, smart TV, and large windows overlooking the private garden 🌿📺.🌿 Backyard & Pool:Relax in your private green space or take a dip in the swimming pool anytime 🏊🌸  your own oasis away from the city buzz.📍 Prime Location:Only 4 minutes from Arkan Plaza, with quick access to restaurants, cafés, malls, and major roads perfect for exploring everything Sheikh Zayed has to offer 🚗🍽️.Guest accessGuests will have full and private access to:🛏️ All 4 Bedrooms  including the master and both guest rooms.🛋️ Living Room bright and cozy with smart TV.🍳 Fully Equipped Kitchen  ready for cooking and dining.🌿 Private Garden  perfect for coffee mornings, outdoor dining, or just relaxing.🏊 Private Swimming Pool  enjoy a swim anytime with complete privacy.🚿 Bathrooms clean and stocked with fresh towels.🅿️ Parking Space –secure spot inside the villa.✨ Complete Privacy the entire villa, garden, and pool are yours to enjoy during your stay.🔑 Self Check-in available for a smooth and flexible arrival.Other things to note✨ Fresh towels, bed linens, and basic toiletries are provided for a hotel-like experience.📶 High-speed Wi-Fi is available to keep you connected.🧹 Weekly cleaning service available for longer stays (upon request).🚭 Smoking is allowed only in outdoor areas (garden or balcony).🌿 The private garden is perfect for BBQs or evening gatherings 🏊 The pool is private  enjoy it responsibly and keep children supervised at all times.📹 Exterior security cameras are installed at the entrance for your safety (no cameras inside).🅿️ Private parking is available inside the villa gates."
1433131550332600320,"Welcome to the pinnacle of elegance. This 4BR, 3BA duplex villa is Amal Morsi’s masterpiece; blending 30 years of design genius into one unforgettable home. Private pool, serene garden, spacious patio, and mirror-glass marble floors elevate every moment. A true mini-mansion, bold and unapologetically grand. It’s not just luxury; it’s legacy. For those who crave more than a stay. Pricey? Yes. But this is where luxury lives, and only the few belong. Please read our house rules before booking.The spaceAs mentioned, this 4-bedroom, 3-bathroom apartment offers exclusive access to the entire space, guaranteeing complete privacy with no shared areas; plus a private pool.(Please note, the pool is NOT heated 🏊‍♂️ ❄️) .> Located by Point 90 Mall, New Cairo.> It's on the Ground Floor.> It features a microwave, smart TV and WiFi. > AC on both cooling & heating modes.> We provide towels, shower gel & shampoo.><><><><><><><><><><><><><><><📍Nearby spots :-> 2 min walk to nearest mosque.> 1 min drive to nearest restaurants.> 1 min drive to nearest restaurants.> 1 min drive to Point 90 Mall.> 3 min drive to Concord Plaza.> 3 min drive to The AUC.> 15 min drive to Cairo Festival City. > 15 min drive to Waterway.> 15 min drive to 5A Mall.> 30 min drive to Zamalek.> 30 min drive to Downtown Cairo.> 30 min drive to Cairo Airport.> 50 min drive to Giza, Pyramids & GEM."
1600296958383830784,"Enjoy a comfortable and elegant stay in this modern apartment with a beautiful panoramic view of the Nile, in the heart of Cairo.The spaceA 350 sqm apartment featuring 3 bedrooms and 3 bathrooms, offering a direct panoramic view of the Nile River, located in the heart of Cairo and next to the city’s most prestigious hotels, restaurants, cafés, and malls.The location combines elegance and tranquility with easy access to Cairo’s top attractions, including the Pyramids, the Grand Egyptian Museum, the Egyptian Museum in Tahrir, the National Museum of Egyptian Civilization, the Citadel of Salah El-Din, Cairo and Fustat Gardens, Downtown Cairo, Cairo Tower and Coptic heritage and historic churches such as the Hanging Church.The apartment is fully furnished and tastefully designed to suit family stays, with spacious areas that ensure maximum comfort and privacy, offering a calm and secure stay with an unforgettable Nile view."
1471160003390200576,"Step into Cairo’s Time Machine!Live like it’s the golden age in the heart of downtown Cairo, where vintage charm meets retro flair. Every corner tells a story. Step outside and you’re in the pulse of the city — walk to cafés, markets, and hidden gems. Snap Insta worthy pics, sip tea on the balcony, and feel the soul of old Cairo… with modern comfort.📍 Location? Unbeatable.🎞️ Vibes? Cinematic.🛏️ Stay? One of a kind.Your retro escape awaits — book now before it’s gone!The space📍 Welcome to Your Retro Egyptian Oasis in the Heart of Downtown Cairo 🇪🇬Step into a world where nostalgia meets comfort, and Cairo’s golden age of charm meets modern-day convenience. This one-of-a-kind, story-filled apartment is located in the very heart of Downtown Cairo, just steps away from iconic squares, buzzing cafés, and historic architecture — all while offering a peaceful escape above the city’s vibrant streets.⸻🛏️ 3 Uniquely Designed Bedrooms – Each Tells a StoryEach of the three spacious bedrooms is a world of its own, carefully curated with handmade furniture, vintage touches, and a retro Egyptian vibe that whispers stories of the past. Expect huge, ultra-comfy beds, high ceilings, and a serene, lived-in charm that blends authenticity with comfort.⸻🍳 Fully Equipped Kitchen + Coffee Lover’s CornerWhether you’re whipping up a quick breakfast or preparing a full dinner, the fully equipped kitchen has everything you need. And if you’re a coffee person, you’re in for a treat — the apartment features a quality coffee machine so you can start your mornings right.⸻📚 2 Massive Library Bookcases for the Curious SoulFor the bookworms, dreamers, and thinkers: this apartment is home to two massive bookcase libraries, stocked with a curated collection of books in multiple languages — from history and art to literature and Cairo’s secrets.⸻🎱 A Dining Table that Turns Into a Pool TableDine, drink, and then play. Our custom dining table transforms into a full-size pool table, turning meals into memories and nights into stories worth telling.⸻🌿 2 Spacious Balconies Overlooking DowntownStep out onto one of the two large balconies for a morning coffee or an evening wine. Gaze out at the energy of Downtown Cairo, watch the city come alive, or just enjoy the breeze with a book in hand.⸻🛁 2 Bathrooms for Your ComfortNo need to wait in line. The apartment features two full bathrooms, clean, functional, and stocked with essentials — designed to keep your stay smooth and stress-free.⸻🛋️ Handmade Furniture & Retro Egyptian DecorEvery corner of the apartment is decorated with handpicked vintage pieces, artisan-made furniture, and décor inspired by 1960s–1980s Cairo — from film posters and textiles to handcrafted lighting and local art. It’s more than just a place to stay — it’s a love letter to old Cairo.⸻🏙️ Central LocationStep outside and you’re immediately immersed in Downtown’s most iconic streets — walk to Tahrir Square, the Egyptian Museum, hidden rooftop cafés, bustling local bakeries, and art deco architecture. You’re minutes away from Metro stations, historic bars, and local street food.⸻✅ Amenities:	•	Fast Wi-Fi	•	Air conditioning in every room	•	Coffee machine	•	Fully equipped kitchen	•	2 large balconies	•	2 full bathrooms	•	Washer	•	Fresh linens & towels	•	Pool table / Dining table combo	•	Massive book library	•	1 king bed / 2 double beds / 1 queen bed  (ideal for families or groups)⸻This apartment isn’t just a stay — it’s a full experience. Whether you’re a traveler, an artist, a reader, or just someone looking for a soulful space in the heart of Cairo, this is your home away from home.📆 Book your stay now and live Cairo like a local — in style, comfort, and stories.Guest accessThe whole apartment is yours !Other things to note- The apartment has 2 full bathroomsOne is extremely big, the other is fairly small.- The apartment has 2 huge balconies- Arabic national couples need marriage certificates"
1587917123955001344,"Experience refined living in this spacious 3-bedroom apartment in Eastown, designed for comfort, privacy, and modern luxury.The apartment features one master bedroom with an en-suite bathroom, along with two additional bedrooms sharing a stylish bathroom—ideal for families, business travelers, or long stays.The spaceThe bright living area opens to a fully equipped modern kitchen and dining space, finished with high-quality materials and contemporary furnishings. Large windows provide natural light and a calm, upscale atmosphere throughout the home.Highlights:	•	3 bedrooms (1 master  bedroom)	•	Modern, fully equipped kitchen	•	Stylish living & dining area	•	High-speed Wi-Fi & smart Tv	•	Secure compound with easy access to top destinations ,  property is located in a central area with easy access to main roads."
1460693464593175040,"Legendary. Unbelievable. Iconic. This mini-mansion is the crown jewel of our Marvelous listings. With 4 stunning bedrooms, 3.5 luxe bathrooms, 3 living rooms, 2 kitchens, and a sculptural staircase, every inch is pure design. From the moment you arrive, you’ll feel like you’ve stepped into a dream. Prime location, shared pool, and style that feels cinematic. It’s not for everyone; it’s for those who crave the extraordinary. Price reflects the experience. Book now; this kind of stay doesn’t last.The spaceAs mentioned, this 4-bedroom/3.5 bathroom Villa / Mini-Mansion offers exclusive access to the entire space, guaranteeing complete privacy with no shared areas.❗ Please Note: The pool and garden are shared among the four villas in the community. While the pool is not private, it is completely free of charge for guests staying at The Villa ❗> Located in New Cairo.> It's on the 1st Floor.> It features a microwave, smart TV and WiFi. > AC on both cooling & heating modes.> We provide towels, shower gel & shampoo.><><><><><><><><><><><><><><><📍Nearby spots :-> 1 min walk to nearest mosque.> 3 min drive to nearest restaurants and malls.> 10 min drive to Point 90.> 10 min drive to Concord Plaza.> 10 min drive to Cairo Festival City. > 15 min drive to Waterway.> 15 min drive to 5A Mall.> 10 min drive to The American University New Cairo.> 30 min drive to Zamalek & Downtown Cairo.> 30 min drive to Cairo Airport.> 45 min drive to Giza, Pyramids & Touristic areas."
1243641468702444288,"- The pool is private and you can cover it or uncover it whenever you want. - If extra bed is needed we can add it for free.- You will be 2 mins away from Arkan Plaza, 5 mins away from Mall of Arabia, 8 mins away from Mall of Egypt.- You will be 15 mins  from Pyramids of Giza and the Grand Egyptian Museum, and 25 mins away from the Nile river.- Bein Sports/Netflix- The Villa is in a gated compound with 24 hrs security.The spaceThe backyard which got the pool is coverable so you can enjoy full privacy with your people.The Place got 3 rooms and 2 bathrooms and all the place is air conditioned.The place is so fancy and luxurious like the hotels so make yourself ready.Guest accessFull access to the place"
1013855054944324224,"Welcome to our Nileview loft,Your charming home in the heart of Zamalek, Cairo's most central, safe, and vibrant hub. The stylish living room boasts a 55-inch curved smart TV and panoramic views on the Nile. A boho dining room with a bamboo swing overlooks a gorgeous Nile view. Two cozy Master bedrooms featuring noise canceling windows, memory foam mattresses, Egyptian cotton beddings, and a private bathroom in each room. Relax in comfort and style with a touch of bohemian charm by the Nile."
1580355392533303808,Relax with the whole family at this peaceful place to stay.
1660788143173192704,"Enjoy a luxurious stay in a high-end apartment with a direct view of the Nile River in the heart of Cairo. The apartment features four elegant bedrooms, four bathrooms, and a very spacious living room, along with stunning panoramic views that provide a constant sense of calm and comfort. It also boasts a luxurious entrance, four hotel elevators, and an ideal location close to the most important landmarks and services, making it the perfect choice for a family stay, a business trip, or an unforgettable 💚 vacation."
1654659731934554624,"This stunning 4-bedroom apartment sits directly on the Nile, offering breathtaking panoramic views from a wide private balcony. The space is exceptionally bright, spacious, and elegantly designed with a modern, luxurious touch. It features 4 full bathrooms plus a guest bathroom, ensuring maximum comfort and privacy. Located in one of Cairo’s most prime and vibrant areas, close to top restaurants, cafés, and attractions, offering a truly upscale and unforgettable stay."
1652916769583350272,"Step into comfort and style with breathtaking Nile views right in the heart of Cairo! Perfect for families or friends, this apartment offers a chill, modern vibe, a peaceful neighborhood, and everything you need to relax after exploring the city. Sip your morning coffee overlooking the Nile, enjoy cozy nights, and make memories in a prime location with all the best spots just minutes away."
1385510783341149952,"Located in one of Zamalek's most vibrant areas, directly behind Abu El Feda Street, the apartment boasts a stunning view of the Nile from above. Designed for a special vacation with family and friends, the apartment features a large balcony overlooking the Nile, reminiscent of a high-end hotel. It's luxuriously furnished to provide guests with an unparalleled relaxation experience. The apartment offers all the electrical amenities guests need, along with 65-inch screens throughout for movies"
1107780146113704064,"Forget your worries in this spacious space overlooking Sheikh Zayed with a panoramic view in a boutique compound. It’s your perfect getaway destination with family and friends. You will find the privacy and serenity you’re looking for, while being 10 minutes away from the hottest destinations in Sheikh Zayed city as Arkan, Mall or Arabia and Mall of Egypt and in the heart of Palm Hills. 2 minutes away from the compound commercial area with local restaurants, supermarket, pharmacy and banks.The spaceThis 3 story house consists of 3 master bedrooms with private bathrooms including a  penthouse (1 king and 2 queen beds) and a youth room with 2 Single beds. A spacious living area and dining area and a guest bathroom with access to a lush green backyard and a terrace.Breathtaking views from all rooms and an outdoor rooftop to explore a 360 view of Sheikh Zayed city.Guest accessThe entire houseOther things to noteYou will find hangout spots and cafes minutes away, as well as banks, supermarkets, pharmacy and even beauty salons in the commercial area of the compound with is considered nowadays as a trending hotspot.All your basic needs are available during your stay as cutlery, basic cooking equipments as well as toiletries, towels, soap and shampooComplimentary water bottles and instant coffee and tea are available upon arrival.home appliances as Refrigerator, stove, oven, washing machine, 58’ TV in the living area are available and all rooms has a water heaterHygiene of the house is one of our top priorities for all guests."
1522835002642086912,Your family will be close to everything when you stay at this centrally-located place.
1295091350098862592,"Stunning 4-Bedroom Villa with Spacious Garden in MadinatyEscape to luxury and comfort at our beautiful villa.The villa boasts a wide, private garden – perfect for enjoying outdoor meals, playing, or simply unwinding. Located in a quiet neighborhood.It’s an ideal spot for those looking to experience serenity while still being close to the best attractions of Cairo.Whether you’re visiting for business, leisure, or a family holiday, our villa offers everything you need for a memorable stay."
1555243937779872256,"Luxury 2-Master Bedroom Apartment with a stunning Nile view on the 15th floor. Perfect for families, long stays, and business travelersThe spaceA modern 2-bedroom apartment with two master rooms on the 15th floor, offering a beautiful panoramic view of the Grand Nile. The unit is located in a luxury building with a clean entrance and 24/7 security, making it perfect for families and both short- and long-term stays.The Space	•	Two master bedrooms, each with a private bathroom	•	Reception area with a comfortable living room and a dining table for 6 persons	•	Entrance area with large closets for luggage and a shoe cabinet	•	Fully equipped kitchen with all appliances and essentials	•	Additional guest toiletHighlights	•	Unique full Nile view from the 15th floor	•	Luxury interior design and well-maintained building	•	Fully furnished with all home essentials, linens, and amenities	•	Suitable for families, business travelers, long stays, and short stays	•	Safe building with security at the entrance"
1667561977206768128,This unique listing has its own style. Luxury accommodation with a direct view of the Nile 🏝️Upscale apartment with hotel-style finishes and full amenitiesHigh level of privacy + prime location close to all servicesThe perfect choice for a comfortable and safe trip in CairoLuxury Condotel with Direct View of the Nile ✨Fully equipped – Great location – Comfort and privacyPerfect for a high-end stay in the heart of Cairo
16290979,"The suite  is part of a lovely flat in the best location in Maadi. A quick walk to the metro  , it's  in a green area with restaurants and cafes close by. The room  is spacious with lots of light:  has a king size comfy bed for2 people, a sitting room with  TV & desk, a  private bathroom with hot tub &shower, The  house has a full kitchen, living & dining areas,  a terrace with a great view  , washing machine, WiFi (all accessible to you).you wont be disturbed but am here if u want to chat.The spaceIt's in a nice , quiet neighbourhood of Cairo, away from the hustle and bustle. Yet, only a 15 min ride by metro to downtown. Maadi has some nice outings: shops, supermarkets , restaurants and cafes.The room itself is spacious with a king size double bed , TV, private bathroom with tub  and living room. You also have access to the kitchen to cook your own meals, the washing machine and a nice sunny terrace. Host is friendly and welcoming!Guest accessyou have your own suite with huge bed,TV , and desk ,with your own private living room and private bathroom but you can also access kitchen and terrace.During your stayIm here for you when you need me...otherwise, you are left undisturbed.Other things to noteIm here to welcome you to my home and make sure you r comfortable! It will be pleasant , comfy  and memorable."
49773821,"Roof Apartment is located in Heliopolis, Cairo. A very fresh theme in the heart of Masr El Gededa overlooking El Merghany street. Complimentary housekeeping is provided on the 7th day for stays of a full week. Additional housekeeping can be arranged via Airbnb messaging for an extra fee.  Netflix and free Wi-Fi.The spaceApartment Specs: 2BR, 2 Bathrooms, Full Kitchen, Reception, Dinning Room.Amenities:- Wi-Fi (10GB max per day)- Netflix, AC, Private Parking- Pets accepted under request (depends on the breed) Instructions:- For any reservation, a photo for every passport for everyone who will be checking in should be provided at least one day before arrival day so we can provide them entry permits.- For any reservation confirmed same day of arrival, guest will be requested to send a photo for each passport for all the guests who will be checking in before 3 pm Cairo Local time,so, we can provide them entry permits, otherwise guest will not be able to enter the residential compound where this unit is located.- Online Payment is required 7 days before arrival to avoid automated cancellation- Guest will be requested to sign an online registration card upon arrival - Location and Keylock box code will be sent to the guest same day of check-in once payment is confirmed - Check-in from 03.00 PM to 08.00 PM- Check out is at 12.00 PM- No late check out is permitted - No early check in is permitted- Guest will be asked to provide an insurance deposit 300 USD that will be held from his credit card - Unmarried couples and mixed groups are not allowed- Proof of relation may be asked to be provided to us (example: Marriage Certificate) - Visitors are not allowed"
1319518528043591424,"Experience an unforgettable stay in our luxurious dome, offering breathtaking views of the Pyramids of Giza. Unwind in the hot tub under a starlit sky, and wake up to stunning sunrises over Egypt’s most iconic landmark. Perfect for couples or solo travelers seeking a unique and tranquil escape.       An Intimate Experience in Elegance and SerenityIn Esfera Celeste, we believe that experiences are personal, meaningful, and best-savored in moments of introspection and mindfulness.The spaceEsfera Celeste Dome: An invitation to immerse yourself in the beauty of the present moment.Features & AmenitiesInterior:Step inside a celestial sphere designed to blend elegance and comfort seamlessly. The dome features:	•	A cozy living room with comfortable chairs.	•	A relaxing bedroom.	•	A fully equipped kitchenette, including:	•	Microwave	•	Mini fridge	•	Coffee machine with filter	•	Pots, pans, plates, glasses, cups, and all necessary cooking utensils	•	A modern bathroom with a shower and hot water.	•	A hammock by a large window offering breathtaking views of the pyramids, inviting nature into your space.Exterior:The dome extends into a spacious private terrace facing the pyramids, offering:	•	A private Jacuzzi	•	A stargazing net	•	A lounge area	•	SunbedsAn oasis of serenity, this outdoor space lets you connect deeply with nature.Dimensions:Spanning 45 square meters, the dome offers ample room to relax and unwind.Decor:Beautifully decorated with handmade Egyptian crafts, the dome exudes a sense of authenticity and charm.Air Conditioning:Stay comfortable with air conditioning available in the dome.Wi-Fi:While the serene environment encourages you to disconnect and embrace nature, Wi-Fi is provided for your convenience.Private Desert Terrace:Your terrace opens to the enchanting desert landscape, inviting you to step out and enjoy a peaceful stroll straight from your bed.Private Jacuzzi:Begin your mornings with a refreshing dip in your private Jacuzzi, feeling the soothing embrace of hot or cold water. Greet the sun, breathe in the crisp desert air, and revel in a unique moment of tranquility.Guest accessDownstairs the building we have everything you may need Groceries Supermarket Pharmacy Local good restaurant Local Coffe shoplocal sim card shopOther things to noteTo ensure a smooth and enjoyable experience, please take note of the following:	•	Jacuzzi Heating: To avoid any inconvenience, kindly refer to the instructions provided via the link we share. Keep in mind:	•	In winter, it takes 6 to 7 Hrs to heat.	•	In summer, it takes 4 Hrs to heat.	•	Check-in Process: For a seamless check-in experience, please follow the required instructions carefully.It is always our pleasure to host you and provide a rejuvenating stay at our healing property."
1468774485421506304,"Welcome to your sleek and modern studio , located in the heart of Giza pyramids  .This beautifully designed space offers the perfect combination of comfort, convenience, and elegance, making it ideal for solo travelers, couples, or business guests.The space✔ Sleeping Area: A cozy queen-size bed with high-quality linens for a restful sleep.✔ Living Area: A stylish lounge with a comfortable sofa, Smart TV, and floor-to-ceiling windows for plenty of natural light.✔ Fully Equipped Kitchen: Featuring a stove, microwave, refrigerator, and coffee machine, perfect for preparing meals.✔ Dining Space: A modern dining table, ideal for meals or remote work.✔ Bathroom: A sleek bathroom with a walk-in shower, fresh towels, and essential toiletries.✔ Balcony: A private outdoor space to unwind and enjoy the peaceful surroundings- Smart TV and high speed WI-FI- Desktop- Air conditioning and supply and exhaust ventilation- Washing machine- Ironing accessories- HairdryerGuest accessIncluded in cost:- Parking spaceGuest accesshat's nearbyGiza Pyramids1.8 kmGreat Sphinx1.9 kmCataract Pyramids Resort4.8 kmThe Andalus Park13 kmCairo Tower13 kmMuseum of Egyptian Modern Arts13 kmQasr el-Nil Bridge13 kmAUC Tahrir Square14 kmFustat Park14 kmCoptic Museum14 kmRestaurants & cafesCafe/BarBeit El Ezz800 mCafe/BarWeekend500 mCafe/BarHalawa500 mTop attractionsTahrir Square14 kmThe Egyptian Museum14 kmAbdeen Palace15 kmAquarium Grotto Garden15 kmIslamic Art Museum15 kmThe Azhar Park18 kmCairo Citadel19 kmPublic transitSubwaySakiat Mekki8 kmSubwayAl-Mounib8 kmTrainGiza Suburbs8 kmTrainEl Giza Train Station8 kmClosest AirportsCairo International Airport30 kmSphinx International Airport32 kmCapital International Airport93 kmOther things to noteGuidelines for Keeping the Unit and Belongings Clean During Your Stay on Airbnb---1. Before Arrival- Make sure all windows and doors are closed after entering, and turn on the ventilation system if available.- Wash your hands immediately upon entering the room, especially before touching furniture or electrical appliances.2. During Your StayA. Caring for Furniture- Avoid placing food or drinks on carpets or sofas.- Only use the designated eating areas (dining table or kitchen).- Do not move the furniture from its place; if you need to adjust it, leave it as it was and inform the host.B. Kitchen- Wash dishes and utensils after each use and place them in the drying rack or dishwasher.- Use paper towels or kitchen trash to dispose of food scraps.- Do not leave food out of the refrigerator to avoid odors and insects.C. Bathroom- Use towels for their intended purpose, whether for drying your face or body, and not for anything else.- Use paper towels neatly and do not throw them in the toilet or sink.- Clean the sink after use.- Close the shower door after bathing to avoid moisture buildup.D. Electrical Appliances- Do not insert any foreign objects into the air conditioner, television, or any electrical device. - Turn off devices you are not using (such as the TV or air conditioner) to save energy. 3. Before Leaving - Arrange the room as you found it: return the furniture to its place, and fold the sheets and towels. - Dispose of trash: place garbage bags in the designated bin and close them tightly. - Inform the host of any damage or missing items (such as broken glass, a malfunctioning air conditioner, etc.). 4. Additional Tips-  Passport or national ID required-  No external visits... Only people staying inside the apartment .-  it's not possible to book accommodations for Arabs without an official marriage contract-  If you notice any unexpected stains or dirt, inform the host immediately. -  Maintain a low noise level, especially at night, to ensure the comfort of your neighbors. -  Guests can book housekeeping services on-demand for a nominal fee. This ensures you can enjoy an        uninterrupted and environmentally sustainable stay. Housekeeping services must be scheduled 24 hours in advance. - If you are a family of more than 4 up to 10 adults, we can arrange multiple rooms on the same floor or    inter-connecting rooms to make you all feel comfortable in the same place but it’s subject to availability and advance notice is required.Thank you for helping to keep the unit clean and for ensuring an enjoyable stay for everyone.If you have any questions, I’m here to help. Hope you enjoy your stay!"
1344833182175148288,"Experience Cairo from this stylish Kasr El Nile studio, perfectly located downtown, minutes from Tahrir Square, the Nile, and more. This modern space features a king-size bed, Wi-Fi, Smart TV, and a fully equipped kitchenette. Enjoy a peaceful stay with easy access to restaurants, cafes, and transport. Whether you're visiting for work or leisure, this cozy studio offers comfort, convenience, and a true taste of Cairo."
1661961428021860864,"A luxurious studio with a direct panoramic view of the Giza Pyramids, where you can enjoy a clear sight of all three pyramids right from your room. The studio features a private jacuzzi for a unique and relaxing experience, a fully equipped kitchenette, and a modern, elegant bathroom. On the rooftop, there is a fully equipped restaurant serving breakfast, lunch, and dinner, offering a complete and comfortable stay in a prime location near one of the world’s most iconic landmarks.Other things to note- It is not allowed to book accommodations for Arabs without Certificate of Marriage.-  no visitors allowed 🚫"
1391961996516455936,"Live a life of luxury in the luxurious and sunny Zamalek apartment, where the design is wonderful and comfortable for the soul, with wonderful views of the Zamalek neighborhood and the Nile River, and close to tourist places, as well as in the center of the embassy neighborhood next to the European and Gulf embassies, which provides the highest levels of safety, discipline and calm around the clockThe spaceTwo rooms, a sunny hall, two bathrooms, and a kitchenGuest accessA two-bedroom apartment with a living room, two bathrooms, a kitchen and two balconiesOther things to noteNo parties or loud noises"
1130933842478962944,"A distinguished location in the most prestigious areas of Hadayek Al-Ahram, area of 200 meters, 3-piece reception, 3 rooms, spacious areas, 2 bathrooms, large balcony, small balcony. The entire apartment has a view of the pyramids, as shown in the pictures, equipped with upscale furnishings, seeing pyramids , The location is very quiet and also close to all the main streets And servicesNB:Room furnishing will be completed immediately before contracting"
1650309846526152448,"Isis Gate Double Suite | Dream Inn Pyramids ViewStay in the heart of Giza, where history meets comfort. Just 10 minutes from the new Giza Pyramids entrance and the Grand Egyptian Museum, and only a 1 minute walk to Marriott Mena House. Wake up surrounded by timeless wonders and unwind in a space designed for both relaxation and inspiration where every moment feels like a story worth rememberingThe space• Guests have full private use of their double suite, including a private bathroom and all essential amenities. Flexible bedding options are available upon request (king bed or twin beds).Guest access• Guests have full private use of their double suite, including a private bathroom and all essential amenities. Flexible bedding options are available upon request (king bed or twin beds).Other things to noteAs per Egyptian law and local regulations, guests from Arab countries or Muslim backgrounds are kindly requested to provide an official marriage certificate (orfi contracts are not accepted). Please note that visitors are not allowed in the room"
1061500549000037376,"Book an enchanting getaway in this grand two-bedroom gem ornamented with vintage artwork and treasures collected from our world travels. Stay just steps away from Cairo's major museums, monuments, and landmarks while feeling like you are embedded in the culture. Everything in the space was designed specifically for the space and for you to have an artistic experience.Great for groups of friends, couples, or families.The space📍 *Unbeatable Downtown Cairo Location*Stay right in the heart of *Downtown Cairo*, just 5 minutes from the city’s most iconic landmarks. You’ll be a short walk from the world-famous *Egyptian Museum* and *Tahrir Square*, surrounded by historic cafés, local boutiques, vibrant nightlife, and the famous Marouf fashion district.A quick drive 15 minutes takes you to the legendary *Giza Pyramids*, while *Cairo International Airport* is easily accessible for arrivals and departures. Downstairs you’ll find cafés, juice stands, and convenience shops—everything you need within minutes. 🚕🏙️---If you’re visiting Cairo for an unforgettable experience, your stay should feel just as special. This thoughtfully renovated Downtown apartment combines modern comfort with the timeless character of historic Cairo—soaring ceilings, airy rooms, vintage décor, and handcrafted details sourced from local markets. ✨🌿 *What you’ll love:*🛏️ *Two spacious bedrooms* — each with a comfortable queen bed, vanity table, wardrobe with locks for valuables, and powerful air conditioning for Cairo’s warm summers❄️ *Cool & comfortable rooms*Each bedroom features its own air-conditioning unit along with dedicated desks or vanity tables, giving you both comfort and space to prepare for your day. Also there is a heater to insure your comfort in winter ❄️ 👥 *Flexible sleeping space* — the central parlor includes a sofa that converts into a queen bed, and French doors on both sides allow the room to fully close off and become a private third bedroom when needed *Great for groups* — with multiple sleeping arrangements and an additional air mattress available, the apartment can host up to 8 guests comfortably🛋️ *Relaxing living room* — watch TV or unwind while admiring handcrafted details like the custom mosaic artwork and Arabesque coffee table made by local Egyptian artisans🌿 *Charming balcony* — enjoy the sounds of the city from a quaint balcony overlooking a quiet side street, surrounded by tall plants for a touch of privacy🚿 *Modern bathroom*Enjoy bathrooms fitted with *rain shower, bidet, hair dryer, and a washing machine*, giving you hotel-style comfort with the convenience of home.🧺 *In-unit laundry* — washing machine and laundry hamper so you can pack light and refresh your clothes anytime🍳 *Fully equipped kitchen* — includes a gas stove, microwave, refrigerator, freezer, espresso maker, electric kettle, and all the essentials for cooking at home📶 *Strong Wi-Fi* for work or streaming🏺 *Curated décor* — paintings, antiques, and vintage pieces sourced from Cairo’s historic markets give the apartment the feeling of staying inside a living gallery---A unique, spacious, and character-filled stay in the very center of Cairo—perfect for travelers who want to experience the city’s history while enjoying modern comfort. ✨Guest accessYou will have full access to the entire space with all the lovely details, from the living room and bedrooms to the balcony. Feel extra secure in this building, as there is a nice doorman downstairs.Other things to note- The apartment is located up a short flight of stairs on the second floor.- Please note that the heating in some of the room are space heaters. - If you are doing a photoshoot, please message us first as we approve these case by case and for an extra fee"
1381310134257979136,"Experience one of Maadi’s most breathtaking homes  a luxurious 3-bedroom apartment on the banks of the Nile 🌊✨.From sunrise to sunset, the river surrounds you, offering a 360° panorama of sparkling water, city lights, and serene views 🌅🏙️.The master bedroom opens to sweeping Nile vistas, while three spacious balconies invite you to enjoy your morning coffee ☕ or watch the sun set over Cairo’s skyline 🌇.Every corner is designed for style, and beauty — a true Nilefront masterpiece 🏡🌿.The space🏡 3-Bedroom Nilefront Masterpiece – Heart of Maadi 🌊✨Experience a one-of-a-kind apartment surrounded by the Nile in the heart of Maadi.Master Bedroom 🛏️ – King-size bed with panoramic floor-to-ceiling views of the Nile, creating a breathtaking backdrop from sunrise to sunset 🌅.Second Bedroom 🛏️ – Cozy boho-style décor with a comfortable double bed and Nile views 🌊, perfect for a relaxing retreat.Third Bedroom 🛏️ – Two single beds, ideal for friends, family, or children, combining comfort and style.🍽️ Dining & Living AreaThe open-plan dining area connects to the spacious living room 🛋️, where large windows frame the flowing river, giving you the feeling of floating right on the Nile ✨.The apartment includes 1.5 bathrooms 🚿 and a fully equipped kitchen 🍳, perfect for preparing meals while enjoying the river views.🌿 BalconiesThree private balconies wrap around the apartment, offering panoramic Nile views 🌊 and the perfect spot for morning coffee ☕ or evening sunsets 🌇.This is more than a stay — it’s a true Nilefront experience.Guest accessGuests have full access to the entire apartment 🏡, including:All three bedrooms 🛏️Spacious living & dining area 🛋️🍽️Fully equipped kitchen 🍳1.5 bathrooms 🚿Three private balconies 🌊☕🌇 with stunning Nile viewsAdditional amenities include:Wi-Fi 📶Air conditioning ❄️Smart TV with Netflix & YouTube 📺Washing machine 🧺Everything is set up to ensure a comfortable, relaxing, and memorable Nilefront stay ✨🌿"
1455696827301344000,"Cairo's Ultimate Luxury Penthouse: Panoramic Views & RooftopWelcome to an unparalleled, high-end retreat on the entire top floor in prestigious area of Sheraton Heliopolis. Experience breathtaking 360-degree panoramic views.Step onto your 160 sqm private rooftop oasis, featuring lush artificial grass, a huge shaded pergola with luxurious seating, additional outdoor furniture, and a chic marble bar. Sophisticated outdoor lighting creates a magical ambiance.Direct Access provided by ElevatorThe spaceExperience the perfect blend of prime location and refined living, with easy access to Cairo's business districts, upscale shopping, and renowned attractions. Ideal for discerning travelers seeking spacious, stylish luxury.Unrivaled Style & High-End Comfort:•	Stylish & Spacious (200 sqm Interior): Recently completed just months ago, this 2-bedroom residence showcases impeccable craftsmanship, with every detail exuding modern elegance and superior comfort. High-end furnishings and distinctive decorative touches create a visually stunning and inviting atmosphere.•	Luxurious Living Area: Relax on a plush, comfortable sofa while enjoying a Smart TV with access to popular streaming apps (Netflix, Amazon Prime, Youtube, and more - personal login required) for your entertainment. The space is fully air-conditioned, offers high-speed Wi-Fi, and a fully equipped gourmet kitchen (washing machine, dishwasher, microwave, etc.).•	Two Lavish Bedrooms: Designed for ultimate comfort and privacy.• Master Bedroom:  King-size bed with private, full en-suite bathroom and a spacious black glass wardrobe, offering boutique dressing-room feel.•	Guest Bedroom: Two small double beds with a beautiful dresser and full sized wardrobe for convenient storage.•	Additional Full Guest Bathroom: For added convenience.•	Advanced Climate Control: Air conditioning units are strategically placed throughout - 2 in the reception, 1 in the master suite, and 1 in the guest bedroom - ensuring perfect comfort in every space.•  Gourmet Kitchen: A fully equipped, high-end kitchen ensures you have everything needed for a seamless stay: washing machine, dishwasher, microwave, hot water kettle, stove, ample silverware, plates, all types of cooking utensils, pans, wine opener, various cups and mugs, fridge containers, serving platters, and much more.•  Prime Sheraton Heliopolis Location: Strategically located for maximum convenience - minutes away from Cairo Airport, City Stars Mall, and leading restaurants, while offering direct routes to New Cairo, Nasr City, and many other areas."
983414519320104320,Minimum rental period is one month
1320558631955734272,"The “Everflowing” is more than just a place to stay; it's a place to connect.Every detail is crafted with care, inviting you to experience the flow and warmth of this space as your own. Let the calm energy of the Nile settle you into the moment, and allow yourself to fully relax. We hope this apartment becomes a part of your story as much as the Nile is a part of Zamalek's story.The spaceFrom sunrise over the Nile to the lights of Zamalek at night, this gorgeous 2-bedroom apartment lets you experience Cairo from above. All beds feature Egyptian-cotton bedding and memory-foam mattresses for deep, quiet sleep. The view-filled living room has a 55” smart TV and comfy seating, perfect for unwinding after a day in the city. A peaceful, stylish base in one of Cairo’s most sought-after areas."
1287024945233007104,"Escape to our modern Zamalek apartment with stunning Nile and Cairo skyline views. This high-rise retreat features 2 spacious bedrooms, 1.5 bathrooms, and a fully equipped kitchen, perfect for business or leisure. Relax in the stylish living room with a 55-inch TV or enjoy breathtaking sunsets from the private balcony. Located in vibrant Zamalek, you’ll be steps from cultural sites, top dining, and cozy cafes. Book now for the perfect mix of comfort, convenience, and amazing views!"
29474692,"Dreamy and romantic, with three dainty balconies, this apartment is located in a charming early-20th century building situated in a pedestrian quarter of bustling Downtown Cairo - the cultural center of Egypt. With 4 meter high ceilings, reused architectural details, and a skillfully curated mix of antique, vintage, and new artisan-made furniture, this two-bedroom apartment contains a spacious reception, a cozy kitchen, a practical bathroom, and a laundry room with access to a loft bed area.The spaceThis exceptional apartment sleeps 4-6 people with its two comfortable bedrooms as well as an extra loft sleeping area accessible with a ladder from the dressing room. The bright corner master bedroom features a king size four-poster bed, a wraparound balcony, and an arched turret daybed, while the roomy secondary bedroom sports an antique brass double bed, a workspace, and a balcony. The fully equipped kitchen with a dining area leads out to a cozy balcony for two, and the spacious reception, accented with antique wooden ceilings, has plenty of seating space.Guest accessThe entire apartment including its balconies are yours to use."
1402756406268182016,"A cozy corner room with views , part of the authentic neighborhood atmosphere, with bed (160 × 200 cm), private bathroom, access to large shared terrace with views of  pyramids. The room is located above an active horse stable farm, so please expect early riders, natural animal, street sounds ((not for sensitive sleepers) which we can't control.• Hot water via solar system• Shared kitchenette• Fans provided free of charge• A/C and heating available at €3 per night• ❌ No Wi-Fi   ❌ No OrfiThe space⏰ CHECK-IN / CHECK-OUT POLICYNO EARLY CHECK-IN / NO LATE CHECK-OUT• Check-in: after 2:00 PM• Check-out: by 11:00 AMIf you wish to arrive earlier or leave later, please book an extra night to avoid disappointment.🎒 BAG STORAGE / DROP-OFF ONLYAvailable while the house is being prepared.This is drop-off only — no hanging out around the house.• Small bag: 100 EGP (≈ $3 USD)• Large bag: 200 EGP (≈ $6 USD)🌿 ABOUT THE PLACE – PLEASE READ CAREFULLYThis is a simple, farm-style home, oriented toward eco-sustainable living.The room is located above our stables, home to 80+ horses and donkeys 🐎. • Accessed by stairs through the stables entrance• This is a self-catering HOME, not a hotel — expect a homely atmosphere.•  there is NO room service nor servants. You carry your bags bring your own cigarettes and take care of room cleanliness etc. If you like bedding and towels changed daily there will be an additional charge. We have NO room service nor servants. You carry your bags, make your own tea, bring your own capsules for coffee machine and take care of room cleanliness etc. If you like bedding and towels changed daily, additional toilet paper there will be additional charge. ⚡ ELECTRICITY & SUSTAINABILITYEgypt experiences occasional electricity shortages, which are beyond our control.Please be mindful:• Lights OFF when not in use• Do not leave lights on when leaving the room or apartmentIf lights are left on, we will switch them off (by entering the room if needed).Please help us protect the environment 🌍 and reduce waste.🛏️ AMENITIES• Bedding & towels provided• No hairdryer available• NO Wi-Fi — please arrange an eSIM or local SIM for internet• Fan provided free of charge• Heating & A/C available at €3 per day per unit• Universal power sockets (one includes USB)👧 CHILD POLICYChildren over 10 years old are welcome under full parental supervision.Please note:• Animals, cactus, stairs, terraces, and multiple levels• No kids’ entertainment providedParents are fully responsible for their child’s safety and free time.🇪🇬 IMPORTANT – EGYPTIAN GUESTSNO ORFIOnly officially registered marriages are accepted, in accordance with local law.NO VISITORS from outside allowed. No drivers, friends or your tour guides , this is our home not a public place.Guest accessHouse open areas are shared with us and other guests. You may use all terraces in respectful way.📍 LOCATION & ARRIVALOur street is unique — full of horses, donkeys, and camels. Not easy to find, but that’s old Giza charm! You’ll enjoy open Pyramid views and spacious outdoor areas.If you want tourist hustle right at the Pyramid gate, this is not the place for you. Museums & Pyramids are 9–20 min by foot or car, markets & restaurants just 5 min away by tuk-tuk or walk.Recommended: Use our trusted drivers.• English-speaking & know the area• Will show you the house, doors, and room• Arrival is stress-freeIf you take your own transport, follow our Google Maps location carefully. Most drivers don’t know our street, and we cannot provide assistance at night.⚠️ Arrival on your own is at your own risk — no refunds if the driver gets lost.During your stayMost of the time we are available around as we live here ! But please please understand we have a lot of house tasks to do and busy, so we can't sit and talk about all Egypt hystory and so, please do your research before you come. We live on the property, so we are often around and available if needed.However, please understand that we run a busy household and equestrian place, so we cannot spend long hours socializing or giving history lessons. We kindly ask guests to do their own research before arrival.When time allows, we are happy to interact, assist, and help with practical matters.Other things to notePLEASE READ CAREFULLY BEFORE BOOKINGWe live in Masr (not “Egypt” as a concept 😉 — Google the difference!)This is a desert & horse-stables area, not a city or resort location.⚠️ If you don’t like animals, this is NOT the place for you. Sorry.🐎 ANIMALS & ENVIRONMENTWe live above active horse stables, so please expect:• Natural smells at times• Sounds from horses and donkeys (horses love talking 😄)• Flies, dust• Local noise especially on weekends as many riders come to the area to enjoy late nights and early ridesWe also share our home with:• 🐱 Shaqia, our very curious and friendly cat (she loves sleeping on beds)• 🐶 Two rescued chihuahuas — friendly but still cautious with new people(They love guests and treats — limited please, ask first!)This is a very Egyptian, authentic environment.❌ Do NOT expect 5-star streets or polished surroundings.✔ Expect simple, real local life, very different from downtown or tourist areas.We have dust, flies, desert air, and nature — this is part of where we live and what we love.If you are not open-minded or sensitive to these realities, this place may not suit you.🏜️ LOCATION & SURROUNDINGS• Desert & stables area• We do not control street activity• Supermarket just a few minutes’ walk for basics• We can take you to a local market for vegetables, fruits, and more🌱 SUSTAINABILITY• Drinking water filters provided• We recycle almost everything🧺 LAUNDRY SERVICELaundry available at additional cost:• €3 per load• Large-capacity, top-load machines only• No small loads. Guest hangs items themselves after washing.If you need specific washing requirements, we recommend using a city laundry service (we can’t recommend one as we don’t use them ourselves).🍳 BREAKFASTLocal-style breakfast available at €3 per person (on request).EXPERIENCES & EXTRAS (ON REQUEST)As we operate a professional equestrian facility, we offer the following activities:• Horse riding lessons• Horse carriage rides to the Pyramids• Sunrise / sunset desert rides• Horse riding to the Pyramids or desert💶 From €25 per person per hourWELLNESS & FOOD• Full-body massage, foot massage, and other treatments available• BBQ or Egyptian home-cooked meals available by request only– Pre-booking and pre-payment required– Price depends on number of guests and selected menu– Not available on short noticeDRINKS & SHISHA• Shisha, local coffee, and tea available from the downstairs coffee shop• Can also be provided by us at an additional charge🏠 HOUSE RULES – VERY IMPORTANT• NO outside guests allowed(No drivers, friends, guides, or visitors — this is our home not a public place)• NO ORFI (unless 2 rooms booked)• Please treat the home with care —many mismatched or damaged items are sadly from previous stays.This is a unique place, run with love, animals, dust, imperfections, and heart.We promise to do our best for you, as long as expectations are realistic 🤍"
1295698845162295808,Enjoy a stylish experience at this centrally-located place at DownTown Boho Apartment
1549181843960990464,Reconnect with loved ones in this family-friendly place.
873185899027327232,"-This unique place is a wooden apartment that is distinguished from others in that it is healthy and environmentally friendly, with a more beautiful design that makes you feel comfortable and gives you a feel of nature-Very Spacious roof with very beautiful view, located 2 minutes from the Nile in the most stylish district in Cairo-You can enjoy a sunny break-Very close to all services on foot -The roof is on 5th floor without elevator and the interior stairs to the roof are a bit narrowThe spaceYou are guaranteed to enjoy your stay in a Clean, Safe, Quiet, Fully Equipped and Luxurious hotel like apartment with a Lowest Price.A fashionably nice apartment with all amenities a guest could look for. It consists of 1 bedroom 18 meter, a bathroom 7 meter, living area 50- meter, outdoor area 50 meter with a grill, kitchen 16 meter, working space, high speed internet.A fully equipped kitchen, with all what you need in addition to a washing machine, dining area and smart TV 43 inch.Guest accessThe guest has full access to use everything in the place and does not share it with anyone elseOther things to noteThere are many of restaurants, Cafes, shops, supermarkets, and pharmacies are all walking distance."
1561888686587426816,"Enjoy the Best View in Town from this premium 1-bedroom suite in Aljazi at JW Marriott Residences.Access top facilities: indoor heated pool, outdoor pool, gym, restaurant, bar, sauna, jacuzzi, and spa, within one of New Cairo’s most exclusive compounds.Perfectly located near the most popular malls, dining spots, and landmarks in Fifth Settlement."
1516522674034869760,"✨ Welcome to The Great Pyramid Duo Khan ✨A beautifully designed apartment in Kafr Nassar, Giza Governorate, combining modern comfort with authentic Egyptian charm.📍 Just minutes away from the legendary Great Pyramids of Giza and the Sphinx, this spacious home is the ideal base for families, couples, and travelers looking for both convenience and an unforgettable experience.🏡 The apartment blends traditional style with modern amenitiesThe space🛏️ Two spacious bedrooms with cozy beds, fresh linens, and plenty of storage for your comfort.🛋️ A warm, inviting living room featuring comfortable seating, a smart TV, and large windows that fill the space with natural light.🍳 A fully equipped kitchen with stove, refrigerator, cooking utensils, and a dining area — perfect for enjoying meals together.🚿 A clean, modern bathroom with hot water, fresh towels, and essential toiletries.❄️ Air conditioning in every room, ensuring year-round comfort.🌐 High-speed Wi-Fi for work, streaming, and staying connected during your stay.🌿 A private balcony where you can relax, enjoy fresh air, and take in neighborhood views.Guest accessAs our guest, you’ll have exclusive access to the entire apartment — no shared spaces.🍳 Cook your favorite meals in the fully equipped kitchen🧺 Do your laundry with the in-unit washing machine🌿 Relax and unwind on the private balconyThe building is safe and secure, making this apartment perfect for both short visits and long-term stays. 🏡✨Other things to noteAirport pickup & drop-off available upon requestJust a short drive to the Pyramids, Sphinx, Egyptian Museum, and Khan El Khalili BazaarClose to supermarkets, cafes, and public transportationPerfect for families, business travelers, and tourists alike"
1626885025560964352,
1381909454017496576,"Wake up to breathtaking panoramic views of the Nile in this elegant Zamalek Loft. The stylish living room features a 55-inch smart TV, while the fully equipped kitchen also overlooks the Nile.Both bedrooms promise restful sleep with memory foam mattresses, hotel-grade pillows, and Egyptian cotton bedding—one with a king-size bed, the other room features two single beds. The apartment also offers a gorgeous full bathroom and a separate guest toilet complete for added comfort"
1663770474362885888,
1585666207665224448,"First floor without elevatorOther things to noteLocated in the heart of the most sought after neighborhood in Cairo, Masbero, Downtown, with amazing nile view .. this newly refurnished one bedroom apartment is the perfect destination for your holiday, business trip or long term accommodation. It also boasts a spacious living room with modern furnishing, well equipped kitchen, and fine furnishings.The spaceThe apartment features "" Smart TVs with internet access, HIGH SPEED Wi-Fi, equipped kitchen, a private bathroom"
1533469992700414976,"Experience modern boho luxury in this brand-new (Oct 2025) apartment located in the prestigious West Golf Extension, New Cairo — just minutes from 5A Walkway, Cairo Festival Mall, and Katameya’s vibrant spots. Enjoy presidential master bedroom, 4 Smart TVs, concealed A/C, electric shutters, and all-new appliances in a bright, elegant space. Perfect for guests seeking comfort, style, and an upscale Cairo experience."
1516286876818942464,"Welcome to your new home in Zamalek — one of Cairo’s most prestigious neighborhoods. This elegant apartment offers 2 spacious bedrooms, 2 modern bathrooms, a bright reception with smart TV, and a fully equipped kitchen. Located on a quiet, leafy street near cafés, supermarkets, and embassies. The building features a clean entrance, elevator, and professional management. Safe, secure, and perfect for families or professionals.The spaceElegant apartment in Zamalek featuring 2 bedrooms, 2 bathrooms, a bright reception with smart TV, and a fully equipped kitchen. Located on a quiet street near cafés, supermarkets, and embassies, with elevator and secure building—ideal for families or professionals.Guest access•	Bedroom 1: One double bed	•	Bedroom 2: Two single beds	•	Reception / Living area with panoramic windows and plenty of natural light	•	Fully equipped kitchen	•	Two bathrooms"
1605417407792668928,"Experience a truly exceptional stay in this spacious 4-bedroom apartment with panoramic views of both the Nile and the Pyramids. Designed for luxury, comfort, and privacy, the apartment features elegant interiors, large windows, and breathtaking scenery from multiple rooms. Ideal for families or groups, it offers a refined atmosphere, premium furnishings, and a unique blend of Cairo’s most iconic views for an unforgettable stay."
1134834727239525248,"Discover your hideaway near the Pyramids, a space where ancient wonders blend seamlessly with modern style.Gaze at the majestic view from your room and soak up the magic of Giza in total comfort.This sunlit, thoughtfully crafted studio is your gateway to exploring Egypt’s most iconic destinationThe spaceThis bright and cozy apartment is designed for relaxation and comfort — perfect after a full day exploring the pyramids and the lively streets of Giza.Inside, you’ll find:✔️A private indoor jacuzzi, cleaned and sanitized before every stay✔️Two king-sized beds with hotel-grade Egyptian cotton linens✔️A bathroom stocked with fresh face and body towels✔️A compact kitchenette for light meal prep✔️A small dining table✔️Wi-Fi, Cable TV, and Chrome Cast — all free of charge✔️A Nespresso machine✔️Complimentary bottled water, and two coffee capsules✔️ Please note that there is a small sharing corridor between the main and extra external room.Guest access✔️Guests will have full private access to the Apartment and all of its amenities during their stay.✔️For larger groups or multiple bookings, feel free to contact us — we may have additional units available in the same building or nearby.Other things to note⚠️ Electricity or water outages may occasionally occur due to infrastructure maintenance in the area. While this is beyond our control, we’ll do our best to assist you if it affects your stay.✔️The rooftop is part of the building but not managed or maintained by us. We are not responsible for its access, safety, or cleanliness.✔️We kindly ask that you treat the space with care and leave it tidy at check-out."
1641357479567752192,"Experience a unique stay at your next vacation home blended with comfort, luxury and Egyptian infused vibes. A serviced apartment, featuring a cinematic projector , spacious balcony and a multi purpose living room. Enjoy free airport pick-up for bookings for 3+ nights,  and be sure to ask about our exclusive tour packages with attractive deals for all ages to explore Cairo like a local.The space🛏️ Sleeping Arrangements – 3 Bedrooms♛ Royal Master Bedroom: Extra King bed + Ensuite bathroom+ Its Own Living Room♛ Bedroom 2: Two Double beds♛ Bedroom 3: Two Single beds + Ensuite Bathroom ♛ Living Room with sofa bed♛ Dedicated Laundry Room and Maids Room for your convenience👶 Baby crib at request➞ Premium mattresses, hotel-quality bedding, and full blackout shades🛁 Bathrooms – 3.5 Total2 × Ensuite bathroom (Full)1 × Bathroom (Full)1 × Powder room (Half)✔ Fresh towels and essential toiletries provided🍽️ Kitchen & Dining- Fully stocked for home-cooked meals- Dishwasher, Electric Oven & Stove- Fridge Freezer, Microwave- Nespresso Machine, Kettle, Toaster- Full set of pots & pans (non-stick, frying pans, saucepans)- Baking trays, cutting boards, knives & cooking utensils- Plates, bowls, glasses, mugs & cutlery for all guests- Mixing bowls, colander, serving dishes🎥 Entertainment & Essentials- HD Cinematic Projector in Reception- 55"" Smart TV’s in Living Room- High-speed Wi-Fi throughout- Central air conditioning for year-round comfort- Washer/Dryer in laundry cupboard- Cleaning supplies provided- Iron, vacuum, mop & more🔑 Check-In & Guest Support- Self check-in via smart-lock- Digital guidebook with step-by-step check-in info & photos.- 24/7 guest support for anything you need- Fast response time – we respond within minutes- Professional cleaning before every stay"
1622549096871242752,"- 1611 y Haven Hospitality -Experience modern comfort in the heart of Zamalek, Downtown Cairo, at 1611 — a newly renovated and furnished 2-bedroom, 1-bath fifth-floor serviced apartment. Thoughtfully designed, it features a fully equipped kitchen and a private balcony with seating and city views. Perfectly located in the heart of Zamalek, steps from top cafés, galleries, and the Nile. Sleeps up to 4 guests.The space- 1611 By Haven Hospitality -Size: 85SQMFloor: 5thBalcony: YesBedrooms: 2Beds: 2 (1 Single & 1 King)Bathrooms: 1Amenities: Stacked.Kitchen: Fully EquippedLocation: Zamalek, Central Cairo.Guest accessGuests can access the whole space of the apartmentOther things to noteAdditional Services (available at an extra cost):- Housekeeping- Personal chauffeur services- Airport pickup and drop-off- Airport meet & greet (assistance from arrival at the plane)- Curated city tours (see attached City Tours PDF for details)Drop Off."
1437671449717350912,"Stylish Zamalek apartment with 2 bedrooms, 2.5 bathrooms, and a Nile view. Billiard table for leisure. Close to Downtown, Egyptian Museum, Cairo Tower (10 mins/5 KM). Great Pyramids of Giza (35 mins/21 KM). Conveniently located to Cairo's international airports (30-45 mins/25-32 KM). Enjoy comfort, style, and the beauty of Cairo at this exceptional apartment."
1527566992590507776,"Welcome to Nawafiz, our glass two bedroom Nile view apartmentPlease note: unmarried Arab couples are not allowed"
1557964439281854208,
1510754777616150784,"Welcome to Pyramids Apartments, your private view of the timeless Giza Pyramids. Soak in the beauty of the pyramids by day, then unwind in your own private in-room jacuzzi by night.This bright, thoughtfully prepared space is the perfect base for exploring, relaxing, and experiencing real Egyptian life — just minutes from one of the world’s greatest wonders.The spaceThis bright and cozy studio is designed for relaxation and comfort  the perfect retreat after a day spent exploring the pyramids and the vibrant streets of Giza.Inside, you’ll find:✔️ A private indoor jacuzzi, thoroughly cleaned and sanitized before every stay✔️ One queen-sized bed with hotel-quality Egyptian cotton linens✔️ A bathroom stocked with fresh face and body towels✔️ A compact kitchenette for light meal preparation✔️ Free Wi-Fi, Cable TV, and Chromecast✔️ A Nespresso machine✔️ Complimentary bottled water and two coffee capsulesGuest access✔️Guests will have full private access to the Apartment and all of its amenities during their stay.✔️For larger groups or multiple bookings, feel free to contact us — we may have additional units available in the same building or nearby.Other things to note⚠️ Electricity or water outages may occasionally occur due to infrastructure maintenance in the area. While this is beyond our control, we’ll do our best to assist you if it affects your stay.✔️The rooftop is part of the building but not managed or maintained by us. We are not responsible for its access, safety, or cleanliness.✔️We kindly ask that you treat the space with care and leave it tidy at check-out."
1476002826939712512,"For a long time, we  have dreamed of creating a space where families and large groups can come together.We named this project “Wujoud”, meaning existence in Arabic, because we believe a home isn’t just about walls and furniture — it’s about the presence of love, laughter, and memories.Wujoud is a place designed for families to exist in harmony, to gather, and to create lasting memories.It’s located in the middle of downtown, 5 mins walk to Tahrir square & the Egyptian museum"
1600937347509723392,"Make some memories in this unique and family-friendly home with a great view of the Nile River and Gezira Island and a direct view of the pyramids, where it enjoys all the comforts, safety and proximity to all tourist places, shopping places, Nile boats, parks and the center of the country, which is distinguished by the antiquity and authenticity of the beautiful time"
780234254783166208,"Located 23 km from Cairo International Airport, 4 km from Cairo Festival City, 18 km from Citystars Heliopolis, 35 Km from Giza PyramidsM residence provides a private heated swimming pool with a private garden that includes a seating area with a barbecue and a mini bar.The fully air conditioned apartment includes a Living room fitted with a seating area, dinning area and a fully equipped kitchen.2 Master bedrooms with Flat Tv screens.Free Wi-fi included.The spaceSpacious"
1416740441171469568,"✨ Looking for an escape that redefines your travel experience? ✨Wake up to an uninterrupted view of the Great Pyramids of Giza, right from your private studio.The space combines a calm, nature-inspired design with soft ambient lighting, automated curtains, and a warm, intimate atmosphere — ideal for a memorable evening or a peaceful retreat.The spaceImagine watching the sun set between the Pyramids, the sky glowing in shades of gold, while you take it in from the comfort of your private studio. This is where history meets serenity.Each morning begins with a panoramic view of the Great Pyramids, and just steps away, you can explore vibrant streets, authentic culture, and timeless wonders. After a day of discovery, retreat to your thoughtfully designed studio — a space that blends comfort, elegance, and a sense of connection to Egypt’s rich heritage.With a prime location that places you at the heart of Giza, you’ll experience both the rhythm of local life and the awe of one of the world’s most iconic landmarks.This is more than accommodation — it’s offering the perfect balance of modern design and unforgettable atmosphere.Guest access💻 Free High-Speed Wi-Fi – Stay connected with ease📺 Smart TV – Enjoy your favorite shows and movies anytime🔐 Smart Door Locks – Hassle-free and secure self check-in🍳 Fully Equipped Kitchenette – Includes a cooktop, microwave, mini fridge, and silverware – perfect for light cooking🚗 Dedicated Parking – No stress, your spot is always waiting❄️ Air Conditioning – Stay cool and comfortable year-round🏡 Entire Space Just for You – Total privacy, total comfort🌈 Ambient Lighting – Set the mood for a relaxing or romantic evening🪟 Electric Curtains – Open up to breathtaking views with the touch of a buttonOther things to note🌍 A True Egyptian Experience Awaits You!Our neighborhood might surprise you at first glance — some streets are unpaved, and you may see camels, horses, and children playing joyfully in the streets 🐪🐎👦. This is part of the area's charm, offering a raw and authentic experience of daily life in Egypt. Rest assured, it’s a safe, welcoming, and culturally rich place where you can truly immerse yourself in the local way of life.✨ What makes our Airbnb truly special is its unique location in the heart of a local neighborhood — not just near the Pyramids, but woven into the history and rhythm of the land itself.🗺️ Just a short away, you’ll find:🏜️ The Great Pyramids of Giza – one of the Seven Wonders of the Ancient World🏛️ The Grand Egyptian Museum – home to priceless artifacts and pharaohs’ treasures🦁 The Great Sphinx – Egypt’s timeless guardian🏯 The Step Pyramid of Sakkara – a hidden gem steeped in history🛍️ Local Bazaars & Gift Shops – perfect for picking up authentic souvenirs"
1148587259262300800,"Step into a slice of cinematic history with Mint Stays Egypt – the key to your stay. Our charming apartment, a backdrop for iconic Egyptian films, invites you to relive the golden era. Enjoy breakfast on the terrace, boasting breathtaking views.The master bedroom features late 18th-century furniture, the dining room exudes timeless Art deco  furniture elegance. You'll find original 1950s to 1980s film posters adorning the walls. Discover comfort and nostalgia in every corner.The spaceThe apartment is on the 9th floor with 2 elevators.  45"" LED TV with internet access, HIGH SPEED Wi-Fi, 2 Bedrooms, fully equipped kitchen, 2 private bathrooms.Just steps from Khan el Khalili, Tahrir Square, Moez Street, Abdeen Palace and 15 mins drive to The Great Pyramids, explore Cairo's rich history and vibrant culture. With stores and beloved cafes at your doorstep, indulge in the city's charm. Housed in a historic building once inhabited by movie legends, enjoy 24/7 security and attentive building managers, ensuring peace of mind in the heart of the bustling metropolis.Guest accessPer local regulations, we can only accommodate married couples. A valid marriage certificate must be presented.Other things to notePassports for all guests must be sent before check-in for legal registration, as required by local regulations."
1538334896256907776,"Welcome to your home in the heart of Zamalek, Cairo’s most central and sought-after neighborhood. This spacious 5-bedroom duplex features 11 beds and 5 full bathrooms, with three ensuite rooms for added comfort and privacy. Enjoy your own private entrance and free parking, a rare find in central Cairo. Bright, elegant, and fully equipped, it’s ideal for families, business groups, or friends who want space and style near cafés, restaurants, and the Nile.The space✶ BEDROOMS ✶5 spacious bedrooms with comfortable beds and fresh linens.3 ensuite rooms, each with a private full bathroom.✶ BATHROOMS ✶5 full bathrooms in total for added convenience.✶ KITCHEN ✶Fully equipped with all essentials for cooking and dining.✶ LIVING SPACES ✶2 large living rooms perfect for relaxing or gathering as a group.✶ DINING AREA ✶Includes a built-in bar for shared meals and entertaining.✶ TERRACE ✶Private outdoor area for fresh air and quiet moments.✶ PARKING & ACCESS ✶Free private parking on the premises and a private entrance ensuring privacy and ease of access."
1468039225480569856,"A cozy Nilefront apartment with a beautiful panoramic river and city view.Bright living room with full glass windows, relaxing seating area, and a warm modern design — perfect for couples, families, and business stays."
1570242333353102848,"Wake up to breathtaking direct Pyramids view from your private balcony! This luxurious, comfy suite features a huge Jacuzzi and in-room breakfast for ultimate privacy. Perfect for romantic escapes, yet spacious for families.Enjoy a very nice neighborhood filled with restaurants, just a 2-minute walk to the Marriott Mena House. Experience unparalleled comfort with the ancient wonders at your doorstep."
1656799728039423232,
1360705356457676800,"Modern 4BR/3BA Duplex in New Cairo's 5th Settlement. Stylish two-story layout with spacious living areas, full kitchen, dining room, Wi-Fi, AC, washer/dryer & smart TVs. Bedrooms offer comfort & privacy; bathrooms feature rain showers & premium finishes. Located near CFC Mall, cafes & business hubs—perfect for families, groups, or business travelers."
1559005011667532288,Big villa with a nice view
1384463896262583552,Make some memories at this unique and family-friendly place.
1217270627709511936,"🏺 Welcome to the Pharaonic Ancient Egypt Doorway 🇪🇬✨Step into a one-of-a-kind stay where history meets style!Our unique property offers a multicultural experience across three beautifully designed apartments 🏡💫🔸 Feel the magic of ancient Egypt with warm, earthy tones and timeless vibes 🏺🔸 Enjoy the vibrant Mediterranean spirit full of color and life 🌊🌞🔸 Relax in rustic Bohemian eleganceNo matter your mood, you’ll find your perfect escape — a true home away from home ❤️The space✨ Property Features:❄️ Air conditioning in every room🧼 Spotless, well-maintained spaces📞 Smooth & responsive communication for easy booking🏡 Apartment Amenities:🍳 Fully equipped modern kitchen🛏️ Comfortable sleeping areas🚿 Stylish, modern bathrooms🛋️ Cozy and relaxing living spaces🎨 Unique blend of cultural decor & modern comfort🌍 Highlights:👨‍👩‍👧 Perfect for families & peaceful stays🧘 Ideal for relaxation and quiet escapes✨ A rich multicultural living experience📍 Book now & enjoy a stay like no other ❤️Guest access📍 Prime Location:🏺 Just 5 minutes from the Great Pyramids of Giza🔺 6 minutes to the Pyramid of Khufu✈️ Around 40 km from Cairo International Airport🛎️ Nearby Services:🍽️ Variety of restaurants & dining options🛍️ Easy access to essential services🏛️ Close to cultural & historical attractions✨ Stay in the heart of it all!Enjoy a perfect location that puts Egypt’s most iconic landmarks and everyday conveniences just minutes away. Whether you're exploring history or relaxing, everything is within reach.📍 Book now & experience the best of Egypt 🇪🇬✨Other things to noteEmbrace the History of Giza, get into the historic vibe and viable sounds.-Book now for a seamless and unforgettable stay in the heart of Giza!just waiting for you :)"
1446658569534429184,"Your family will be close to everything when you stay in this strategic home. Next to Carrefour Maadi, 15 minutes to Cairo International Airport 10 minutes to the castle and 5 minutes to Carrefour Maadi, Autostrad and Saharaway for free"
1658309958779764736,"Feel at home in our cozy, fully equipped apartment designed for a perfect family stay. Set in a prime location, it offers comfort and convenience at every corner. The large balcony is the perfect spot to spend quality time together, whether you’re chatting, playing, or simply enjoying a peaceful night under the sky."
1458081602095496192,"Experience the beauty of the Great Pyramids from your private suite with a direct view. Wake up to one of the world’s most iconic sights in comfort and style. This spacious suite offers modern design, a peaceful atmosphere, and all essential amenities for a relaxing stay. Perfect for couples or solo travelers looking for a unique and unforgettable Giza experienceOther things to note- It is not allowed to book accommodations for Arabs without Certificate of Marriage.-  no visitors allowed 🚫"
1651458625539048448,
1577498817421648128,"Wake up surrounded by history in the heart of Downtown Cairo.This thoughtfully designed space blends modern minimalism with the warmth of a vintage Cairo home, giving you the perfect mix of comfort, character and edge.Perfect for solo travelers, couples, creators, or business guests who want to feel Cairo’s authentic rhythm,without compromising on style or comfort."
1602952473937904640,"Located in the heart of ancient Giza, just steps from the Great Pyramids, our home offers a unique immersion into Egypt’s majestic past. Here, the silent grandeur of the pyramids meets the vibrant, buzzing energy of authentic local life. Amidst this legendary landscape and the warmth of Egyptian hospitality, we strive to make your stay truly unforgettable.Guest accessRoof Terrace"
1500564623119654400,"Step into Pyramids Apartments, where ancient wonders meet modern comfort, Start your day with pyramid views from your window, and end it soaking in your own private in-room jacuzzi.This sunlit, well-appointed apartment is your perfect home base for exploring Giza, offering a real taste of local life just moments from the pyramids.The spaceThis bright and cozy apartment is designed for relaxation and comfort, perfect after a full day exploring the pyramids and the lively streets of Giza.Inside, you’ll find:✔️ A private indoor jacuzzi, thoroughly cleaned and sanitized before every stay✔️ One Queen-sized bed with hotel-quality Egyptian cotton linens✔️ A bathroom stocked with fresh face and body towels✔️ A compact kitchenette for light meal preparation✔️ Free Wi-Fi, Cable TV, and Chromecast✔️ A Nespresso machine✔️ Complimentary bottled water and two coffee capsulesGuest access✔️Guests will have full private access to the Apartment and all of its amenities during their stay.✔️For larger groups or multiple bookings, feel free to contact us — we may have additional units available in the same building or nearby.Other things to note⚠️ Electricity or water outages may occasionally occur due to infrastructure maintenance in the area. While this is beyond our control, we’ll do our best to assist you if it affects your stay.✔️The rooftop is part of the building but not managed or maintained by us. We are not responsible for its access, safety, or cleanliness.✔️We kindly ask that you treat the space with care and leave it tidy at check-out."
1462083158663460352,"استمتعStylish apartment with private bath, kitchen, and a stunning Pyramid view. Perfect for relaxation or photo shoots. Located on the 5th floor with rooftop café & restaurant access"
1205923422679122432,"Welcome to your luxurious getaway in Giza! This modern studio is perfectly tailored to offer both style and functionality, merging contemporary design with elements inspired by the rich Pharaonic heritage. Nestled close to the Great Pyramids and the Great Museum, this space is an ideal retreat for those who appreciate comfort enveloped in culture.The spaceProperty Features:-Elegantly furnished living area with modern green and white striped furniture-Plush seating, woven rug, and bohemian pendant light-Comfortable King bed with white linens in a serene sleeping area-Fully equipped kitchenette: stove, microwave, refrigerator, and cooking utensils-Large windows with views of the PyramidsClose proximity to the Great MuseumStunning Views: Large windows frame mesmerizing views of the iconic Pyramids, providing a historic backdrop to your modern living experience. The proximity to the Great Museum also means that you're just moments away from exploring Egypt's rich history.Guest accessEnjoy exclusive access to the apartment, making it your comfortable haven in the bustling heart of Giza. Here’s how you can quickly connect to key landmarks and services:Proximity to Key Landmarks:-The Great Pyramids of Giza are just about Giza Pyramid Complex 5 min drive-Pyramid of Khufu - 6 min drive-Cairo International Airport is about 25 miles (40 kilometers) away, Services in the Area:The vicinity boasts a range of services including, dining options, and cultural sites, ensuring that you have everything you need at your fingertips.This central location not only puts you close to some of the most iconic sites in Egypt but also surrounds you with convenient services to enhance your stay. Whether you're exploring ancient monuments or enjoying local cuisine, everything is just a short drive away.Other things to noteEmbrace the History of Giza, get into the historic vibe and viable sounds.Important Rules-Book now for a seamless and unforgettable stay in the heart of Giza! just waiting for you :)"
1627920018543138816,"Luxury Ground Floor Studio | Prime LocationStep into a stylish, hotel-quality studio designed for comfort, privacy, and effortless living.✔ Smart Self Check-in (24/7) – seamless arrival anytime, no waiting✔ Private Ground Floor Access – easy entry, perfect for luggage & long stays✔ Smart TV with Netflix – premium entertainment experience✔ High-Speed WiFi – ideal for remote work & streaming✔ Fully Equipped & Professionally Furnished – modern design, hotel-level comfort"
1227500356597227008,"This is apartment 4 from our 6 units complex, in which all units have access to a shared rooftop that Has a outdoor jacuzzi , outdoor swing and picnic table .Newly renovated green house apartment located in a very prime and quiet location in zamalek a very strategic location for guests that are interested in visiting some of Cairo’s most attractions,The apartment is Equipped with all necessary luxury electronics and magical view overlooking a garden and a pool"
1176701377573639424,"Welcome to our comfortable apartment, perfectly located in the heart of Degla, Maadi! Situated just a few steps from everything you need, this home offers both convenience and tranquility. Whether you're here for business or leisure, everything is within walking distance, making this an ideal place to stayPrime Location* Only a 15-minute drive to New Cairo* 20 minutes to both Cairo International Airport and the Pyramids* Only 3-minute to the NileThe space3 bedroom ,five cozy beds to ensure a restful stayTwo bathroomsA large kitchenHigh-speed internetSmart TV for your entertainmentSecurity features including cameras and an intercom system in the building for peace of mindOther things to noteDon't worry, I’ll be there for you if you need anything during your stay! You’ll also find all the important numbers for nearby services such as the pharmacy, market, and bakery in case you need deliveries.Enjoy the best of comfort, security, and convenience during your stay in the heart of Cairo. We look forward to welcoming you!"
1380367733532763392,View GardenNew appliances and furnitureAll services includedOther things to noteWe are pleased to contact you
1660860920493578752,"Modern luxury apartment in center of Sheikh zayed city with privet entrance  ✨ Minutes from Arkan, Mall of Arabia & key attractions. Designed for comfort with stylish interiors, cozy lighting, and hotel-quality finishes. Features 2 elegant bedrooms, a spacious living area, fully equipped kitchen, and a sleek bathroom. Enjoy your private patio 🌿 for relaxing moments. Fast WiFi, Smart TV & AC included.Guests and mixed groups are not allowed without marriage certificate as per Egyptian law.Guest accessNo visits, parties, or gatheringsOther things to note📍 Nearby Recommendations☕ Cafes & Restaurants  • Arkan Plaza (5 min) – great variety  • Local cafes within walking distance  🛒 Groceries  • Hyper One (5 min)  • Nearby mini markets  🛍️ Shopping  • Mall of Arabia (10 min)  🚗 Transportation  • Uber , In-drive & Careem availab"
1537826898913582848,"Villa-Style Studio!Experience comfort and value at Azure Studios in New Cairo — your private studio with access to a large pool, spacious garden, and sunny rooftop terrace.Each unit features a private bathroom, kitchenette, smart TV, Wi-Fi, and air conditioning. Located inside a compound with 24-hour security, and on-site staff available anytime, you’ll enjoy the luxury of a villa for the price of a studio.The spaceWelcome to Azure Apartments, your modern home-away-from-home in the heart of New Cairo.Our property offers the comfort and privacy of a villa combined with the convenience and value of individual apartments.The villa is thoughtfully divided into several private apartment units, each designed for comfort, style, and functionality. Guests enjoy their own private space while sharing access to beautiful outdoor areas and premium amenities.Guest accessGuests have exclusive access to their own private apartment, as well as access to these shared areas within the property:Swimming pool – Relax or take a refreshing dipGarden area – Enjoy quiet moments surrounded by greeneryRooftop terrace – Perfect for morning coffee, sunsets, or social timePlease note:Only registered guests are allowed inside the apartments.Visitors are welcome only in the garden and rooftop terrace areas.Smoking is allowed on the balcony, garden, and rooftop terrace, but not inside the apartment itself."
1571946785181337600,"+3 nights will be free pickup from Airport 🛩️ Welcome to First Site OF Pyramids ViewOur hotel is special place to Relax and enjoy with The magnificent and magical  view of The Pyramids Of Giza. After Relaxing in our comfortable Jacuzzi with the view.You can easy to reach The Pyramids with in 5 min walk from our Hotel. Don't forget to ask about our excursions and private Tours. That we make them special for you.The space+3 nights will be free pickup from Cairo Airport 🛩️ Room FeaturesLight System: Shining clean room with a well-designed lighting setup.Jacuzzi: Equipped with warm water for a relaxing experience.Comfortable Seating: Sofa bed and a perfect, comfortable king-size bed.Fresh Linens: Many fresh and laundered hotel towels made from pure Egyptian cotton.Extra Comfort: Extra blanket and pillow for added comfort.KitchenetteDishes and Utensils: Provided with dishes, silverware, spoons, forks, and knives.Appliances: Microwave, boiler, and many other kitchen essentials.Beverages: Free hot drinks (coffee, Nescafe, tea, hot mint) available throughout your stay.BathroomComplete Bathroom Features: Includes all necessary bathroom amenities.Toiletries: Nice-smelling shower gel and a hair dryer.Dining and RefreshmentsFree Beverages: Two free water bottles and juice.Hot Drinks: Complimentary coffee, Nescafe, tea, and hot mint.Entertainment and ConnectivityFree WiFi: Stable internet connection available.Cable TV: Entertainment system with cable TV channels.Workspace and LeisureSmall Table with Chairs: Perfect for seating and reading with a pyramids view."
840544248476764032,amazing pyramids view and relaxing Modern apartment Top host Service ⭐️⭐️⭐️⭐️⭐️
1191708492273500928,"Stunning studio featuring first row spectacular view of the pyramids.With the easiest accessibility for a pyramid view property, directly located by the main road and right beside the new Grand Egyptian Museum.This newly furnished sunny studio is exactly what you need for a convenient and comfortable stay during your trip in Egypt.The spaceFully private studio that comes with, a queen bed, a sofa bed/living area, smart TV, Wi-Fi, fully equipped kitchen, dining counter, and a bathroom with tub by the view.Guest accessGuests have access to the entire studio.Other things to note- Luggage assistance available upon request.- Outside visitors are not allowed.- Only guests that are included in the reservation and have submitted their proof of identity will be allowed to access the property.- Early check-in / Late check-out is available but subject to availability. - Additional cleaning during your stay and/or linen and towel changes, can be provided at an additional cost."
1661940217216626176,"A luxurious studio with a direct panoramic view of the Giza Pyramids, where you can enjoy a clear sight of all three pyramids right from your room. The studio features a private jacuzzi for a unique and relaxing experience, a fully equipped kitchenette, and a modern, elegant bathroom. On the rooftop, there is a fully equipped restaurant serving breakfast, lunch, and dinner, offering a complete and comfortable stay in a prime location near one of the world’s most iconic landmarks.Other things to note- It is not allowed to book accommodations for Arabs without Certificate of Marriage.-  no visitors allowed 🚫"
9817667,"Open space with 5 different areas to relax in; bar, breakfest bar, lounge, living room, and fully equiped kitchen. In trendy, EXPAT, green, quite neigberhood: St. 9: 5 min. walk , Nile: 10 min. drive,  Pyramids: 45 min. drive, Airport:45 min. drive"
987674334031324160,"4 bedrooms , 2 bathrooms, an American kitchen( the price is per month)"
1496952984287693568,"Let your soul rise with the sun over the Great Pyramids, just 950m away 🛁🕌. Soak in your tub as morning light dances through palm trees, framing one of history’s greatest wonders. This handcrafted retreat is shaped from earth, stone, and story — with soft textures, a sculpted headboard, and local art on every wall 🌿✨. Sleep in comfort, wake to magic, and feel ancient Egypt whisper through your window. 📸The spaceStep into a serene space crafted with warmth, history, and artistic soul 🌿✨. Every detail in this retreat is inspired by the natural beauty of Egypt and the timeless presence of the Great Pyramids, just 950 meters away.Inside you'll find:🛁 A freestanding bathtub beside a panoramic window with Pyramids view🛏️ King-size bed with a custom leaf-carved headboard🪵 Soft natural textures, hand-finished walls, and artistic decor❄️ Air conditioning for year-round comfort📺 Smart TV and high-speed Wi-Fi🚿 A private bathroom with walk-in shower and fresh towels🍽️ Kitchenette with:SinkMini fridgeElectric cooktopKettleOpen shelving with local touchesGuest accessYou’ll have full private access to your studio — a peaceful space designed with natural charm, artistic detail, and a breathtaking view of the Great Pyramids, just 950 meters away. 🛁🕌🌇 Each morning, head to the shared rooftop to enjoy a complimentary breakfast with an iconic pyramid backdrop — perfect for sunrise reflections or sunset photos. ☕📸☀️ During the summer season, guests are welcome to enjoy the shared rooftop swimming pool — a beautiful way to refresh under the Egyptian sun. 🏊‍♂️🌴🛍️ The surrounding area is full of local cafés, traditional shops, and vibrant street life — all just steps from the historic Giza Plateau entrance. 🐪🕌Other things to noteYou're staying in one of the most iconic areas in the world — just 950 meters from the Great Pyramids of Giza. While the location is prime for sightseeing, it’s also nestled within a lively local neighborhood full of authentic charm.Expect to experience:🐪 Occasional camel or horse riders passing nearby🎶 Local street sounds or vendors typical of the Giza village atmosphere🕌 Spiritual ambiance with calls to prayer — part of the area’s soul📄 Important notes:Egyptian couples must show a marriage certificate in accordance with local lawIt's a real slice of Egypt with a magical view just outside your window."
1625234508288497920,🔥 Furnished apartment for rent in my city B7 – Modern furniture and ready to move in 🔥📍 Location: B7🛏️ 2 Bedrooms🚿 2 baths✨ Fully modern furniture📆 One month rent🔑 Available for previews today📞 Contact:📱0️⃣1️⃣5️⃣5️⃣7️⃣5️⃣4️⃣6️⃣6️⃣3️⃣6️⃣📲
702026328842974592,"Cozy Well furnished Family compound Security Green spaceThe spaceUnique place with wooden floors, outside space and a private entrance in a secured family compound."
1385060229363452416,
1328510560169599232,"Welcome to our charming and airy apartment, where sunlight pours in throughout the day, creating a warm and inviting atmosphere. Perfectly located in the vibrant zamalek , this spacious one-bedroom retreat offers the ideal blend of comfort and convenience.The apartment features large windows that bathe the living space in natural light, making it the perfect spot to relax or work from home , AND DON'T FORGET OUR SHARED JACUZZI"
1424085784389397504,"Welcome to Sun pyramids view Hotel Our hotel is special place to Relax and enjoy with The magnificent and magical  view of The Pyramids Of Giza. After Relaxing in our comfortable Jacuzzi with the view.You can easy to reach The Pyramids with in 5 min walk from our Hotel. Don't forget to ask about our excursions and private Tours. That we make them special for you.The spaceRoom FeaturesLight System: Shining clean room with a well-designed lighting setup.Jacuzzi: Equipped with warm water for a relaxing experience.Comfortable Seating: Sofa bed and a perfect, comfortable king-size bed.Fresh Linens: Many fresh and laundered hotel towels made from pure Egyptian cotton.Extra Comfort: Extra blanket and pillow for added comfort.KitchenetteDishes and Utensils: Provided with dishes, silverware, spoons, forks, and knives.Appliances: Microwave, boiler, and many other kitchen essentials.Beverages: Free hot drinks (coffee, Nescafe, tea, hot mint) available throughout your stay.BathroomComplete Bathroom Features: Includes all necessary bathroom amenities.Toiletries: Nice-smelling shower gel and a hair dryer.Dining and RefreshmentsFree Beverages: Two free water bottles and juice.Hot Drinks: Complimentary coffee, Nescafe, tea, and hot mint.Entertainment and ConnectivityFree WiFi: Stable internet connection available.Cable TV: Entertainment system with cable TV channels.Workspace and LeisureSmall Table with Chairs: Perfect for seating and reading with a pyramids view.Big Cupboard: Ample storage space for your belongings.Guest accessKey Features:Panoramic Views: Enjoy stunning views of the Pyramids and the Grand Egyptian Museum.Dining Experience: Savor a variety of international and local dishes in a serene atmosphere.Ambiance: Perfect for romantic evenings, family gatherings, or relaxing with friends.Meal Options: Available for breakfast, lunch, and dinner, ensuring a memorable dining experience throughout the day.Other things to noteFree breakfast included."
974439554519651968,"Enjoy your jacuzzi with the best pyramids view a wonderful breakfast with our stunning view of the three pyramids and sphinx. Please note that Arab and Egyptian citizens are required to submit proof of marriage before check in.The room is located on our 2th floor and is one of newly refurbished rooms. Guests will enjoy staying in beautifully designed, Egyptian themed room with a Pyramids View!The spaceThe room is located in Pyramids Homeland INN . Guests can expect warm welcomes from the family members and close friends who work at the property. We want you to feel completely at home and ask for whatever you need. If we can make it happen, we will. You can expect amazing views from our rooftop, and enjoy Egyptian Breakfast!Guest access-Our guests have access to their room/floor, our lobby, and our rooftop -The front door is normally locked at night, but someone is always available for guests coming in and out after hours.Other things to note-Check-in starts at 12:00PM-Check-out is at 12:00PM-Breakfast is from 8AM-11AM on the rooftop-We are about 30-45 minutes away from Cairo International Airport.-We are about 2.5 hours away from Alexandria.We are about 35 minutes away from Memphis & Saqqara.-The Pyramids Complex is a 3-minute walk away from our property.-There is almost anything you might need within walking distance from the property, including but not limited to: a bank, ATMs, restaurants, coffee shops, shisha shops, pharmacies, mini-markets, bakeries, clothes stores, souvenir shops, jewelry stores, electronics shops, and more!-Our property offers a plethora of Tours throughout Egypt. If there's something in Egypt you'd like to experience, let us know!-We also offer Airport pick-ups or Drop-offs or transportation anywhere in general.-And more! Just ask!"
1525505027880129792,"Welcome to our first Joudran home in Zamalek — perched on the 15th floor with a beautiful view of Cairo’s skyline.This two-bedroom apartment blends classic Zamalek charm with modern comfort — rich colors, elegant pieces, and cozy corners made for long talks and slow mornings.Whether you’re here with family or friends, this space is designed for togetherness. Central Zamalek location — cafés, galleries, and the Nile just steps away"
1386837140721974528,"The Khan of the Pyramids, one-of-a-kind retreat where handcrafted design meets ancient wonder. This serene apt is nestled in El Haram and offers a direct view of the Pyramids from your bed or Hot tubEvery corner is filled with earthy textures, curated pieces, and natural light — designed for slow living, restful nights, and magical mornings with a view that’s truly unforgettable.Whether you’re a couple, solo traveler, or creative soul seeking inspiration, this Khan is your haven in Giza..The space🏡 Your Property:This full apartment unit includes:-2 cozy bedroom with natural rattan furniture and luxury linens-lounge/living area with sculptural chairs and a rattan circle seat facing the pyramids- fully equipped kitchenette with dinnerware, coffee machine & stylish lighting- warm dining area with handcrafted seating and soft ambient tones-2 spa-like bathtubs with a rare panoramic view of the Giza Pyramids*Multiple sitting and reading corners designed to unwind and connect with the spaceEvery room is decorated with handmade touches, calming tones, and cultural references that echo the soul of the desert.i addition to a pharonic vibe beginning from the corridor :)Guest access🚪 Guest Access:You’ll have the entire apartment to yourself — private entrance, full privacy.The space is located in a secured building with elevator access.All areas you see in the photos are yours to enjoy.Other things to note📌 Other Details to Note:Pyramid view is real and exactly as shownLocation is in El Haram, 5 minutes by car from the Giza Plateau main entranceRestaurants, supermarkets, and cafes are within walking distanceAirport pickup and local driver service available upon requestNo parties or events — this space is meant for peace and beauty"
1180360628636458240,"A unique, charming apartment in the heart of Zamalek, the safest and most central area in Cairo. The place has fascinating panoramic views of the Nile and surrounded with the best restaurants, bars and cafes that Cairo has to offer.The spaceExperience the rich history and culture of Cairo in this beautifully renovated Nile view 2-bedroom. Adorned with antique furnishings, this vintage-inspired oasis offers a truly unique stay in the city's vibrant downtown district.The open-concept living and dining area is filled with natural light, vintage rugs, and thoughtful decor that transports you to a bygone era. Prepare meals in the fully equipped kitchen, complete with modern appliances and amenities for your comfort. After a full day of exploring Cairo, retreat to two cozy bedrooms adorned with memory foam mattresses and luxurious Egyptian cotton linens, ensuring a restful stay. With two full bathrooms for added convenience, unwind in comfort and embrace the charming views of Zamalek."
1076004459965459456,"Stay in a breathtaking Nile River view studio in the heart of Egypt! Panoramic views from floor-to-ceiling windows and a chic, contemporary interior make this the perfect place to relax and unwind. Located near famous attractions such as the Pyramids, Sphinx, and Egyptian Museum and surrounded by top-rated hotels like Four Seasons and Fairmont Nile City. Book now for a luxurious and unforgettable stay."
1493082525022030336,The apartment is very close to the pyramid and you can see the pyramids from it in a completely wonderful and amazing way. There are all services around it and it is very close to the tourist places and the new museum. The rooms are comfortable and quiet and everything in them is new and modern.There is airport shuttle service ..
1361000007215165696,"Welcome to Anuket: Queen of the Nile, where modern elegance meets the timeless beauty of Egypt’s most legendary Nile River. this stylish apartment offers a breathtaking view and contemporary furnishings designed for comfort and luxury.Whether you’re sipping coffee at sunrise, enjoying a romantic evening under the stars, or enjoying the stunning panoramic views, this is your private oasis in the heart of Cairo.Perfect for travellers seeking an upscale & unforgettable experience.The spaceThe apartment comes with 4 bedrooms, 2.5 bath and one sofa bed in the living room The 300 sqm apartment is equipped with all needed furnishing and equipments for 8 persons or travellers seeking privacy. The apartment located in the 16th floor and there’s two elevators in the building and security 24 hours.Guest accessAll apartment is private to the guest.Other things to noteWe are trying to give remarkable experience in our properties so please feel free if you have any question and we are happy to answer.To make your arrival easy, I can assist with airport pickup through a reliable driver who brings you directly to the apartment. For guests interested in visiting the pyramids, I’m happy to suggest arrangements with a professional tour guide for a relaxed experience."
888504443407553280,Relax with the whole family at this peaceful place to stay.
1381052147216678144,"Experience the perfect blend of comfort and style in this newly renovated, spacious 3-bedroom apartment in the heart of Cairo’s Zamalek district. Located on a quiet, secure street surrounded by embassies, the apartment features a bright living room with a 55” smart TV, a fully equipped kitchen, a large dining area, and a beautiful flower-filled terrace with a partial Nile view. Whether you’re here for sightseeing or relaxation, you’ll enjoy the calm, leafy charm of Zamalek.The spaceStep into this spacious, fully renovated 3-bedroom apartment designed with a modern and uniquely stylish touch. Perfect for families, groups, business travelers, or long stay. The space is ideal for all types of visits.Enjoy a bright, airy atmosphere with sunny bedrooms and a partial Nile view. The open living room features a 55-inch smart TV with Netflix, perfect for relaxing after a day in Cairo. The dining area comfortably seats 8, making it great for group meals or work sessions.With a fully equipped kitchen, and thoughtful details throughout, this apartment combines comfort, function, and aesthetic appeal in one of Zamalek’s most desirable areas.Guest accessGuests can access all parts of the apartment."
1213016649959329024,Bring the whole family to this great place with lots of room for fun.
904166347638363264,
1329094986217248512,"Reconnect with loved ones in this family-friendly place. It is a luxurious place overlooking the pyramids, the face of the Sphinx and the Grand Egyptian Museum. The place is distinguished by the services available around it, such as Orange Market, a pharmacy, a grocery store, a bakery, and a restaurant. It is distinguished by being close to the pyramids, where you can walk to reach it. This place can accommodate a family of 6.The spaceIt is a modern building, the apartment is located on the eighth floor of the building, it has two elevatorsGuest accessWe arrange all tours in terms of comfort, enjoyment, and ancient and modern archaeological information with guides with the best experiences.Other things to noteWe arrange all services and men for you, including accommodation, transfers, guide and food."
1608458404556032768,"استوديو فاخر بتصميم مودرن وأجواء هادئة، ideal for couples & solo travelers.Enjoy a Luxury Studio featuring a freestanding bathtub, modern lighting, and warm wooden finishes for a relaxing stay.📍 Prime location near City Stars Mall – Nasr City✔️ Smart TV✔️ Fast Wi-Fi✔️ Air Conditioning✔️ Fully equipped kitchenette✔️ Workspace for remote work✔️ Ground floor – easy accessPerfect for romantic stays, business trips, or short city breaks.Clean, stylish & private."
992609716219291264,"Stylish Zamalek apartment with 2 bedrooms, 2.5 bathrooms, and a Nile view. Billiard table for leisure. Close to Downtown, Egyptian Museum, Cairo Tower (10 mins/5 KM). Great Pyramids of Giza (35 mins/21 KM). Conveniently located to Cairo's international airports (30-45 mins/25-32 KM). Enjoy comfort, style, and the beauty of Cairo at this exceptional apartment."
1381660179165917184,"✨ Modern Stay with Pool, Gym & ClubhouseEnjoy a comfortable stay in a vibrant, modern building with access to a refreshing pool, fully equipped gym, and stylish clubhouse. 🌿🏊‍♂️💪The apartment has everything you need for cooking and daily living, and anything you may need during your stay can be provided upon request.Our customer service is available 24/7, and 24/7 security will assist you with check-in and key handover. 🔑Kind Note: The “#” in the title is not the room number.The spaceWelcome to Twenty-Two Building – A Modern Living Experience in Maadi.Discover the perfect blend of comfort, convenience, and luxury. The property is located in the heart of Maadi on 43 Misr Helwan Agricultural Road. This modern residence is designed for those seeking a high-quality lifestyle with top-tier amenities and easy access to key destinations.✨ Property Highlights:✅ Prime Location – Strategically positioned near Zamalek, Garden City, Sadat University, and Maadi Island.✅ Luxury Amenities – Enjoy a infinity pool, fully equipped gym for fitness, an elegant clubhouse for relaxation,  central laundry, full amented rooms and kitchen equipment.✅ High-Speed WiFi – Seamless connectivity for work and entertainment.✅ 24/7 Security – Ensuring a safe and peaceful living environment.✅ Private Parking Garage – Secure and convenient parking for residents.🌆 Nearby Attractions & Lifestyle Perks:📍 Close to entertainment and dining hotspots, with easy access to cafes, restaurants, and essential services.🛍 Near Hyper Panda and other shopping destinations for everyday essentials.🚆 Well-connected to major roads and transportation hubs, making commuting effortless.🌳 Surrounded by greenery and serene spaces, offering a tranquil escape from city life.📩 Book your stay now and experience a refined lifestyle."
1659643333291643136,"Welcome to your dream home! This beautiful single-family home offers a spacious layout ideal for groups. Featuring 3 bedrooms and 4 bathrooms, it ensures comfort and privacy for all. Enjoy breathtaking Nile views from every corner, creating a peaceful atmosphere. With 6 single beds, hosting guests is effortless. Wake up to the calming Nile and relax on your private balcony with your morning coffee. A perfect blend of space, comfort, and scenery schedule your viewing today and make it yours."
1179853350598080000,"This property is opposite Citystars the One of biggest malls in Cairo, all brands and restaurants are available .(2 minutes )This property in secured compound.5-7 minutes walking you will find Tevoly plaza which include more than 30 Cafe shop and kids are.15 mins from airport.We offer a free airport pickup if you book for more than 3 days.Additionally, we provide free cleaning every 4–5 days, including fresh sheets, towels, and other essentials.The spaceThis property is opposite Citystars the One of biggest malls in Cairo, all brands and restaurants are available .(2 minutes )This property in secured compound.5-7 minutes walking you will find Tevoly plaza which include more than 30 Cafe shop and kids are.15 mins from airport.We offer a free airport pickup if you book for more than 3 days.Additionally, we provide free cleaning every 4–5 days, including fresh sheets, towels, and other essentials."
1506578188692303104,
1559479900130565376,"A beautiful old flat! We're on the 12th floor overlooking Cairo. The flat is spacious and clean, with 2 sitting rooms, a large & small kitchen, and a sun room full of plants. It's a great location - 15min walk to Tahrir in one direction, near to Hussein/Khan al-Khalili in the other. Next to the Saad Zaghloul metro station, & easy bus/microbus access. Please let us know a little about yourself if you are interested - thank you!Other things to noteWe have a cat named Shadow 😺"
1150409328715597184,
1380648806849968640,Welcome to Sun pyramids view Hotel Our hotel is special place to Relax and enjoy with The magnificent and magical  view of The Pyramids Of Giza. After Relaxing in our comfortable Jacuzzi with the view.You can easy to reach The Pyramids with in 5 min walk from our Hotel. Don't forget to ask about our excursions and private Tours. That we make them special for you.
26825202,"Located in the heart of the most sought after neighborhood in Cairo, ZAMALEK, this newly refurbished one bedroom apartment is the perfect destination for your holiday, business trip or long term accommodation. It also boasts a spacious living room with modern furnishing , well equipped kitchen, full automatic washing machine and fine furnishings. #1The spaceThe apartment features 55"" Smart TVs with internet access, HIGH SPEED Wi-Fi, fully equipped kitchen, washing machine, sofa-bed for extra guests and a private bathroom.Guest accessAll areas of the apartment are accessible including the common areas of the building and the gymOther things to note20$ will be charged in case of Room Card damage or loss.Kindly note that the apartment is on the second floor where guests need to go up a 2 floors walk-up.Please note that in accordance to Egyptian Tourism Law only ARAB/EGYPTIAN COUPLES must show proof of marriage certificate."
49039745,"Our hotel very close to the pyramids entrance walk-able , our area have all needs. restaurant , pharmacy ,."
13181162,"City Skyline Views: Charming, Cozy 1 bedroom 1 bathroom apartment in Agouza. Close to Tahrir Square, Egyptian Museum, Zamalek neighborhood and walking distance to British Council. 64m2 Terrace with beautiful view over the Nile and Cairo Tower. It is fully equipped with all you might need, freshly renovated.Guest accessThe Entire Place"
1226127346468491776,"Welcome to your perfect retreat in New Cairo! This well-lit, cozy 2-bedroom duplex in the prestigious Palm Hills Village Gate combines classic design with modern comfort.The spaceThe elegant white furniture, wooden floors, and French-style décor create a bright and inviting atmosphere. The ground floor features two beautifully decorated bedrooms, two bathrooms (one with a luxurious jacuzzi tub), and a dining room that opens into a cozy living area. A unique French-style staircase leads to the first floor, where you'll find an elegant open kitchen, a small living area, and a toilet. The highlight is the large terrace with a sitting area, partially covered with artificial grass, offering a refreshing breeze and an open view. Located next to the American University in Cairo and surrounded by shops, malls, and restaurants, this duplex is perfect for both city explorers and those seeking a luxurious retreat. Book now and experience the best of New Cairo!Guest accessThe Entire spaceOther things to noteTravel easily and arrive stress-free! We can arrange a smooth airport transfer at a great price and share our top local recommendations to help you get off to a flying start. We're always happy to help✨- In March, we just renovated the property to make it much better and provide our guests with the best experience. So, the green wall is now all white, and we have created 2 rooms with large beds. We renovated the flooring and repainted the entire house; that's the difference from the pictures. :)For Egyptians and Arab siblings:In order to comply with the instructions of the building administration and local regulations of the Ministry of Interior , mixed stays and visits are permitted only for married couples or first-degree relatives.Therefore, please provide us with an official document proving the relationship of kinship or marriage in advance.In the event that the requested document is not submitted or the reservation details do not comply with these terms, we may have to cancel the reservation before or on arrival and immediately vacate the unit without any refunds, informing the competent authorities in accordance with the approved regulations.We thank you for your understanding and cooperation, and look forward to hosting you and providing you with a comfortable stay."
43167843,"Spacious Private studio with a roof terrace in the heart of New Cairo.The loft is situated at the entrance of new Cairo and Kattameya Heights. It is one of the best location of new Cairo. We are located next to waterway 5a (walking distance)The spaceNew finished studio include all appliances needed, open kitchen, fully living room including TV and Full sound system.High speed internet is provided. Transportation are very accessible from/to  the studio.Enjoy the spacious private studio and easily experience all the great things that Cairo has to offer."
1519742118292616704,
1209722553336604416,"Wake up to one of the most iconic views on Earth—the Great Pyramid of Giza, right from your bed or while soaking in your private indoor jacuzzi. This beautifully crafted studio blends minimal boho elegance with natural textures, local handmade decor, and artistic flair.The space is ideal for couples, solo travelers, or anyone looking for an unforgettable, peaceful retreat just 30 seconds from the Pyramids gate.The space✨ What You’ll Love- Floor-to-ceiling sunset views of the Pyramid- Cozy, warm lighting and handcrafted wooden furniture- Private jacuzzi with view- Natural finishes and authentic Giza village charm- Kitchenette with fridge, microwave, kettle, stove & essentials- Queen-size bed with plush linens- Quiet, air-conditioned comfort with fast Wi-Fi & Smart TVGuest access- Full access to the private studio including jacuzzi- Shared rooftop with panoramic views- 24/7 security in the neighborhood- Walking distance to the Pyramid entrance, camel rides, local cafés, and bazaarsOther things to noteWe recommend using the phrase ""Shoukran"" (Thank you) if approached by local sellers outside the gates to avoid hassleLocal noise and camel activity may occur as part of the authentic village atmospherePlease send a copy of your passport/ID prior to check-in for permit processingEgyptian and Arabs couples must present a marriage certificate, per local laws"
1526162316052604928,"Enjoy your stay in our cozy twin room featuring two comfortable beds, a private balcony, and a partial view of the iconic Pyramids. Perfect for friends or family, this room offers a relaxing atmosphere with modern amenities, letting you unwind while soaking in a touch of history right from your balcony.The spaceOur cosy Twin Room offers a comfortable and bright setting, perfect for friends or family. The room features two comfortable beds, a private balcony with a partial view of the iconic Pyramids, and modern amenities. Guests can also enjoy shared facilities, including our rooftop terrace, cosy lounge, and on-site café. Breakfast is available at an extra cost, and housekeeping is provided upon request.Guest accessGuests will enjoy full access to their cosy Twin Room, featuring two comfortable beds and a private balcony with a partial view of the Pyramids. You’re also welcome to use the shared spaces in our boutique hotel, including the rooftop terrace and on-site café. Housekeeping and breakfast are available upon request to make your stay more comfortable.Other things to noteBreakfast is available upon request, and we also offer airport pick-ups and customised tours to make your stay effortless. Smoking is allowed in designated areas. Our rooftop terrace provides the perfect spot to relax and enjoy the sunset over the Pyramids from your cosy Twin Room with balcony and partial Pyramid view."
1092586881052614400,"City Skyline Views: Charming, Cozy 1 bedroom 1 bathroom apartment in Agouza. Close to Tahrir Square, Egyptian Museum, Zamalek neighborhood and walking distance to British Council. Beautiful Terrace. It is fully equipped with all you might need, freshly renovated."
1011425577705003008,"Uncover Zamalek's hidden gem! Our studio in a renovated villa with a kitchenette is your passport to a vibrant, central location. Dive into the cultural scene, savor local cafes, and embrace the Nile's allure. It's the perfect fusion of comfort and excitement! #102-AThe spaceStep into our thoughtfully designed studio and be greeted by a warm and inviting atmosphere. The open-concept layout provides a seamless flow between the living area and a well-equipped kitchenette. Whether you're a culinary enthusiast looking to whip up a meal or simply in need of a quick coffee fix, you'll find all the essentials at your fingertips."
997711796092033152,"Uncover Zamalek's hidden gem! Our studio in a renovated villa with a kitchenette is your passport to a vibrant, central location. Dive into the cultural scene, savor local cafes, and embrace the Nile's allure. It's the perfect fusion of comfort and excitement!The spaceStep into our thoughtfully designed studio and be greeted by a warm and inviting atmosphere. The open-concept layout provides a seamless flow between the living area and a well-equipped kitchenette. Whether you're a culinary enthusiast looking to whip up a meal or simply in need of a quick coffee fix, you'll find all the essentials at your fingertips."
1237564646529998592,"This pictorial 2 bedroom apartment enjoys view of the from the Giza Pyramids.Please note that this unit is located in a local and safe modest neighborhood. Guests staying should expect that the surrounding areas to the building are not of high standards. Occasionally, there may be short area-wide power or water outages. These are rare and usually resolved quickly.Please note that Arab and Egyptian citizens are required to submit proof of marriage before check in.The space- This pictorial 2 bedroom apartment enjoys view of the from the Giza Pyramids and is managed by Xuru Stays - Egypt's Top Property Management Company.
 
The apartment comes with an open plan fully equipped kitchen, a full bathroom, living room and a bedroom  each with a queen size bed. 

It also features a 65 inch smart TV with Airplay and cable channels, washing machine, a Nespresso machine, kettle and a microwave, views of two of the biggest Giza Pyramids! The apartment is great for couples & small families. 


At Xuru Stays, we’re committed to providing our guests the magical hospitality they deserve.

- There is 1 bathroom, kitchen and two bedrooms.
- Fresh, laundered hotel-grade pure Egyptian cotton linen, along with face & body crisp clean towels are provided.
- A dining table. 
- Wifi, and Smart TV are also available and free of charge.
- Nespresso machine.
- 2 complimentary bottles of water & 2 coffee capsules.Guest access✔️Guests will have full private access to the Apartment and all of its amenities during their stay.✔️For larger groups or multiple bookings, feel free to contact us — we may have additional units available in the same building or nearby.Other things to note⚠️ Electricity or water outages may occasionally occur due to infrastructure maintenance in the area. While this is beyond our control, we’ll do our best to assist you if it affects your stay.✔️We kindly ask that you treat the space with care and leave it tidy at check-out."
1414405144370930432,"Relax in a stylish, jungle-inspired 1BDR apartment in vibrant Heliopolis. Perfect for couples or remote workers, it offers a comfy queen bed, modern living space, fully equipped kitchen, workspace, high-speed WiFi, and 10 min to the airport. Enjoy authentic Egyptian vibes in a quiet area with easy city access.  Ideal for couples, solo travelers & remote workers. Please note: Arab/Egyptian couples must present proof of marriage. Smoking is allowed only outside."
1587065249933171456,Prime location in the heart of Sheikh Zayed.2 mins — Malls14 mins — Grand Egyptian Museum 22 mins — PyramidsThe Sunny Private luxurious Stand Alone Villa offers•	Sunny & Spacious Villa •	Indoor Pool•	Indoor Home-Gym•	Large Garden•	Artistic Decor & Furniture•	3 Smart TVs•	Fast WI-FI•	AC’s•	Fully equipped kitchen•	Outdoor setting & BBQ•	Self-Check-in•	24/7 Gated Compound Security•	24/7 Guest Support •	Garage Parking1200 sq meters Book your stay at home away from home!The space- Ground floor:KitchenDining RoomIndoor PoolLiving RoomReceptionBathroomBarIndoor Home Gym-1st floor:2 Ensuite bedrooms (incl: 2 bathrooms) 1 Bedroom1 Bathroom 2nd Living RoomBalconyBar
1666273648078836992,"Experience a vibrant apartment boasting breathtaking, unobstructed views of the Giza Pyramids. Both the living room and the private balcony are perfectly positioned to showcase remarkable sunrise and sunset vistas over these ancient wonders. The apartment is fully air-conditioned and includes a cozy reception area, a well-appointed kitchen, and a sleek, modern bathroom an ideal retreat for unwinding while soaking in one of the most legendary sights on Earth."
1576999623902797056,"Welcome To Marhaba Pyramids View Inn HotelOur spacious Family Room is perfect for comfort and relaxation, featuring two king-size beds and a private bathroom. Enjoy a breathtaking direct view of the Pyramids from your room and exclusive access to the rooftop, where you can relax and take in the unforgettable scenery. Ideal for families or groups seeking space, comfort, and a truly unique stayGuest accessThe room & RooftopOther things to noteFor Arab Nationals and Arabic passport holders only:-Mixed groups or unmarried couples are not allowed as per Egyptian law.-Couples must provide a copy of the official marriage certificate, family card (for GCC citizens), or any official proof of marriage.-""Orfi"" or unofficial documents cannot be accepted under Egyptian law."
1134768290926510848,"Welcome to your private escape beside the Pyramids — where the view is truly unforgettable.Watch the ancient wonders from your window and feel the magic of Giza right from the comfort of your own space.This inviting and well-appointed studio offers the ideal blend of comfort and culture, placing you steps away from one of the world’s most iconic landmarks.The spaceThis bright and cozy studio is designed for relaxation and comfort — the perfect retreat after a day spent exploring the pyramids and the vibrant streets of Giza.Inside, you’ll find:✔️ A private indoor jacuzzi, thoroughly cleaned and sanitized before every stay✔️ One queen-sized bed with hotel-quality Egyptian cotton linens✔️ A bathroom stocked with fresh face and body towels✔️ A compact kitchenette for light meal preparation✔️ Free Wi-Fi, Cable TV, and Chromecast✔️ A Nespresso machine✔️ Complimentary bottled water and two coffee capsulesGuest access✔️Guests will have full private access to the Apartment and all of its amenities during their stay.✔️For larger groups or multiple bookings, feel free to contact us — we may have additional units available in the same building or nearby.Other things to note⚠️ Electricity or water outages may occasionally occur due to infrastructure maintenance in the area. While this is beyond our control, we’ll do our best to assist you if it affects your stay.✔️The rooftop is part of the building but not managed or maintained by us. We are not responsible for its access, safety, or cleanliness.✔️We kindly ask that you treat the space with care and leave it tidy at check-out."
1418293145930199808,"⸻This studio have one king bed and sofa bed. This studio offers a unique and thoughtfully designed space that stands out with its artistic details and modern touches. Every corner has been carefully crafted to create a cozy and relaxing atmosphere. From the distinctive decor to the comfortable layout, it’s a place where you’ll instantly feel at ease. Whether you’re staying for a short trip or a longer visit, the design and vibe will make it a memorable experience.Guest accessSelf check in and after we need photo copy of guest passport"
1571669607123814144,"Step into the Artist’s Gateway — a bold, colorful StayBee hive overlooking the Nile.Enjoy floor-to-ceiling skyline views, two comfortable beds, a glass-enclosed shower, Smart TV, Nespresso machine, air-conditioning, and fast Wi-Fi.✔ 24/7 self check-in✔ Hotel-quality linen✔ Daily cleaning available✔ Quiet room despite central location✔ Fast Wi-Fi (200 Mbps)📍 Prime Downtown •Steps  to the Egyptian Museum• Walking distance to cafés & culture• 30 mins to the Pyramids & Cairo AirportThe spaceown character, combining vintage charm, warm lighting, and modern comfort to create a memorable stay for every guest.All rooms feature comfortable beds with premium linens, curated décor, a private bathroom, fast WiFi, and a cozy seating area. Some rooms offer panoramic city or Nile views, and selected suites include a bathtub overlooking Cairo for a relaxing experience.We focus on creating calm, beautifully designed spaces perfect for solo travelers, couples, and business guests. Whether you choose a vintage-themed room like The Timekeeper’s Den or one of our modern boutique rooms, you’ll enjoy comfort, style, and thoughtful details throughout.Guests also benefit from our unbeatable central location—within walking distance of the Egyptian Museum, Nile Corniche, Metro Station, Cairo Tower, cafés, restaurants, and Downtown’s cultural spots.At StayBee, every detail is crafted to deliver the StayBee Hives Experience—a warm, inspiring stay in the most iconic part of Cairo.Arab couples must present a marriage certificate"
1459275458309413376,"“Seasonally decorated for Christmas to create a warm, festive, and romantic atmosphere.”Your Perfect Blend of Work and Luxury Relaxation!Just 5 minutes from the airport, our stylish studio offers unmatched convenience for travelers and professionals. Whether for business or leisure, enjoy a seamless stay where productivity meets comfort. Relax in jacuzzi after a busy day or use dedicated workspace to stay focused. Experience modern amenities, impeccable cleanliness, and warm hospitality.The spaceLooking for a unique city escape just minutes from Cairo airport & near all entertainment city Hidden gems? Stay in this beautifully NEW modern BLUE NILE studio. providing easy access to the vibrant tourist attractions and the city's cultural landmark.Nestled in a vibrant neighborhood, next to the Radisson Blu Hotel, you'll have access to local and international food spots, coffee shops, and business centers. Don't miss out on this incredible opportunity, secure your booking now!Comfortable Living Space: The 1BDR Slate Space wz relaxing Jacuzzi & Cordless Neck and Back Massager with Heat - Deep Tissue Pain Relief. Guests enjoy free  high speed reliable Wi-Fi, air-conditioning H/C, Smart TV and a private balcony With check hanging swing. Large windows providing natural lightModern Amenities: The apartment features a hot tub, washing machine, & fully equipped open kitchenette from stove top, refrigerator, kettle, washing machine and microwave you can enjoy starting your day with a rich cup of coffee from Nespresso machine with 2 fee capsules.Additional amenities include a foldable dining area, sofa bed, essential free toiletries  plus hair dryer & mini hair Straightener.Convenient Location: Located 3 km from Cairo International Airport, the property is close to attractions such as City Stars (8 km) and The Egyptian Museum (18 km). Free parking is available.PS: We can also pick you up from the airport/station if necessary (additional cost).Kindly ask for permission before letting any visitors, expert or ask for a service to be done inside the house will be greatly appreciated.Perfect for combining your work routine with moments of wellness.Please make sure to send IDs for all guests at least 24 hours before your stay.Guest accessthe whole studio will be yours only. your door is secured with an automated Smart Lock passcode generated automatically upon your arrival dates, very personal one , kindly don't share with anyone. the Passcode will expired by the timing you end your stay. and the doors will be locked automated. we sure are flexible for arrival and departure time frame.  All it's modern high end amenities, Jacuzzi, bathroom , open kitchen is all your personal use only.Other things to noteFeel free to contact me or co-host for any inquiry or emergency"
1498035269967530240,"Stylish two bedroom apartment in Zamalek featuring a private balcony and a glimpse of the Nile. The apartment is designed with boutique hotel style interiors, comfortable beds, fast WiFi, and a fully equipped space suitable for both short and long stays. Located steps away from Zamalek’s best cafes, restaurants, supermarkets, and the Nile promenade. Hosted by K Cribs.The spaceThe apartment includes two bedrooms, a living room, dining area, fully equipped kitchen, and bathrooms. The space features a private balcony, large windows with natural light, air conditioning, fast WiFi, Smart TV, washing machine, and all essential appliances for a comfortable stay.Guest accessGuests have full private access to the entire apartment. The apartment is completely private and not shared."
1577541709058668544,You'll have a great time at this comfortable place to stay.
1294308350286532096,"Spacious and well-appointed apartment located in downtown Cairo. The apartment is equipped with all the necessary amenities to ensure a convenient and enjoyable stay, including a fully furnished kitchen, comfortable bedding, and modern bathroom facilities. Guests will have access to the building's rooftop area, which includes a coffee bar, smoking area, and other shared spaces.The apartment's prime location within easy reach of the  main attractions, dining options, and shopping districts.The spaceThis spacious studio apartment is located on the 10th floor of a secure building in downtown Cairo. The apartment features large windows that provide plenty of natural light and offer views of the city. It comes fully furnished with a well-equipped kitchen, a comfortable king-size bed, and a full bathroom.The apartment's open-plan layout creates a sense of spaciousness, while the modern decor provides a pleasant atmosphere. One of the apartment's key features is its private access to the building's rooftop, where you can enjoy panoramic views of Cairo's skyline.For added security, the building's elevator exclusively serves the 10th floor and is accessible only with a personalized RFID card. This ensures privacy and safety for our guests. Your RFID card will be delivered to you upon arrival, providing you with easy access to your apartment and the rooftop area.Guest accessThe studio apartment is situated on the 10th floor and can be reached via the building's elevator. To ensure safety and privacy, you will receive a personalized RFID card that allows exclusive access to the 10th floor and your apartment. Instructions on how to obtain your key and RFID card will be provided before your arrival, ensuring a straightforward check-in process.As a guest, you will also have access to the building's shared rooftop space. This area includes a coffee bar, a designated smoking area, and various other amenities for your use. From the rooftop, you can enjoy views of the city while relaxing in this communal space."
1136034941071797120,"Welcome to our centrally located historic retreat 🏛️✨, nestled in the heart of Downtown Cairo…Where vintage stylish charm meets modern comfort 🛋️💫. Step into the elegance of the Egyptian Khedival era 👑 as you enter our family-friendly apartment, featuring high ceilings and stunning architectural details that reflect the grandeur of a bygone time 🕰️.Experience a unique blend of history and comfort—perfect for a memorable stay in the city ❤️🏙️The spaceProperty Features 🏡✨:• Three beautifully decorated bedrooms 🛏️ with luxurious Egyptian cotton linens and soft pillows 😌• Spacious dressing area 👗 with armoires, wardrobes, and plenty of hangers• Grand entrance 🚪 with a decorative hallway showcasing historic charm 🏛️• Two stylish bathrooms 🛁 with bathtubs and extra-soft towels 🧼• Expansive living & dining area 🛋️🍽️ featuring a comfortable sofa bed• Fully equipped kitchen 🍳 with everything you need• High-speed internet ⚡ and TV with Netflix 🎬Additional Conveniences 🌟:• Thoughtfully designed, spacious layout for maximum comfort and relaxation 😌• Located in the heart of Downtown Cairo 🏙️—just steps away from vibrant city lifeLet me know if you want it more luxury-focused, shorter, or stronger for bookings 👍Guest accessEnjoy exclusive access to the entire apt, making it your home in Cairo's lively atmosphere.Convenient Proximity to Key Landmarks:Only 3 minutes away from The Egyptian Museum Just a 10-minute drive to The Cairo Tower Explore The Great Pyramids Of Giza, a mere 20-minute drive away.Conveniently located 30 minutes from Cairo's International Airport Accessible within 45 minutes from Sphinx International Airport -Book now for a central location that enhances your exploration of the city's rich history and culture.!Other things to noteEmbrace the energy of downtown Cairo, live in middle of cairo with it's vibe and viable sounds.Important Rules -1. Following the Egyptian Law, Arabic couples, only married couples are allowed to stay together.2. We need a notification for any visit at least 24 hours before their arrival. 3. please offer passports for egyptian laws.Our Commitment to You:""Enjoy your stay, where our mission is to exceed your expectations. We take your guest experience to the extra mile. Immerse yourself in the aesthetic harmony of commercial and patrimonial historic buildings. -Book now for a seamless and unforgettable stay in the heart of Cairo! just waiting for you :)"
1513175808352388864,Your family will be close to everything when you stay at this centrally-located place.
39507154,"Welcome to our apartment!Just 5 minutes’ walk from the Sphinx and Pyramids entrance, with a stunning balcony view. Located in a safe and lively local area near restaurants, cafés, fruit shops, markets, and pharmacies. The apartment is fully air-conditioned, with fast unlimited Wi-Fi, a well-equipped kitchen, clean sheets, fresh towels, and a calm atmosphere.Probably the best place to enjoy the Pyramids view!The spaceThe apartment has 3 bedroom, bathroom , kitchen , 5 bed, 2 sofa bed, A digital refrigerator, a washing machine, a stove, Air conditioner, unlimited fast internet, Water kettle , Coffee maker, microwave and 50-inch Smart TV.- Fresh, laundered hotel-grade pure Egyptian cotton linen, along with face & body crisp clean towels are provided. - Wifi, Cable TV, & free of charge. -  Complimentary water, tea, & coffee capsules.My place is good for big family, couples, friends, solo adventurers, and business travelers. our area ( very safe & full of life ) has easy access to all amenities & services, mini markets, restaurants, pharmacies, Hospitals, banks, grocery shops, bakeries, fruit shops, transport 24/7..etc. A cozy Apartment tailored for a lovely stay, just like home!! You will have the whole apartment to yourself .This apartment has all you need for a fantastic stay!"
1428921969631212544,"Just 3 km from the Great Pyramids and the Grand Egyptian Museum, our boutique retreat blends timeless views with personalized service. Enjoy breathtaking sunsets from the rooftop terrace overlooking the pyramids, and relax in stylish, tranquil surroundings. With warm, attentive hospitality at every turn, our hotel offers a serene escape where comfort, culture, and care come together to create a truly unforgettable stay."
1664768965528056320,"Wake up to breathtaking pyramids views in this stylish two-bedroom apartment. One bedroom features a private bathtub with a direct pyramids view for a unique relaxing experience. The apartment includes a comfortable reception area, a fully equipped kitchen, and a full bathroom with both shower and bathtub. Perfect for couples, families, or friends seeking a memorable stay in the heart of Giza.Other things to note- We provide a pick-up and drop off service from the airport with a car to the apartment with best price.- Discover the wonders of Egypt with our exceptional tours, guided by knowledgeable experts who bring ancient history to life, ensuring an unforgettable and immersive experience with best price.- It is not possible to book accommodations for Arabs without an official marriage contract."
1564463961314051584,"Wake up to a breathtaking, direct view of the Pyramids in this warm and thoughtfully designed room by PLACES.Enjoy soft natural light, minimalist interiors, and a calm atmosphere made for slow mornings and peaceful nights.Guests also have access to our rooftop, offering an uninterrupted, panoramic view of the Pyramids—perfect for sunset moments and unforgettable photos."
570158961517853312,"For all art and craft lovers looking for a comfortable stay in Zamalek, this place is for you!A cozy, chic apartment, located in a historical building in the heart of the buzzing neighborhood of Zamalek. The apartment is  beautifully decorated with collectible, hand-made pieces from all over Egypt.The spaceThe apartment offers comfort amenities like a fully equipped kitchen, Wi-fi connection, smart TV, dining table, as well as a second room that could be used as workspace or a secondary bedroom for children or a single guest.Guest accessGuests have private access to the entire apartment, which has two bedrooms, one bathroom, a kitchen, TV room, dining room and living room."
842399195003437568,"Kindly check our ((HOUSE RULES)) before booking. Studio no. is ""AB-L603"" on 6th floor. Enjoy a memorable visit when you stay in this unique place which is Designed by the amazing Designer Ahmed El-Badawy. all the interior decoration is handmade by him. the studio includes 1 bed  for 2 people and a sofa which can be a bed for 2 more people,You will have access to our Nile garden Cafe & the building Rooftop.The space( AB Studio 603) This unit is on the 6th floor, the studio includes 1 bed  for 2 people and a sofa which can be a bed for 2 more people, Private bathroom, and kitchenette.Guest accessGuests have access to our private Garden ( Stage ) which is direct to the Nile, 130 Meters away, and take coffee/ tea For Free Spacialy to our guests during their stay, 80 Meters to Nile Street, and 100 Meters to our Main Building which include another 24 Unit with Nile View.Other things to noteKindly check our ((HOUSE RULES)) before bookingEnjoy a memorable visit when you stay in this unique place which is Designed by the amazing Designer Ahmed El-Badawy. all the interior decoration is handmade by him. (AB Studio 603) This unit is on the 6th floor, the studio includes 1 bed  for 2 people and a sofa which can be a bed for 2 more people, You will have access to our Private Nile garden Cafe ( Stage )  130 Meters away, 80 Meters to Nile Street, and 100 Meters to our Main Building that include another 24 Unit with Nile View"
1589334524141935616,"A cozy apartment in the heart of downtown Cairo, close to Historic Cairo, the Egyptian Museum, and Tahrir Square. The apartment offers two comfortable bedrooms, a fully equipped kitchen with a dining area, and high 4-meter ceilings that create a bright and spacious atmosphere. It accommodates up to four guests, with a large bed in the main bedroom, another large bed in the second bedroom, and a welcoming living area for relaxation."
1396502372937750528,Have fun with the whole family at this stylish place.
1665543950440841472,"Cairo Homes Manial – Nile View StudioEnjoy a stylish and peaceful stay in this cozy studio located in Manial, directly overlooking the Nile. The space is fully equipped for comfort, featuring a modern design, fast WiFi, air conditioning, and a kitchenette. Relax on the balcony with a beautiful Nile view and easy self check-in. The building is secure with 24/7 security and cameras. Prime location near cafes, restaurants, and main attractions — perfect for couples or solo travelers."
846283079041523840,"This beautiful room is located directly in front of our observatory, providing stunning views of the night sky and the Great Pyramid! The Lotus Room is designed with tasteful decor that helps artists and individuals to relax and recharge.You can listen to the birds chirping outside your window and take in the peaceful surroundings. This is the perfect place to unwind after a long day of exploring the local area or working on your creative projects.The spaceHouse of Kheops is a spiritual oasis located on the Giza Necropolis plateau, built in alignment with the pyramid of Khufu. The house welcomes all people and aims to share the magical experience of the location and the history of the culture. Guests can wake up and fall asleep with the pyramids visible from the home, gaining a deeper appreciation for their immense scale and history. The house aims to provide a profound sense of peace, wonder, and connection to history for its guests.In addition to its location and atmosphere, House of Kheops also values its principles, which include creating a sense of family and community for its guests. The house was once filled with nature and beings, and it still is to this day. Guests are encouraged to come with an open mind and with no expectation of perfection as it does not exist.The house consists of 4 double bedrooms and a beautiful upstairs sitting room where the pyramid may be viewed through the design and eyes of Stephane Malka. The furniture gifted by renowned artist Christian Hook for his wonderful experience whilst at the house and which inspired his latest artwork collection Sahara. The house has its own water well which we built to provide fresh water to our home and rest of the community. It may be booked as a private villa or when not booked for single use as separate guest rooms in the house.• Whole Villa: https://www.airbnb.com/h/houseofkheops• Olive Room: https://www.airbnb.com/h/oliveroom-hok• Jasmine Room: https://www.airbnb.com/h/jasmineroom-hok• Hibiscus Room: https://www.airbnb.com/h/hibiscusroom-hokAll our welcome, Egyptians must be married by law to stay at the house.We hope you have a wonderful stay!Guest accessOther than your room and private bathroom. You get to access the kitchen/utility room, pool, garden and observatory.During your stayThe House is a shared guest house so interaction between other guests is  encouraged. However, we also fully respect those that look for peace and quiet and so this is also welcomed.Salem, the house manager, will be in the house most of the time, to offer assistance, advise, food options and toursOther things to noteCats may jump on the table while you're eating, so we typically keep a water sprayer nearby to discourage them :)) If you encounter a cute white cate, that’s Clause, give him love and affection, and he will surely reciprocate!"
1631383974182856448,
1484108310535882496,"nestled in Kafr Nassar, Giza Governorate. 🌇Just minutes away from the legendary Great Pyramids of Giza 🏛️ and the majestic Sphinx 🦁, this spacious and stylish home is the perfect getaway for families , couples 💞, and travelers 🌍 seeking comfort, convenience, and an unforgettable Egyptian experience 🇪🇬.✨ Our apartment offers a seamless blend of traditional charm and modern comfort, giving you the best of both worlds for a truly memorable stay. 🏡The space🛏️ Two Spacious Bedrooms – each with cozy beds, fresh linens, and plenty of storage space for your comfort.🛋️ Warm & Inviting Living Room – relax on comfortable seating, enjoy your favorite shows on the smart TV 📺, and soak in the natural light from large windows ☀️.🍳 Fully Equipped Kitchen – complete with a stove, refrigerator, cookware, and a dining area 🍽️ perfect for sharing meals and moments together.🛁 Modern Bathroom – spotless and stylish, offering hot water, fresh towels, and all essential toiletries 🧴.❄️ Air Conditioning in All Rooms – ensuring year-round comfort no matter the season.⚡ High-Speed Wi-Fi – ideal for remote work, streaming, and staying connected wherever you are 🌐.🌿 Private Balcony – enjoy the fresh air and relaxing neighborhood views with your morning coffee ☕ or evening breeze 🌇.Guest accessGuests will have full access to the entire apartment — enjoy complete privacy and freedom throughout your stay 🏠.You can use all amenities, including the kitchen 🍳, living area 🛋️, bathroom 🛁, and private balcony 🌿 at your convenience.Free Wi-Fi 🌐, air conditioning ❄️, and smart TV 📺 are all available to make your stay as comfortable and relaxing as possible.Other things to noteAirport pickup & drop-off available upon requestJust a short drive to the Pyramids, Sphinx, Egyptian Museum, and Khan El Khalili BazaarClose to supermarkets, cafes, and public transportationPerfect for families, business travelers, and tourists alike"
1042483269666961280,"Stay at this artistic 4 bedroom garden duplex with the most enchanting view of The Baron Palace with a private 80 sqm garden & courtyard. Situated in the beautiful neighborhood of Heliopolis,it is a 10 min walk to the historic Korba square buzzing with restaurants,coffee shops & boutiques.20-40 mins drive to major historic landmarks & sites (Pyramids, Khan Khalili,Museums)This two-floor apt is newly remodeled, extra-spacious, equipped with full amenities and a ping-pong table for extra funThe spaceA spacious 4 bedroom/ 4 bathroom duplex with a private garden and private courtyard! Private ping pong table too 😎"
1165139126286619136,"The Oud  Studio , is a one bedroom suite ,located on the 1st Floor. Consists of queen bed. Smart TV, High speed WIFI, Coffee machine, Kettle and Mini Fridge. Bathroom includes Amenities. Cleaning service is available during stay with extra fee.The spaceA peaceful getaway in the heart of the city. Vintage Villa surrounded by a huge garden implanted with a variety of scented flowers and old-aged trees.Consists of 10 studios and apartments. Each designed differently. Villa surrounded by a huge garden implanted with a variety of scented flowers and old-aged trees.Consists of 10 studios and apartments. Each designed differently. Located centrally in Zamalek where most Cairo events are held. Many restaurants & pubs are walking distance. Egyptian Museum & the Pyramids are 25 min. away.Guest accessAll studios and apartments are private. You are more than welcome to enjoy the garden area and working space.Other things to noteKindly send us your expected arrival time and copy of your passports prior arrival."
1116095384228706304,"Indulge in the luxury of our Panoramic Nile view three-bedroom apartment nestled on Zamalek Island. Offering breathtaking views of the iconic Nile, this exquisite property is a haven for those seeking elegance and comfort in the heart of Cairo. ensures easy access to Egypt's main tourist attractions. Explore the Cairo Museum just 12 minutes away, marvel at the Cairo Pyramids within a short 25-minute drive, and immerse yourself in the cultural richness of Khan Al Khalili just 16 minutes away.The spaceUnveil the splendor of our exclusive Airbnb retreat, boasting an enchanting Panoramic Nile view that will steal your breath away. Step into the elegant living space, adorned with a lavish 65-inch TV for your entertainment pleasure. Relax in one of the three opulent bedrooms, two of which feature their own TVs for added convenience. With two luxurious bathrooms and a fully equipped kitchen, indulge in the ultimate comfort and convenience. Embrace serenity as you swing to the gentle rhythm of the Nile view, creating unforgettable moments in this luxurious sanctuary."
1657643569182262016,"The whole group will be comfortable in this spacious and unique space. Also, the location of the residence is excellent, right next to Four Seasons, and it could be even better with a balcony overlooking the Nile directly. The apartment's standard is comparable to that of hotels.The spaceBayt Ward Apartment 4 Rooms 3 toilets3-Piece Reception Mastawani Hotel Right next to the Saudi Embassy In front of the Bayt Ward and Abu Al-Zouz restaurants. And Kems. Nile Street is safe 24 hours a day. Your Guide to Cairo, Egypt 🇪🇬| Mohamed RiadOther things to noteAll apartments are hotel-standard and are available for families and responsible young people."
1236707226138243584,"Indulge in luxury at our stunning apartment in the prestigious Korba district. This spacious 3-bedroom retreat offers a perfect blend of modern comfort and opulent amenities for an exceptional stay. Enjoy your private oasis for up to 6 guests, with an exclusive in-apartment sauna —a rare luxury for relaxation. Unwind in your personal Jacuzzi, offering ultimate comfort and privacy. The apartment also features a fully equipped kitchen, a stylish reception area, and a sophisticated dining room."
1086195826555814272,"This special place is close to everything, making it easy to plan your visit. it,s 5 minutes walk to Tahrir Squre , Egyption Museum . 15 minutes to Khan El Khalely , Shar3 Al Moez , very staylish historc building in heart of downtown Cairo but also very comfort quite rooftop ."
1443617973956365312,
1415371678389603584,"Taskeen 2🛌 3 Master Bedrooms • 🚿 3.5 Bathrooms • 🌇 19th Floor • 🏞 Nile & Pyramids ViewWelcome to your luxurious home away from home in the heart of Zamalek, Cairo’s most elegant and tranquil island district. Situated on the 19th floor of a prestigious building on Abou El Feda Street, this stunning apartment offers sweeping views of the Nile River, and on a clear day, a breathtaking sight of the Pyramids of Giza right from your window.The space✨ What You'll Love🏞 Panoramic Nile View from the spacious living area🌄 View of the Pyramids when the skies are clear🛏 Three spacious master bedrooms, each with en-suite bathrooms for complete privacy🚽 Additional half bath for guests🛋 Beautifully furnished with stylish decor, cozy lighting, and modern comforts🪟 Floor-to-ceiling windows flooding the space with natural light🧼 Fully-equipped kitchen and in-unit laundry🚪 24/7 security and building conciergeGuest accessNestled in Abou El Feda, one of Zamalek’s most iconic and accessible streets, you’re just steps away from:Riverside cafes and upscale restaurantsArt galleries and cultural centersSupermarkets, pharmacies, and all essentialsA short drive to Downtown Cairo and the Egyptian MuseumOther things to noteThe unit is non-smoking, and no parties are allowed. Government-issued ID or passport required at check-in per local regulations. Married couples only as per Egyptian law for Arab nationals."
1662521167821890560,
38458462,"Bright and airy this apartment sleeps 6 people comfortably with its 3 bedrooms, 2 baths, and 2 balconies. Located in Cairo’s green lounge of Maadi, it lays within a short walking distance of the city's top dining and community spots This characterful and authentically Cairene apartment is decked out in vintage, antique, and handmade furniture and decor. It enjoys open treetop views, and is perched above Cairo's most popular bakery, meaning breakfast & coffee is only an elevator ride away.The spaceGenerously sized with 3 bedrooms, 2 baths, 2 balconies, a full kitchen with a breakfast nook, as well as a spacious reception/living/dining space, this space is big enough to be comfortable for a family or group of friends staying together, but cozy and cocooned enough to be the perfect base for a single traveler or a couple exploring Cairo.The large master bedroom features a king-size bed, plenty of closet space, blackout curtains, and an in-suite bathroom with a walk-in shower, as well as its own balcony. The two other bedrooms are each equipped with a queen or big double bed and their own closet, and one additionally has a workspace (desk and chair).In the bigger bathroom you'll find a charming clawfoot tub, as well as a washer, hidden in a cabinet.The kitchen is not only roomy enough for serious cooking, but also contains a bright breakfast nook with a beautiful treetop view, while the combined living/dining space has plenty of relaxed seating around the coffee table, a proper dining table that seats 6, and a stunning bookshelf made from an antique arch. The smaller balcony with a cafe-type table and 3 dining chairs is accessed from this space."
1138076289355351296,"Unwind&enjoy the serene, stylish ambiance of this stunning new apartment in New Cairo's prestigious Sodic East Town compound, one of Egypt's most renowned communities. Conveniently located across from the club, you'll have easy access to amenities including a gorgeous swimming pool.The compound also features a new mall EDNC that has supermarket, cafes, shops,delivery services & dry clean.The Westin Cairo Golf Resort & Spa is located right across the street,where you can spend the day golfing/spaThe spaceBook your stay in this brand-new, spacious, and beautiful three-bedroom apartment in Easttown. We eagerly await the opportunity to welcome you to your home away from home.Relax in the stylish comfort of this beautiful new apartment, nestled in New Cairo’s prestigious Sodic Eastown compound, one of Egypt’s most sought-after communities. Ideally located just across from the club, you’ll enjoy quick access to premium amenities including a scenic swimming pool, on-site restaurant, ATM, and hair salon/barber. The compound also offers a supermarket, convenient food delivery, and reliable cleaning and ironing services.A newly opened mall, EDNC, is just a 10-minute walk from the apartment, featuring a variety of shops, cafes, and services to make your stay even more enjoyable. Just steps outside the compound, indulge in a day of luxury at The Westin Cairo Golf Resort & Spa, perfect for golfing or unwinding at the spa.For your security and peace of mind, the flat is equipped with cameras outside the main door, in the garden, and in the hallway inside the apartment (this indoor camera is switched off). We always ask our guests if they’re comfortable with the outdoor cameras being active during their stay. If you’d prefer them to be covered, we’re happy to do so upon request.Thank you for your understanding.Guest accessGuests have full access to the entire apartment. Enjoy complimentary passes to the club, swimming pool. Free parking is also available.Guests also have access to the new mall (EDNC) from inside the compound.Other things to noteThis apartment wasn’t designed for rental—it was created as a personal space with carefully selected, high-end finishes and attention to every detail. It offers more than just a place to stay, it’s a true holiday experience. Enjoy complimentary access to a stunning swimming pool and make the most of the premium amenities available throughout your stay.For bookings longer than one month, a monthly discount is available. Please note that in such cases, electricity charges will be billed separately."
1413793482058721536,"(Taskeen 1) Wake up to breathtaking views of the Nile from this stylish, fully-furnished apartment located in one of Cairo’s most vibrant and upscale  eighborhoods — Zamalek. Situated on Abou El Feda Street, you’ll be steps away from top restaurants, cafés, and cultural attractions, while enjoying a peaceful retreat above the city.The spaceThis modern, airy apartment offers:🛋️ Bright living area with large windows and direct Nile views🛏️ Cozy bedroom with premium linens🍽️ Fully equipped kitchen for all your cooking needs🚿 Modern bathroom with high-end fixtures🧼 Washer, air conditioning, and high-speed Wi-FiEvery detail is designed for comfort — whether you're working remotely, exploring Cairo, or just relaxing by the window with the Nile as your backdrop.Guest accessYou’ll have the apartment all to yourself, including:Self check-inElevator accessSecurity in the buildingOther things to note📜 House Rules – Please Read Before BookingTo ensure your safety, comfort, and full compliance with **Egyptian Law & Regulations**, we kindly ask all guests to review and adhere to the following rules: 🔐 Check-In Requirements* All guests must provide **valid ID or passport copies** upon arrival to complete the check-in process.* A **rental agreement** must be signed upon check-in.* **Unregistered guests** are not permitted. If you expect a visitor, they must be registered in advance.#### 🚫 **No Parties or Events*** This apartment is part of a peaceful residential building. **Parties, loud gatherings, and events are strictly prohibited** to respect neighbors.#### 🧹 **Housekeeping*** Housekeeping is available **upon request** between **10:00 AM – 3:00 PM**.* For any special cleaning needs or assistance, please don’t hesitate to contact us.#### 💼 **Damage & Missing Items*** Any **missing or damaged items** (e.g., towels, keys, utensils, furniture) will be charged and added to your bill before check-out.---### 👥 **Additional Notes for Arab Nationals & Arabic Passport Holders*** Couples are required to present a **valid marriage certificate**, **GCC family card**, or any **official proof of marriage**.* **Unofficial documents**, including ""Orfi"" contracts, **are not accepted** as per Egyptian Law.---Kindly note: **These rules are mandatory**, and we appreciate your cooperation in ensuring a smooth and respectful stay for everyone.We look forward to hosting you and wish you a wonderful stay by the Nile 🌊"
1454518561688224768,"Luxury 3BR Apartment in Lake View Residence, Cairo Fully furnished & equipped, this elegant 3BR apartment features a master bedroom (king bed) and two bedrooms (2 single beds each). Enjoy modern finishes, a fully equipped kitchen, spacious living area, and stunning lake views. Located in a secure, upscale community with premium amenities. Perfect for families or professionals!  Ready to move in!🏡✨The space1 Master bedroom with an ensuite, 2 Bedrooms with 2 Single beds and a shared bathroom. Living & Dining Area, with luxury furnishings, and a brand new modern kitchen. Amazing scenery with a large terrace, and an outdoor lounge area."
1496950722323360512,"Sleep surrounded by storybook stone walls and soft desert light 🌿This soulfully designed space features handcrafted arches, natural textures, and a sculptural hot tub by the window, where you can soak as sunlight through the trees and the Pyramid tip peeks into view ✨Enjoy artistic handmade decor, and a warm, cave-like ambiance that reconnects you with nature and yourself.Head to the rooftop to share coffee with the Great Pyramids. A place made with love, and timeless charm. 🌄☕🧘‍♂️The spaceStep into a serene space crafted with warmth, story, and artistic soul 🌿✨. Every element in this retreat is inspired by the raw beauty of Egypt and the quiet power of the Great Pyramids, just 950 meters away.Inside you’ll find:🛁 A sculptural freestanding bathtub beside a panoramic window with Pyramid glimpse🛏️ King-size bed with a custom leaf-carved headboard tucked into a stone arch🪵 Handcrafted textures, earthy finishes, and soulful artisan details throughout❄️ Air conditioning for comfort in every season📺 Smart TV and Wi-Fi for cozy nights🚿 Private bathroom with walk-in shower and fresh towels🍽️ Kitchenette with:SinkMini fridgeElectric cooktopKettleOpen wooden shelving and local ceramic touchesThis is more than just a place to stay — it’s a space to reconnect, dream, and soak in the magic of ancient lands from your very own natural retreat. 🕌🕊️✨Guest accessYou’ll have full private access to your studio — your own peaceful sanctuary with a built-in jacuzzi and iconic views of the Great Pyramids, just 950 meters away. 🛁🕌🌇 You’re also welcome to enjoy the shared rooftop, where we serve a complimentary breakfast daily ☕🍉 with panoramic views of the pyramids — perfect for sunrise moments and sunset magic.☀️ In summer, you can also enjoy the rooftop swimming pool, a refreshing spot to cool down under the Egyptian sun. 🏊‍♀️🌴🛍️ Just outside the building, you’ll find local cafés, street vendors, small shops, and easy walking access to the Giza Plateau gate, all adding to the area’s authentic charm. 🐪🕌Other things to noteYou're staying in one of the most iconic areas in the world — just 950 meters from the Great Pyramids of Giza. While the location is prime for sightseeing, it’s also nestled within a lively local neighborhood full of authentic charm.Expect to experience:🐪 Occasional camel or horse riders passing nearby🎶 Local street sounds or vendors typical of the Giza village atmosphere🕌 Spiritual ambiance with calls to prayer — part of the area’s soul📄 Important notes:Egyptian couples must show a marriage certificate in accordance with local lawIt's a real slice of Egypt with a magical view just outside your window."
1587750863099568640,"Guest Favorite apartment with a stunning panoramic Nile view, located in a lively central Cairo area surrounded by cafés and restaurants. Enjoy peaceful mornings overlooking the river and vibrant city life just steps away. The apartment is spacious, fully equipped, and ideal for families, couples, or business travelers. Set in a safe neighborhood with easy access to Downtown, Zamalek, embassies, and major attractions, it offers comfort, convenience, and one of the best views in the city.The spaceThis well-designed apartment offers three bedrooms and two full bathrooms, making it ideal for families or groups. Two bedrooms are furnished with 120 cm beds, while the master bedroom features a comfortable king-size bed (180 cm). The apartment also includes a fully equipped kitchen and a dedicated dining area with a dining table, perfect for enjoying meals together. The space is thoughtfully arranged to provide comfort, privacy, and a relaxing stay for all guests."
1374555678493358592,"Welcome to your exclusive retreat in New Cairo, where luxury meets tranquility. This elegant villa features a private pool, stylish interiors, and a serene outdoor space—perfect for relaxation and unwinding. Whether you’re visiting for leisure or business, enjoy modern comforts, complete privacy, and a prime location."
1345522196864628992,"Escape to our serene hilltop apartment in Uptown Cairo's prestigious gated community. Perfect for families or business travelers, this stylish retreat offers breathtaking skyline views from a private terrace. Enjoy luxury amenities and a comfortable stay in our newly refurbished home, designed for ultimate comfort and style.The spaceStep inside our serene hilltop apartment, where breathtaking views of the Cairo skyline await you from your private terrace. This newly refurbished home is designed for comfort and style, making it the perfect retreat.Key Features:   Bright and airy living space with marble floors and large windows filled with natural light.   Modern, fully equipped kitchen featuring high-end appliances and sleek countertops.   Elegant bedrooms, each a peaceful sanctuary with comfortable beds, built-in wardrobes, and private en-suite bathrooms.   Luxurious bathrooms offering contemporary fixtures, a deep soaking tub, and a walk-in shower.Guest accessGuests will have exclusive and private access to the entire apartment during their stay.You are also invited to enjoy the full range of shared facilities offered within our secure, gated community, which include:   A stunning swimming pool   A modern, fully-equipped gym   A children's playground   Scenic jogging and bike trails   On-site restaurants   A world-class golf courseOther things to noteWe respect our guests' privacy but are available to assist you throughout your stay to ensure you have a comfortable and enjoyable experience. We can be reached via the booking platform or phone for any questions or needs. We will not be present at the property unless requested.Please note that we are unable to host mixed groups unless all individuals are married to each other or are first-degree relatives, in accordance with local regulations. Therefore, we kindly request official documents, such as marriage or birth certificates, to verify the relationship. This requirement also applies to any visitors.This policy applies to all Arab nationalities, including: Saudi Arabia, Kuwait, the United Arab Emirates, Bahrain, Jordan, Syria, Lebanon, Palestine, Iraq, Libya, and Egypt."
1632225813707712256,"Hotel apartment for rent, first residence B10View Mall Not wounded. 3 bedrooms 2 bathroomsReception Kitchen fully air-conditioned All the devices are new in bags First ResidenceDedah Sunnah"
1129848332561686656,"Right on the Nile front, the apartment offers an incredible view of the river Nile. The apartment is designated for vacation with family and friends, with a hotel-like vibe, the apartment is luxuriously furnished to give the guests the ultimate comfortable experience during their stay. The apartment offers all-electric amenities that guests demand, with a 65-inch screen for those movie nights. Unlimited Wifi is all over the apartment. Weekly cleaning services for long stays."
1659643298831693312,"Welcome to your dream home in Egypt, where luxury meets tranquility. This stunning single-family home features 3 bedrooms and 3 bathrooms, perfect for comfortable living. Enjoy breathtaking Nile views that create a serene atmosphere every day. The open layout is ideal for entertaining, with modern finishes throughout. The master suite offers privacy, an en-suite bathroom, and beautiful views. Experience elegant living schedule your visit today and make it yours."
1659643317367255296,"Welcome to your dream home in Egypt! This elegant single-family residence offers 4 bedrooms and 4 bathrooms, designed for comfort and style. Enjoy breathtaking Nile views that fill the home with natural beauty. The open layout is bright and inviting, perfect for daily living and entertaining. The modern kitchen features high-end appliances and generous space. Relax in the master suite with a luxurious en-suite bathroom and stunning views."
1600268056611420672,"Luxury Private Villa in Sheikh Zayed - 5BR | 4Baths | Private Pool | Stunning View | 24/7ServiceWelcome to your dream getaway in one of Sheikh Zayed's most prestigious compounds.This brand-new standalone villa offers complete privacy, premium comfort, and a relaxing atmosphere perfect for families and groups.Private Pool & Outdoor SpaceEnjoy your own fully private swimming pool with a beautiful open view.Relax on the terrace, sunbatheCancel .The spaceThe Villa• 5 spacious bedrooms with elegant,comfortable furnishing• 4 modern bathrooms• Large, bright reception area ideal forfamilies• Fully equipped kitchen with all essentials• Air conditioning in every room• High-speed WiFi• Independent entrance for full privacyGuest accessThe CompoundLocated in a high-end gated community that offers:••Multiple shared swimming poolsGreen landscaped areas• Walking paths• 24/7 security and service• Calm, clean, family-friendly atmosphereOnly minutes away from Sheikh Zayed's main entrance, shopping spots, restaurants, cafés, and all daily necessities.CancelOther things to notePlease note that a valid ID is required at check-in. The property is intended for families and respectful guests only. No parties or loud music are allowed."
49979686,
845639695364470528,"Pyramids Road Guest House features comfortable rooms with free Wi-Fi. Located about 10 minutes from the pyramids area, The Grand Egyptian Museum is less than a 15-minute by car.Each room is designed in relaxing colors, including a flat-screen TV and air conditioner, with a lovely wardrobe. Also, you can have breakfast on the rooftop with a view of the pyramids. A dedicated team of concierge and housekeeping are available 24house.Enjoy daily tours around Cairo with a private car.Other things to notePyramids Road also offers a lot of services such:Private car with a driver and daily trips around Cairo - Pyramids of Giza - Pyramids of Sakkara & Memphis - Pyramids of Dahshour- Egyptian Museum- Old Cairo- Civilization Museum- Citadel Salah El din- Khan El Khalili pazzar- Dinner Cruz in Nile River (Cairo by night)- Sound & Light show- Riding horse & camel- Egyptian typical food & restaurantsand a lot more..."
1606917400160173568,"Private room located on the underground floor in the same building as our famous third-floor Pyramids-view listing Just 3 minutes walk to the Pyramids’ main gate and ticket window Quiet, clean, and ideal for value-focused travelers Guests staying in this room enjoy full access to the shared rooftop, where you can relax and take in the iconic panoramic views of the Pyramids.The spaceThe room consists of:the room at underground2 double bed mini barkettle water table with 2 chairs WardrobeBathrobeCash safe with combination lockSlipperstowelsHair dryerair conditionerprivate bathroom inside the room free Wi-Fisound system by Bluetoothsmart TV with channels.Guest accessThe easiest way to reach us is by contacting us via phone or the website itself.We will be waiting to give you the key upon your arrival.Other things to noteAlthough the room is on the ground floor, guests can enjoy the panoramic terrace overlooking the pyramids, as seen in the photos.There are other hotels in the same building, but everything related to our guest is private, as it's a family home, and each guest has their own name."
1413006465989652480,"Welcome to Pyramids Hotel – Your Window to Ancient Egypt!Stay just steps away from the legendary Pyramids of Giza in a clean, friendly, and locally run hotel.Enjoy panoramic rooftop views, personalized tour planning, and 24/7 guest support in multiple languages.Whether you're here for history, adventure, or relaxation, our team will make your stay unforgettable."
1271857125569231872,"Enjoy a comfortable stay in Horus Room  THE ROOM FEATURESQueen bed, air conditioning, heater, satellite TV, minibar, and essential amenities like a desk, mirror, locker, and clothes hangers. THE BATHROOM FEATUREStowels, shampoo, shower gel, hand soap, and a hairdryer. START YOUR DAY WITH DAILYhousekeeping, bottled water, tea, Nescafé, and sugar. ENJOY FREEaccess to our Panorama Pyramids View Rooftop Restaurant anytime. My staff is available 24/7 to meet your needs.The spaceExperience Comfort and Convenience with Stunning Pyramid ViewsPyramids Hotel  7-story property is designed to offer you the perfect stay. The first-floor lobby is staffed with friendly professionals ready to assist with all your needs. We have 30 rooms, an elevator for your convenience, and a rooftop restaurant offering breathtaking views of the Pyramids.Located just a 10-minute walk from the Sphinx Gate, you'll find several shops nearby to meet all your needs. We also offer organized tours across Egypt, including transportation and multilingual tour guides, all at reasonable rates. Your comfort and adventure await!Guest access24/7 Reception with Professional StaffWe offer a 24/7 reception with a professional staff ready to assist you at any time. No matter how late your arrival is, you can check in whenever it’s convenient for you. We're here to ensure your stay is smooth and comfortable from the moment you arrive!"
49334756,"enjoy our fabulous 4 bedrooms apartment facing the Nile.The spaceThis space is brand new and is managed by Prime Hospitality Management Group. Housekeeping on demand is available, as well laundry and dry clean services. Car rental, transportation, airport pick and drop off are also available by our sister company, Hertz."
1666965692032806400,"Enjoy a comfortable stay in our standard B&B room, just 5 minutes by car from the iconic Great Pyramids of Giza. The room features a cozy bed, air conditioning, private bathroom, and free Wi-Fi. Breakfast is included daily to start your morning right. Perfect for travelers seeking convenience, comfort, and quick access to one of the world’s most famous landmarks."
1621521076497911040,"Luxury & Stylish Studio Near City Stars Mall ✨Enjoy a modern and elegant studio in the heart of Nasr City, only minutes away from City Stars Mall, restaurants, cafes, and everything you need.✔ Cozy sleeping area 🛏️✔ Comfortable living space 🛋️✔ Spacious bathroom with bathtub 🚿✔ Fully equipped kitchen 🍽️✔ High-speed Wi-Fi 📶Ideal for couples and business travelers looking for comfort, privacy, and a prime location in Cairo ⭐The spaceEnjoy a stylish and comfortable studio in the heart of Nasr City, one of Cairo’s most vibrant and convenient areas. The studio is located just minutes away from City Stars Mall, restaurants, cafes, supermarkets, and transportation.The space is thoughtfully designed to provide comfort and privacy, featuring a cozy sleeping area, a comfortable living space, a spacious bathroom with a relaxing bathtub, and a fully equipped kitchen with everything you need during your stay.The apartment also offers fast Wi-Fi, air conditioning, and a clean, elegant atmosphere, making it perfect for couples, solo travelers, or business guests looking for a central and convenient stay in Cairo.Guest accessGuests will have full access to the entire studio, including the sleeping area, living space, bathroom, and fully equipped kitchen.The apartment is completely private, ensuring comfort and privacy during your stay. Guests can also enjoy high-speed Wi-Fi and all amenities available inside the studio.Other things to noteThe studio is located in a safe and central area of Nasr City, just minutes from City Stars Mall and surrounded by restaurants, cafes, and supermarkets.The apartment is professionally cleaned before every check-in to ensure a fresh and comfortable stay. We always aim to provide a smooth and pleasant experience for our guests."
1342848180743802880,"The spaceDear guests, kindly take note of the following before booking:	•	Excellent location: just minutes away from the Giza Pyramids — easily accessible with potential pyramid view.	•	Free Wi-Fi, air conditioning, and 24/7 hot water available.	•	No parties or loud noise to ensure a peaceful environment.	•	Please respect the maximum number of guests per booking.	•	Check-in is from 11:00 AM, and check-out is by 11:00 AM.	•	We offer help arranging tours and experiences upon request.We wish you a pleasant and comfortable stay!During your stayWe’re happy to assist you anytime during your stay. Please feel free to contact us via the app messages and we’ll respond as quickly as possible."
886363181657712896,Relax with the whole family at this peaceful place to stay.
1255931472512598528,"Enjoy a unique stay in our bohemian-Moroccan style apartment in the city center, offering comfort and elegance. Relax on the balcony with a view of Mohamed Ali Castle, sipping tea in a peaceful atmosphere. The fully equipped kitchen lets you prepare meals easily, with free drinks and Wi-Fi provided. Located near the metro, you’ll have quick access to the Egyptian Museum, Abdeen Palace, and local restaurants. Ideal for work or relaxation, this apartment ensures an unforgettable stay."
1137611076084427392,"This beautiful bright room is part of Bayt Yakan, our heritage home. Bayt Yakan is a Historic building located in al-Darb al-Ahmar district in the heart of Historic Cairo. It is just 5 minutes’ walk from the 15th cent. Sultan Hassan Mosque and 10 minutes walk to al-Muizz street and Khan alKhalili Bazzars. Saved from demolition, we restored it to showcase its beauty and share it with heritage enthusiasts and art lovers.The spaceThis cozy radiant room has a wonderful view of the open green courtyard of the house. It is  located on the 2nd floor of Bayt Yakan and easily accessed with an elevator. It has a direct access to the 19th century hall and library, where you can chill and enjoy a serene atmosphere.⮚	Residents of Bayt Yakan can use for free the in-house Rare Books library and there is access for a roof terrace and a fully equipped Kitchen at the roof floor.⮚	Bayt Yakan has facilities for conferences and presentations, seminars, which is offered for a fee per hour. ⮚	Soap and bed linen are provided in all rooms in addition to bathroom towels.⮚	Rooms are cleaned before your stay. Should you request an additional cleaning service during your stay, we will be glad to arrange for that for a daily fee.⮚	During your stay, there might be: 1- Occasional Events and photo shoots on the premises -2-Community workshops: during the summer (June to Aug), on the ground floor. -3- Occasional Power cuts by the government on random days for 2 hrs.⮚	Our prices are based on Bed and Breakfast accommodation.⮚	We will be glad to offer lunch and dinner with extra charge upon request. `We look forward to hosting you at Bayt YakanGuest accessThe residents of Bayt Yakan have free access to the the open courtyard, the historic halls and in-house library space, the roof terrace and its adjoining kitchen and laundry facilities. Mind you, occasionally the above mentioned halls are not available due to private events and scheduled photo shoots."
1607068601195968256,"Private room located on the underground floor in the same building as our famous third-floor Pyramids-view listing Just 3 minutes walk to the Pyramids’ main gate and ticket window Quiet, clean, and ideal for value-focused travelers Guests staying in this room enjoy full access to the shared rooftop, where you can relax and take in the iconic panoramic views of the Pyramids.The spaceThe room consists of:the room at underground2 double bedmini barkettle water table with 2 chairs WardrobeBathrobeCash safe with combination lockSlipperstowelsHair dryerair conditionerprivate bathroom inside the room free Wi-Fisound system by Bluetoothsmart TV with channels.Guest accessThe easiest way to reach us is by contacting us via phone or the website itself.We will be waiting to give you the key upon your arrival.Other things to noteAlthough the room is on the ground floor, guests can enjoy the panoramic terrace overlooking the pyramids, as seen in the photos.There are other hotels in the same building, but everything related to our guest is private, as it's a family home, and each guest has their own name."
1510946334207098112,"A serene apartment nestled amid majestic trees, offering a true paradise on earth. Surrounded by nature’s calm, this peaceful home is just steps away from Maadi’s most prestigious areas—combining tranquility with elegance.The spaceA serene apartment nestled amid majestic trees, offering a true paradise on earth. Surrounded by nature’s calm, this peaceful home is just steps away from Maadi’s most prestigious areas—combining tranquility with elegance."
1577017238839515904,"A spacious first-row 4-bedroom / 2-bathrooms apartment with direct panoramic Nile views, located in the heart of  Cairo  directly on a famous Nile-front road,  expect beautiful views and easy access to everything. Perfect for friends , business travelers, families and groups seeking comfort, luxury and an authentic Cairo experience.The spaceWelcome to your Nile-front retreat a rare, extra-large 4-bedroom apartment located first row on Nile . Enjoy uninterrupted Nile views from the living room and bedrooms, gentle breezes, and a prime Cairo location surrounded by history, safety, and convenience.WHAT THIS PLACE OFFERS	•	Panoramic Nile View	•	4 Bedrooms (King, Queen, Twins)               (accommodates 8–10 guests)	•	2 Bathrooms	•	Big Living Room	•	Dining Area	•	Fully Equipped Kitchen	•	Smart TV & WiFi	•	Elevator	•	24/7 Security	•	Family-friendly setup The apartment is designed for maximum comfort. Every room is bright, quiet, and ideal for families looking for space and privacyGuest accessGuests have full access to the entire apartment.The building has 24/7 security, an elevator, and easy access directly on the Nile road.Other things to note•	The apartment is located directly on a famous Nile-front road,  expect beautiful views and easy access to everything.	•	The building has 24/7 security and an elevator for your comfort.	•	Early check-in and late check-out are possible depending on availability.	•	We provide fresh linens, towels, and basic amenities for every stay.	•	Additional services such as airport pickup, daily cleaning, private driver, or local tours can be arranged upon request.	•	Please note that the apartment is ideal for families and peaceful guests.	•	For longer stays, we offer special discounts and can provide extra housekeeping if needed for FREE"
1344481029603175936,"✨ Welcome to Your Perfect Stay! ✨Stay in central Cairo, just minutes from Tahrir Square, the metro & the Egyptian Museum. Enjoy a stunning city view from a clean & cozy room.✅ Great Location – Easy access to transport & top attractions.✅ Comfortable room – Quiet, with AC, TV, fridge & wardrobe.✅ Private bathroom – Hot/cold water, hairdryer & toiletries.✅ Breakfast included – Served in a dedicated area.✨ Book now for a relaxing and comfortable stay! ✨"
1532716727302887168,"Located in a gated compound with full amenities pools, padel & tennis courts, and jogging tracks. Our modern 3-story iVilla offers cozy, stylish comfort and a spacious rooftop with a beautiful pergola — perfect for families or friends. Ideally set in the heart of the city, close to everything! 🌿House rules: No visitors allowed. No parties or events. Groups must be same-gender or families only — mixed-gender groups are not allowed."
1655636845963348480,
1261411894109733888,"Experience unrivaled luxury at our 3-bedroom apartment in the prestigious High End Towers. Bask in breathtaking city views through floor-to-ceiling windows, enjoy gourmet kitchen amenities, and sink into sumptuous bedding for ultimate comfort. Two private balconies offer additional spaces to unwind and take in the panoramic cityscape. Indulge in top-tier hotel facilities. Your lavish retreat in the heart of the city awaits."
1455828119076096512,"Our Signature Suite is the most spacious and distinguished residence in the collection, with direct pool and garden access. Designed for guests who value space, privacy, and outdoor living, this home delivers a truly elevated stay experience.The apartment features two master bedrooms, each with its own private en-suite bathroom, ensuring complete comfort and privacy for all guests. Expansive garden views, a large outdoor lounge area, and seamless access to the pool."
1341442037542248704,"You won’t want to leave this charming, one-of-a-kind place.Nestled just 1 km from Al-Tahrir square and a short 5-minute walk to Saad Zaghloul metro station. Layla’s Hostel is a hidden gem that offers the perfect mixture of convenience, tranquility and antiquity. While you’re close to the buzz of the city, we’re tucked away on a peaceful street, far from the noise, ensuring you get a quiet, restful, genteel and stylish stay.Other things to notePlease note: Our hostel is home to two friendly cats who live on the property."
1613745481492925952,The whole group will be comfortable in this spacious and unique space.
1341592470123058688,A very distinctive and luxurious apartment in the most prestigious towers of Cairo - Continental Tower - in El Manial- A heater on the balcony- Fully furnished with luxurious hotel furniture- The kitchen is equipped with all the family's requirements- 4 bedrooms (3 master bedrooms with a private bathroom)- An independent maid's room with its own bathroom separate from the rooms- Housekeeping service- A private parking lot for residents- A charming panoramic view of the NileThe space3 rooms with private bathroom including a large double bed A room with 2 single beds A maid's room with a separate private bathroom
1297286425888271872,"Three bedrooms Four bathrooms and fully air-conditioned Direct view of the Nile next to the Four Seasons Hotel.Smart control devices, 24-hour security, Wi-Fi, and brand new furniture"
1526967919053000704,"Make some memories in this unique and family-friendly home. The place is luxurious, safe and classy in terms of location and the stunning view overlooking the Nile directly and seeing the pyramids with the sunrise and sunset with a sense of comfort and recreation so that it is an unforgettable experience and you wish to repeat it.."
1472300897833613568,Relax with the whole family at this peaceful place to stay.
1095575554885410176,"Step into historic Cairo at our heritage building, moments from Tahrir Square and the Talaat Harb statue. Nestled in downtown's vibrant energy, our space blends modern comfort with timeless charm. Enjoy the fusion of heritage and contemporary living, surrounded by iconic landmarks. Your urban retreat promises an unforgettable stay in the heart of the city's cultural tapestry."
1458848227395188480,Two attached units ( Royal suite in ground floor https://www.airbnb.com/l/lq6OpZSw + 2 attached apartments in lower floor) https://www.airbnb.com/l/3P0dzxt1Have a unique designGuest accessSmart keys
1501642132078410496,
1367468270071699712,"Welcome to our Nile View 4-bedroom apartment. It’s located only 5 mins walk from Tahrir Square, Egyptian museum, and Nile bridge. It’s also less then 5 mins by uber from Zamalek Island and Garden city It has a unique design where each room has a different theme, two of them have a direct Nile view. The flat has 4 bathrooms and kitchens, 4 king size beds, and one sofa bed We look forward to hosting you"
1146878447597361536,"The Limoncello Rooftop is a two bedroom apartment located on the 2nd Floor. It consists of one bedroom with king bed. Second room has two Queen beds. A Living area that contains a Sofa-Bed, Smart TV, High speed WIFI, Coffee machine, Kettle. Fully equipped kitchen with oven, microwave, fridge and dish washer. It has also two Bathrooms including Amenities.  Most importantly it includes a nice terrace with a private heated Jacuzzi. Cleaning service is available during stay with extra fee.The spaceA peaceful getaway in the heart of the city. Vintage Villa surrounded by a huge garden implanted with a variety of scented flowers and old-aged trees.Consists of 10 studios and apartments. Each designed differently. Located centrally in Zamalek where most Cairo events are held. Many restaurants & pubs are walking distance. Egyptian Museum & the Pyramids are 25 min. away.Guest accessAll studios and apartments are private. You are more than welcome to enjoy the garden area and working space.Other things to noteKindly send us your expected arrival time and copy of your passports prior arrival."
1663748515666655232,Enjoy a stylish experience at this centrally-located place.
1581148825850550016,"Villa for daily rent in the most luxurious compound in Sheikh Zayed, consisting of- 4 bedrooms, including an extra master bedroom - 2 outdoor bathrooms, sauna, steam- Prescription 3 pieces hotel brushes- Modern style private pool - Private garage, private entrance - H. Garden Fully air-conditioned villa with WiFi  Beverly Hills Compound   - Sheikh Zayed"
1020803619969682176,"This unique place has a style of its own.Centrally located at the Four Seasons in Cairo, this 1-bedroom apartment is one of a kind, fit only for those who appreciate the luxury, views and convenience of a being part of the best hotel in Egypt. Includes a private sauna & a wine fridge! The Master bedroom is modern and innovative.New appliances. Amazing views of the Nile. And you can get your own butler at an additional minimal cost!The spaceCentrally located at the Four Seasons in Cairo, this 1 bedroom apartment is one of a kind, fit only for those who appreciate the luxury, views and convenience of a being part of the best hotel in Egypt. The unit is recently remodeled, and includes a private sauna. New appliances. Amazing views of the Nile. And you can get your own butler at an additional minimal cost!"
33508561,"This serviced studio-apartment is on the second floor of a boutique hotel, with a fully equipped open kitchen, living space, large bed, large bathroom with a bathtub and standing shower, washing machine, iron board and complimentary WiFi access.The spaceExpect full housekeeping service for daily cleaning, change of bed linens and towels."
1595788412298887168,"Experience refined hotel living in this recently renovated one-bedroom residence located within the prestigious Four Seasons Cairo. Designed for comfort and elegance, the apartment features a modern master bedroom, private in-unit sauna, and brand-new appliances. Enjoy breathtaking Nile views from the balcony and complimentary access to the hotel’s pools and gym.The spaceLuxury One-Bedroom Residence at Four Seasons Plaza – Nile ViewsExperience refined living in this elegant one-bedroom residence located within the prestigious Plaza Residences at Four Seasons Hotel Cairo at Nile Plaza.The apartment offers a perfect blend of comfort, privacy, and five-star hotel services, making it ideal for both short and extended stays. The ApartmentOne spacious bedroom with a full en-suite bathroomPrivate sauna and a dedicated dressing roomGuest bathroom for added convenienceLarge living area with a big-screen TVSecond big-screen TV in the bedroomHigh-speed Wi-Fi throughout the entire apartmentFully equipped kitchen with modern appliancesBar area with a wine fridgeLarge private balcony with breathtaking viewsFrom the balcony, enjoy panoramic views of the Nile and Cairo’s skyline, and on clear days, you can even see the Pyramids during daylight hours — a truly unique experience. Hotel Privileges & ServicesGuests enjoy complimentary access to the hotel’s world-class facilities, including:Outdoor swimming pool and indoor heated poolSauna, jacuzzi, and fully equipped gymAccess to all hotel restaurants, lounges, and dining venuesIn-room dining available24/7 cleaning and housekeeping services Prime LocationSituated in the heart of Cairo at Nile Plaza, the residence offers seamless access to the city’s finest dining, cultural landmarks, business districts, and nightlife — all while enjoying the privacy of a luxury serviced residence.Whether you’re visiting Cairo for business, leisure, or a special occasion, this residence offers an exceptional stay with the comfort of home and the services of a five-star hotel.Guest accessGuests will have complimentary  access to the gym and pool and paid access to all Four Seasons amenities and services, including house keeping, room service, spa services, laundry services, on-call doctor, transportation, dining at any of the Four Seasons' outlets/restaurants: The Bar (where most of Egypt’s rich, famous and expats hangout for cocktails, and doing business), Eight (Asian fusion), Bella (Italian restaurant), Graffiti (night club), Zitouni (open 24/7). Guests also have access to the lobby lounge, which is happening all day and night, as well as to Beyman's cafe. Beyman is also accessible for those who want access to a decent variety of top fashion brand shopping. Concierge services are available from 6:00 am to midnight, and guest services are available 24/7.Other things to notePrivate Concierge & VIP ServicesAvailable Upon Request | Additional Fees ApplyFor guests seeking an elevated experience, we offer a curated selection of private concierge and VIP services, subject to availability and advance arrangement:VIP airport meet and greet at the airport only.Private airport and city transportation.Private tour guides and bespoke excursions.Private chef experience.Dining, nightlife, and entertainment recommendations.Shopping and lifestyle experiences.Please contact us via Airbnb messaging to arrange any of these services."
1207204588129617152,
876635382065447424,"Charming villa featuring marble living and dining room at the ground floor, opening on a beautiful pool, over-sized windows with reflecting rays of natural sunlight. Scavolini kitchen with granite counter-tops.First floor with 3 suites each with its own bathroom, separate living-room 65 inch TV, mini-kitchen, plenty of closet space. Great views of Allegria gardens, 50 meters from golf course.Friendly neighborhood with a “home like feel”. Have fun with the whole family at this stylish place."
1583489179587965952,"Experience luxury living in this elegant 3-bedroom apartment in Lake View Residence, New Cairo.Enjoy modern interiors, premium finishes, and a bright open living space overlooking your private pool and garden. The apartment features a fully equipped kitchen, stylish bathrooms, and hotel-quality bedding. Located in a secure, upscale compound minutes from 90 Street, dining, and shopping—Perfect for families, couples, or business stays.FOR ARAB NATIONALITIES : FAMILIES & FEMALE GROUPS ONLY."
1661497961861192448,"Experience Cairo from a completely different perspective in this spacious Nile-front apartment designed for memorable group stays.Perfect for friends, families, or business travelers, the apartment offers a balance between shared living spaces and private comfort—making it easy to spend time together while still enjoying your own space."
1041437962161590656,"We appreciate your visit to Rotana Pyramids View . A unique location to relax and take in the breathtaking view of the Giza Pyramids is our hotel. Our accommodation is approximately a 5-minute walk from the Pyramids. For information on our trips and private tours, please contact us. They are made exclusively for you by us. We are here to help you with anything you need. Your pleasure and safety are our first objectives.Other things to note-We provide a pick-up and drop off service from the airport with a car to the hotel with flexible price.-Discover the wonders of Egypt with our exceptional tours, guided by knowledgeable experts who bring ancient history to life, ensuring an unforgettable and immersive experience with best price.- It is not allowed to book accommodations for Arabs without Certificate of Marriage.-  no visitors allowed 🚫"
678463884188978048,"Enjoy a luxurious peaceful & full privacy place to stay. A strategic location on the South Teseen street  , New Cairo. 5th Settlement District 1 , All facilities, Top notch shopping malls, restaurants within 5 min walking distance.  5 min to Downtown Mall, 7 mins  to CFC “Cairo Festival Mall” , 3 minutes  walking to Monorail & Spinneys Hypermarket , 5 min to PAUL French Patisserie & 8 minutes to the American University in Cairo.Security cameras .We only host families & groups."
909443120158964992,"Luxury mansion with breathtaking pool and stunning surrounding landscape, located in the heart of 5th settlement and elegantly furnished dining and seating area with a comprehensive kitchen. The mansion is equipped with concealed air conditioning, flat tv screens, free wifi, and free private parking. Quite and attractive area surrounded by a variety of restaurants, cafes, supermarkets, and shopping malls. Cairo Airport is around 20 minutes away.A continental breakfast is offered free of charge."
1260406464173905920,"A spacious, modern Nile-front apartment featuring three bedrooms, a fully equipped kitchen, and a spa-like bathroom. Enjoy breathtaking panoramic views of the Nile from the private balcony, all while surrounded by luxurious hotel-grade furnishings and a sophisticated design."
1494286145132247552,"Have fun with the whole family at this stylish place.We offer a free airport pickup if you book for more than 3 days.Additionally, we provide free cleaning every 4–5 days, including fresh sheets, towels, and other essentials.The spaceThis property is opposite Citystars the One of biggest malls in Cairo, all brands and restaurants are available .(2 minutes )This property in secured compound.5-7 minutes walking you will find Tevoly plaza which include more than 30 Cafe shop and kids are.15 mins from airport.We offer a free airport pickup if you book for more than 3 days.Additionally, we provide free cleaning every 4–5 days, including fresh sheets, towels, and other essentials."
1636821038111464448,"Spacious 3BR ground-floor apartment in Lake View Residence. This 300m² home features a large master bedroom, two bedrooms sharing a bathroom, plus a guest bathroom. Enjoy a bright living and dining area and a modern fully equipped kitchen. Step outside to a large private garden with a pool and sun loungers. The compound offers landscaped areas, 24/7 security, and easy access to Laketown Mall. Serviced by Zen Stays."
1642185607955946752,"Villa for Rent – First Occupancy in Patio Al ZahraaLuxury villa for rent in Patio Al Zahraa Compound. First occupancy with modern finishing. The villa features 4 bedrooms (2 master), 4 bathrooms, spacious living room, and a private swimming pool with a beautiful pool view. Located in a quiet, secure compound, perfect for comfortable and upscale living."
879696915671476608,
1527612080432866816,"This stylish home is perfect for group trips.Luxury Townhouse for Rent – Fully Furnished | Patio Al Zahra📍 Location: New Patio Al Zahra Compound directly in front of Al Ahly Club, minutes from Sphinx Airport. The compound is quiet and classy, and includes all services: swimming pools, green areas,.✨ Unit Details: • Townhouse with Ultra Luxe finish and hotel furniture • 4 Bedrooms  • 4 bathrooms • Spacious reception with modern décor • Fully equipped kitchen with the latest appliances • New and luxurious furniture • Hotel furniture suitable for long and short stays (daily +annual )"
1423428647185198848,"Situated just 500 metres from Great Sphinx, Giza Pyramids View Inn offers accommodation in Cairo with access to a bar, a shared lounge, as well as free shuttle service. The accommodation features a 24-hour front desk, airport transfers, a lift and free WiFi.The hotel will provide guests with air-conditioned units with a desk, a coffee machine, a fridge, a minibar, a safety deposit box, TV and a private bathroom with a walk-in shower."
671740578859926400,"Have fun with the whole family at this stylish Villa.Elite Community, wonderful and well designed landscape, Private pool, large terraces, elevator, monitoring system, sound system, 5 master bedrooms, big and well designed kitchen with all its electrical appliances, 24/7 security.The Villa is 5 min away from Cairo Airport3min Almaza city center 5 min city stars.Other things to noteFamily Use Long periods preferred"
986907258138126976,"> Easy to access and close to everywhere,> very close to the subway> Various restaurants> supermarkets> Cafes> Pharmacies> bar> Shopping Center> CinemaThe spacekindly note  ( The studio is on the second floor - there is no elevator )> this place is a room equipped to accommodate two adults and has a bathroom equipped with hot and cold water, shower gel, hand washing gel, toilet paper, small and large towels, in addition to another corner with a refrigerator, microwave, Tea pot, coffee pot, and sink for washing dishes and kitchen supplies.> Bed 160 cm wide with cotton sheets, very comfortable pillows, a quilt and a blanket> Comfortable sofa, 130 cm wide> TV > Air condition / hot & cold> American blackout curtains completely prevent light from entering> WifiOther things to note> Check in      2: pm> Checkout 12: pm> It is necessary to send a scanned copy of the passport   Or take a photo with my mobile phone upon arrival ( These are legal     procedures to verify the identity of guests )"
1557142729767028480,
1437055324321650432,"Two connected apartments behind one private main door, forming one large private residence with five bedrooms, two living areas, and two full kitchens. Ideal for families and large groups who want to stay together while still enjoying privacy and space. Located in Zamalek and managed by the K Cribs team."
1595121737419913728,Take it easy at this unique and tranquil getaway.
1476993545170771200,"A Penthouse in Authentic area with direct Pyramids view ( 2 apartments on the 8th and 9th floor ) has 2 bedrooms .. 2 bathrooms  .. a living room  .. 2 kitchens and 2 jacuzzi in OLD GIZA , very safe  .. very nice place with a huge blacony has direct  Pyramids view  and one of the Jacuzzi also in the blacony .. so this is the perfect location if you look for authentic experience  .. check the photos I put on the page please! , Also I offer free breakfast  , mineral water,  coffee and teaThe spaceA Penthouse ( 2 apartments 8th and 9th floor ) overlooking the Pyramids in an authentic area in old Giza .Guest accessAll place they can useOther things to noteI am a Professional licensed tour guide since 2006 , and ministry of tourism chose me as one of the best 100 tour guides in Cairo in 2012 .. here is all tours I offer with promise that it will be great tours1 / 8 hours guided tour to Giza Pyramids, Sphinx, Grand Egyptian museum costs 49 USD per person including Professional Egyptologist,  lunch , AC vehicle, pick up & drop off , bottle of water 2 / 8 hours guided tour to Memphis, Saqqara and Dahshure costs 49 USD per person including Professional Egyptologist, lunch , AC vehicle,  pick & drop off , bottle of water 3 / Guided day trip to Alexandria costs 90 USD per person including Professional Egyptologist, lunch , AC vehicle , pick up and drop off , bottle of water 4 / 8 hours Guided tour to Memphis, Saqqara and Giza Pyramids costs 49 USD per person including Professional Egyptologist  , lunch , AC vehicle , pick up and drop off , bottle of water 5 / 8 hours guided tour to Egyptian museum OR museum of civilisation, Saladin's fortress and Coptic Cairo costs 49 USD including Professional Egyptologist  , lunch , AC vehicle , pick up and drop off , bottle of water 6 / half day guided tour to Giza Pyramids and Sphinx costs 35 USD per person including Professional Egyptologist  , AC vehicle, pick up and drop off,  bottle of water 7 / camel ride costs 25 USD per person8 / ATV costs 40 USD per person9 / Dinner cruise around the Nile river for 2 hours including bellydancing show  , Tanoura show , open buffet dinner, water and pick up and drop off , costs 70 USD per person10 / Deluxe  private Felucca ride around the river Nile for 2 hours including lunch or dinner costs 100 USD11 / Felucca ride around the river for 40 minutes costs 40 USD per person including pick up and drop off12 / Yacht in the Red Sea to relax and swim for 6 hours costs 120 USD per person including lunch 13 /  Camping in the white desert for 1 night all inclusive costs 175 USD per person14  / Wadi Hitan safari ( Valley of the whales ) and Fayoum Cataracts cost 150 USD per person including lunch , AC vehicle , pick up and drop off,  bottle of water 15 / A day use on very nice beach in 5 stars hotel in Sokhna resort  120 USD including lunch16 / Cairo by night .. quick visits to Cairo tower , Tahrir square , downtown Cairo , Al- Moez st and Khan El Khalili Bazaar costs 49 USD per person including traditional Egyptian dinner 17 / Food tour .. you will try different Egyptian dishes and desserts around downtown Cairo, costs 49 USD per person.18  / 3 days pivate trip to Siwa Oasis from Cairo ( hotel , breakfast, dinner,  tour around ancient city & Safari ) costs 300 USD per person. 19 / 3 nights full board deluxe Nile cruise from Aswan to Luxor costs 900 USD per person including Private tours, Professional Egyptologist, sightseeing tickets, AC vehicle,  pick up and drop off  .. 1200 USD per person for 4 nights  Luxor  to Aswan Nile cruise Airport transfer depends on size of vehicle,Classic car costs 25 USD 7 seats car costs 35 USDBig vehicle costs 50 USD"
1499293182649581824,The residence is characterized by privacy and an excellent view of Nile. It overlooks the Umm Kulthum Museum and the Manchester Palace and is characterized by the presence of two outdoor sessions
1006410596383133696,Forget your worries in this spacious and serene space.
1072337923226213632,Enjoy easy access to everything from this perfectly located home base.
1597258314567751424,Hotel level right in front of the Inter and City Stars Hotel Near by all services Apartment Four Rooms Three-piece reception Separate living Three bathroomsFully equipped kitchen
1534883263996779264,"A hotel room directly opposite the pyramids of Giza, providing a charming view of these ancient monuments, and giving guests a unique experience that combines comfort and luxury. The rooms are air-conditioned, have a private bathroom, Wi-Fi, and directly overlook the pyramids. The strategic location makes access to the Grand Egyptian Museum and the Sphinx quick and direct, making the stay an ideal choice for visitors looking for a comfortable and distinctive experience in the heart of history. The charming and unique housingThe spaceA hotel room directly opposite the pyramids of Giza, providing a charming view of these ancient monuments, and giving guests a unique experience that combines comfort and luxury. The rooms are air-conditioned and have a private bathroom, equipped with Wi-Fi, overlooking the pyramids directly. The strategic location makes access to the Grand Egyptian Museum and the Sphinx quick and direct, making the stay an ideal choice for visitors looking for a comfortable and distinctive experience in the heart of history and unique charming housingGuest accessThe suite consists of two cozy rooms and their own bathroom. There is a king size bed and 3 small beds that can accommodate one person. The room can accommodate a maximum of 5 people. There is also a dining table and a refrigerator."
1655016228235060480,"Enjoy with the whole family at this stylish accommodation with its enchanting view of the Nile and a view of the pyramids in one panorama. It is a special place for a vacation that will create lasting memories, with accommodations that meet the guest's needs in terms of views and hotel-standard features, making it your go-to destination for your visits to Cairo."
1653708979868910592,"All the residents who tried the house were happy. The house is clean and tidy. The location is great, close to everything, and it has an excellent view overlooking the Nile. It is easy to get to any place because it is close to all tourist attractions."
1610455786796415744,"A magnificent 4-bedroom villa. 5 rooms, 5 bathrooms, all rooms are master bedrooms, a modern swimming pool, and a garage that can accommodate 4 cars, located within a very upscale complex that offers all daily services."
1178779410424644096,"Our neoclassical glasshaven with pool, jacuzzi, slides, trampoline & garden is your ideal place to stay when in Cairo.Whether you’re craving a cozy stay with family or a fun filled bonding with friends, this spot has it all; Sun, Swim, Serenity, Convenience & Luxury.Loc. in one of New Cairo’s high end neighborhoods, just 30 mins away from the airport and 2-10 mins from malls,resto&cafes (western, Asians & locals)hospitals,mosque & supermarkets.Book now & kickstart your vacay escape with us!🤍"
1514011890775926528,"This stylish home is perfect for group trips.Luxury Townhouse for Rent – Fully Furnished | Patio Al Zahra📍 Location: New Patio Al Zahra Compound directly in front of Al Ahly Club, minutes from Sphinx Airport. The compound is quiet and classy, and includes all services: swimming pools, green areas,.✨ Unit Details: • Townhouse with Ultra Luxe finish and hotel furniture • 4 bedrooms (including 2 master bedrooms) • 4 bathrooms • Spacious reception with modern décor • Fully equipped kitchen with the latest appliances • New and luxurious furniture"
1529090491737849088,"Luxury Villa for Rent in Beverly Hills, Sheikh ZayedExperience modern living in one of Sheikh Zayed’s most prestigious communities!This stunning villa features:✨ 4 Spacious Bedrooms🧑‍🍳 Maid’s Room🛁 4 Bathrooms🏊‍♂️ Private Swimming Pool🚗 Private ParkingPerfect for families, groups of friends, and leisure stays — offering comfort, privacy, and relaxation in a prime location close to all entertainment venues and main roads.📍 Location: Beverly Hills Compound"
1583439639189402112,
1652916755572425216,"Kick back with your family and soak in dreamy Nile views from our spot in the heart of Cairo! Super close to all the city’s top spots, yet tucked in a chill, friendly neighborhood for peaceful nights. Modern vibes, comfy spaces, and everything you need for a perfect stay coffee with the Nile, city adventures, and pure relaxation all in one place!"
1595812603308547328,"An exceptional Nile-front one-bedroom residence located within the Plaza Suites at Cairo’s Four Seasons the most prestigious address in Egypt. Enjoy breathtaking panoramic views of West Cairo, with clear vistas stretching toward the Pyramids of Giza. Guests enjoy complimentary access to the Four Seasons pool and gym, along with the privileges of five-star hotel living, while still experiencing the privacy and warmth of a true home.The spaceExceptional One-Bedroom Residence at Four Seasons Plaza – Nile ViewsExperience refined living in this elegant one-bedroom residence located within the prestigious Plaza Residences at Four Seasons Hotel Cairo at Nile Plaza.The apartment offers a perfect blend of comfort, privacy, and five-star hotel services, making it ideal for both short and extended stays. The ApartmentOne spacious bedroom with a full en-suite bathroomGuest bathroom for added convenienceLarge living area with a big-screen TVSecond big-screen TV in the bedroomHigh-speed Wi-Fi throughout the entire apartmentFully equipped kitchen with modern appliancesLarge private balcony with breathtaking viewsFrom the balcony, enjoy panoramic views of the Nile and Cairo’s skyline, and on clear days, you can even see the Pyramids during daylight hours — a truly unique experience. Hotel Privileges & ServicesGuests enjoy complimentary access to the hotel’s world-class facilities, including:Outdoor swimming pool and indoor heated poolSauna, jacuzzi, and fully equipped gymAccess to all hotel restaurants, lounges, and dining venuesIn-room dining available24/7 cleaning and housekeeping services Prime LocationSituated in the heart of Cairo at Nile Plaza, the residence offers seamless access to the city’s finest dining, cultural landmarks, business districts, and nightlife — all while enjoying the privacy of a luxury serviced residence.Whether you’re visiting Cairo for business, leisure, or a special occasion, this residence offers an exceptional stay with the comfort of home and the services of a five-star hotel.Guest accessGuests will have complimentary  access to the gym and pool and paid access to all Four Seasons amenities and services, including house keeping, room service, spa services, laundry services, on-call doctor, transportation, dining at any of the Four Seasons' outlets/restaurants: The Bar (where most of Egypt’s rich, famous and expats hangout for cocktails, and doing business), Eight (Asian fusion), Bella (Italian restaurant), Graffiti (night club), Zitouni (open 24/7). Guests also have access to the lobby lounge, which is happening all day and night, as well as to Beyman's cafe. Beyman is also accessible for those who want access to a decent variety of top fashion brand shopping. Concierge services are available from 6:00 am to midnight, and guest services are available 24/7.Other things to notePrivate Concierge & VIP ServicesAvailable Upon Request | Additional Fees ApplyFor guests seeking an elevated experience, we offer a curated selection of private concierge and VIP services, subject to availability and advance arrangement:VIP airport meet and greet at the airport only.Private airport and city transportation.Private tour guides and bespoke excursions.Private chef experience.Dining, nightlife, and entertainment recommendations.Shopping and lifestyle experiences.Please contact us via Airbnb messaging to arrange any of these services."
1651521621832902400,Bring the whole family to this great place with lots of room for fun.
1393384400047766784,
1513869666670194944,"Stylish apartment with a direct view of Zamalek NileEnjoy a classy stay in a distinctive apartment with a direct and clear view of the Zamalek Nile, in one of Cairo's finest areas. The place is perfect for relaxing, working remotely, or spending quiet time with a charming Nile view.Features of the apartment	• 	Direct view of the Nile River	• 	Comfortable lounge with natural lighting	• 	Quiet and comfortable bedrooms	•	Air conditioning in all rooms	• 	Very fast Wi-Fi (suitable for work and study)	•	Fully equipped kitchen	• 	Clean bathroom + hot water	•	Cleanliness and sterilization before each stay		Safe and quiet area 24/7"
1652916784505927936,"Enjoy a spacious and stylish apartment with breathtaking Nile views, perfect for families or groups looking for comfort and relaxation. The apartment offers a bright, modern space with everything you need for a memorable stay. Gather, unwind, and enjoy quality time together while overlooking the Nile. Ideally located in the heart of Cairo, you’ll be just minutes away from top attractions, dining spots, and everything the city has to offer."
1106469536719280128,"This unique and stylish space is located at the island of Zamalek, one of Cairo’s hot spots. At the heart of Cairo. Fully furnished and equipped space with 4 bedrooms and 3 private Bathroom. 10 Mins from The Downtown Cairo/ (5 KM) 10 Mins from The Cairo Tower/ (5 KM) 35 Mins from The Great Pyramids Of Giza/ (21 KM) 30-45 Mins from Cairo’s International Airport/ (25 KM) 45 Mins from Sphinx International Airport/ (32 KM)"
1034066309855148800,"Nile views Luxury Suite with 4-bedrooms, Playstation room, 3-bathroom, The suite is located next to the Four-Seasons Hotel - Nile Corniche - providing a great view of the Nile River. We offer state of the art amenities including two 65-inch TVs with Netflix and a dedicated PlayStation room. We have high-speed Wi-Fi, air conditioning, a fully-functioning modern kitchen, reception, and dining room.The spaceNOTE: Send message before booking!-Children under 12 arenot allowedWelcome to our breathtaking Unique Nile views Luxury Suite with 4-bedrooms, Playstation room, 3-bathroom, The suite is located next to the Four-Seasons Hotel - Nile Corniche - providing a great view of the Nile River. We offer state of the art amenities including two 65-inch TVs with Netflix and a dedicated PlayStation room. We have high-speed Wi-Fi, air conditioning, a fully-functioning modern kitchen, reception, and dining room.Other things to noteNOTE: Send message before booking!-Children under 12 arenot allowed"
1507754142013484032,"Welcome to your perfect getaway in one of Sheikh Zayed’s most prestigious compounds, Palm Hills October. This beautiful 3-bedroom villa combines comfort, style, and relaxation.Start your mornings with the sounds of birds in the lush private garden, & spend your afternoons basking in the sun by your very own pool. Also a great Jacuzzi in the master bedroom. Our home is close to all the city’s best dining, shopping, and entertainment, while still tucked away in a serene and secure community.The spaceNo visitors, parties or loud music allowed. Please respect our home."
1399344813755631104,"For businessmen and VIPs, princes and ambassadors, a private villa with a private swimming pool, a private bar, a private cinema, 2 gardens, one for children and another for receiving guests and events, a reception lobby, a private parking lot, a room for a servant, a private guard, or a nanny outside the house. All places are air-conditioned, hot and cold. Audio distribution for all places. All services are available. A private driver and a private servant. 🛜 High-speed internet. Full privacy. Royal bathroom. All amenities, recreation and tranquility. No pets allowed."
1595475888836283904,"This stylish listing is perfect for group trips.and families with a distinctive outdoor garden and swimming poolIn Palm Hills Golf Compound Sheikh Zayed Garden for BBQ Parties Modern Furniture 4-bedroom villa, including 3 master bedrooms with a bathroom, modern and new furniture, fully equipped with all services and central air conditioning + A working room with a bathroom to be independent"
786193899036913664,"Step into Lourina, a vibrant, extra-spacious 4-bedroom, 6-bath penthouse designed for big groups, families, and travelers who love having their own space. Perched above Lake View Residence with panoramic waterscape views, this colorful home features a private rooftop, private pool, and uplifting décor in every corner. Its layout is made for comfort, fun, and effortless indoor outdoor living.The space• 4 Bedrooms with King beds offering space comfort with a relaxing view• 4 Bathrooms, Each designed privacy and an extra one for guests.• Living Areas: Bright, open space with cozy seating, and direct access to the pool.• Kitchen: Fully equipped with counter seating, seamlessly connected to the living area.• Private Outdoor Area: Enjoy your own pool, perfect for relaxing.•Spacious penthouse layoutAmenities and Features to Enjoy:• WI-FI• Amazing Penthouse View• Outdoor Pool• Dedicated Workspace• Washer & Dish Washer• Essentials (towels, linens, soap,..etc)• Air Conditioning• Smart TV• Hairdryer• Heating• Self check-in• Blackout blinds• Free Parking On PremisesGuest accessAdding comfort and lifestyle value to your stay, as The apartment is steps away from:• Cairo Festival City Mall – 10 min drive• Point 90 Mall – 12 min drive• Downtown Katameya – 15 min drive• Restaurants, cafés, and grocery stores within walking distance in Lake Town"
1408209251622007040,"This apartment is also available for content creation, photoshoots, and filming.Stay in an iconic Nile-view apartment in the heart of Cairo. Enjoy panoramic views of the Nile River, Zamalek Island, and Downtown. Steps from Tahrir Square, the Egyptian Museum, and 5-star hotels like the Ritz-Carlton & St. Regis. Featured in films and ads, this stylish, secure apartment is perfect for creatives, couples, and business travelers. Walk to major landmarks, metro, dining & culture hotspots.The space🏙️ Experience Iconic Cairo Living in a Luxurious 3-Bedroom Rooftop Apartment with Stunning Nile Views! 🏞️Welcome to your perfect home away from home in Cairo! This elegant, spacious 3-bedroom apartment offers breathtaking panoramic views of the Nile River, Zamalek Island, and the prestigious Gezira Sporting Club. Located steps from Tahrir Square and the Egyptian Museum, and surrounded by luxury five-star hotels like The Nile Ritz-Carlton, The St. Regis Cairo, and Ramses Hilton, this apartment is the ultimate choice for travelers seeking style, comfort, and convenience. 🏨✨🛏️ Sleeps up to 7 guests comfortably in two master suites and a third cozy bedroom🛁 2 modern bathrooms with stylish fixtures for your convenience🍽️ Open kitchen & dining area with peaceful views of a green courtyard and the Nile – perfect for family meals or entertaining guests🛋️ Bright living room with large modern couches and floor-to-ceiling windows showcasing uninterrupted Nile views🌿 Unique natural indoor trees bring a refreshing, calming vibe inside — a rare touch of nature in the city🌅 Enjoy stunning sunrises and golden hour sunsets right from your balcony or living room🌍 Prime Location Highlights:Steps from Tahrir Square & Egyptian Museum 🏛️Surrounded by luxury hotels: Ritz-Carlton, St. Regis, Four Seasons 🏨Close to Zamalek, Garden City & the Pyramids 🚗Easy access to metro and business districts 🏢Overlooks iconic Cairo landmarks: Mamsha Ahl Masr Promenade, famous Nile boats like Le Pacha 1901 & The Imperial 🚤🔐 Secure & quiet building with two elevators and rooftop privacyPerfect for families, groups, business travelers, or luxury seekers looking for a unique Nile-view experience in Cairo. Whether for a short stay or extended visit, this apartment offers comfort, elegance, and an unmatched location.🗝️ Book now to experience luxury rooftop living with iconic Nile views in the heart of Cairo!Guest accessYou will have the whole space to yourself nothing is being shared nothing is off limits.Other things to note🚗 All Kind of transportation are available also you can download london Cap or Uber app to order a car to your door! always available and cheap.🏜️🐫 Attractions to Visit:📍 Egyptian Museum – Just a 5 -minute walk, showcasing ancient artifacts and treasures.📍 Tahrir Square – The heart of Cairo's history and culture.📍 The apatment overlooking Mamsha Ahl Masr – A scenic promenade along the Nile, perfect for evening strolls.📍 Cairo Opera House – Experience world-class performances and cultural events.📍 Khan El Khalili Bazaar – A vibrant marketplace for souvenirs, spices, and handcrafted treasures.🌟 Book your stay today and experience Cairo in style! 🌟Secure your dates now and make unforgettable memories in one of Cairo’s most sought-after locations!"
1632510659058548224,"Spacious 1-bedroom serviced apartment on the 17th floor inside the Holiday Inn Residence Maadi — not a standard hotel room, but a private residential unit with full hotel access. Enjoy panoramic Nile and Pyramid views, a large living room, fully equipped kitchen, modern bathroom kitted with essentials, and large smart TV. Includes pool & gym access, restaurants, room service, complimentary housekeeping, high-speed WiFi, and 24/7 security. Prime Maadi location near Downtown Cairo."
1119687151889965696,Location maadi View nile 2 bedroom 2 bathroom Tv 100 inchSound system Home theater Wifi
1253545695819460352,"Discover elevated living in this stylish 2-bedroom, 3-bath duplex at Mirage Residence, one of New Cairo’s most exclusive communities. Perfectly positioned between the JW Marriott Hotel and the Golf Clubhouse, this home offers uninterrupted golf-course views and unmatched serenity.The spaceUpper Level:● Master Bedroom: King bed with private ensuite bathroom and calming natural tones.● Bedroom 2: Two single beds with its own external bathroom.● Both rooms enjoy wide golf views filling the space with natural light.Lower Level:● Living Area: A luxurious lounge setup overlooking the expansive balcony and golf course. Ideal for movie nights, relaxing, or hosting.● Dining Space: Cozy and practical-perfect for meals or morning coffee with a view.● Open Kitchen: Fully equipped with modern appliances, designed for convenience and home-style cooking.● Additional Bathroom: Located on the lower level for guest use.Amenities and Features to Enjoy:• Fast WI-FI• Dedicated Workspace• Air Conditioning• Smart TV• Hairdryer• Heating• Self check-in• Blackout blinds• Free Parking On PremisesGuest accessAdding comfort and lifestyle value to your stay, as The apartment is steps away from:● Mirage Mall ● Cairo Festival Mall● Downtown Katameya● 5A by WaterWay● SR Padel Club● Recreational: Kidzania"
1573732500396807168,"Experience Cairo from above in this spacious 5-bedroom luxury apartment on Maadi Corniche. Enjoy panoramic Nile views and rare distant views of all 6 Pyramids. Bright living areas, a fully equipped modern kitchen, and 4.5 bathrooms make it ideal for families and groups. Quiet, elegant, and minutes from Maadi’s cafés and attractions. Free airport transfer included for all bookings.The space🌊✨ 6 Pyramids View | Nile-Front Luxury Apartment in the Heart of CairoExperience Cairo from above in this spacious, elegant apartment offering breathtaking views of the Nile River and rare distant views of all 6 Pyramids — a truly unforgettable stay.🏡 The Apartment5 spacious bedrooms4.5 modern bathrooms – perfect for large groups and familiesBright living & dining areas with panoramic river viewsFully equipped, high-end kitchen — ideal for home cooking or private chefs🍽️ The KitchenThe kitchen is a true highlight:Modern appliances, generous counter space, and everything you need for long stays — perfect for families, groups, and travelers who appreciate comfort and functionality.🌅 Unmatched ViewsDirect front-facing Nile views from the apartmentUnique skyline view of all 6 Pyramids visible in the distance, especially magical at sunsetA rare combination of history + nature + city life in one place📍 Prime LocationLocated in the heart of Cairo, close to:Restaurants & cafésTourist attractionsEasy access to Giza Pyramids, the Grand Egyptian Museum and all other museums are 30 minites away. Only 15 minutes to Downtown Cairo Tahrir, the French architecture district & plenty of cultural landmarks. ✨ Why Guests Love It✔️ Ideal for families & groups✔️ Exceptional views you won’t find elsewhere✔️ Spacious, comfortable & elegant✔️ Perfect for tourists, photographers & first-time Cairo visitorsGuest accessAll rooms and spaces in the property.Other things to notePlease note that we can only receive mixed groups if all individuals are married or first-degree relatives, in line with local laws. Therefore, we require official documents such as marriage or birth certificates to prove the relationship. These conditions also apply to visitors.This condition applies to all Arab nationalities, including: Saudi Arabia, Kuwait, UAE, Bahrain, Jordan, Syria, Lebanon, Palestine, Iraq, Libya, and Egypt."
592650663225067904,"Spacious private villa ideal for large families and groups, featuring 8 master bedrooms, each with its own private bathroom for maximum comfort and privacy.With 520 sqm total space (340 sqm indoor + 180 sqm outdoor garden and entrance area), the villa offers generous shared areas while ensuring personal space for every guest.Perfect for family gatherings, friends’ trips, wedding groups, and extended stays in Cairo. Popular with large groups, so availability fills quickly.The spaceThis villa is often booked early by large groups, especially during holidays.Guest accessguest can access the entire space.Other things to noteNo pets allowed"
1279650622193070848,Take it easy at this unique and tranquil getaway.
17972891,"Villa Belle Epoque is Egypt's first Boutique Hotel, situated in the lush neighborhood of Maadi, only 20 minutes from downtown Cairo and 30 minutes from Cairo International Airport. The hotel offers single, double, triple rooms and suites, each complemented by spacious balconies, where guests may savor the tranquility of Maadi's sunshine and birdsong. Attentive, discreet service and superb International cuisine, enhance the Villa Belle Époque experience.The spaceThe rooms listed are single, double or triple rooms. The rate per single/double room is US$220 and US$270 per triple room.Other things to noteBuffet breakfast is available daily for US$25 per person, per day."
1613730531380064256,Take it easy at this unique and tranquil getaway.
1666188011871297792,"Enjoy the whole family at this stylish place. Spacious property with 4 bedrooms, 2 floors, 3 bathrooms, air conditioning, safe, hairdryers, crib and high chair, smart TVs, surveillance camera, Wi-Fi, smart door locks, pool table, air hockey table, and tennis table, fully equipped kitchen, coffee maker, super-deluxe furniture, desk and laptop, fitness equipment, swimming pool, close to the shopping mall, entertainment centers, about 1 km from the New Museum and the pyramids, near an ATM, hospital, pharmacy, supermarket, cafes..."
1531634398802978560,"Luxury Nile View Apartment at Hilton Maadi HotelExperience Cairo from a whole new perspective in this stunning Nile-view apartment located inside the prestigious Hilton Maadi Hotel. Set in one of the city’s most exclusive and secure neighborhoods, this apartment combines five-star hotel comfort with the privacy of your own elegant home.Perfectly located in the heart of Maadi, the apartment is just a short drive from Cairo airport,Downtown Cairo, the Giza Pyramids.The space•	3 Bedrooms + 3.5 Bathroomsoffers panoramic views of the Nile and the Pyramids of Giza, designed for comfort and elegance. Every room includes a private bathroom, premium bedding, and large windows that fill the space with sunlight and stunning views.	•	Spacious Reception Area: A beautifully furnished reception and living space with modern décor, a comfortable seating area, and a dining section — ideal for relaxing or entertaining guests.	•	Fully Equipped Kitchen: Sleek, contemporary kitchen featuring all modern appliances — refrigerator, oven, microwave, dishwasher, and coffee maker — perfect for home-style dining.	•	Private Balcony: Enjoy breathtaking unobstructed views of both the Nile and the Pyramids from your private balcony — a perfect spot for morning coffee or sunset relaxation."
1666136954553586944,
1064665966642916224,"This stylish place to stay is perfect for group trips.The spaceIt is a very nice penthouse with panoramic view roofLocated in new Cairo in front of the AUC and adjacent to Point 90 mallWe have 3 bedrooms with 3 bathrooms, living room and open terraceGuest accessPrivate compoundOther things to noteThe appartment is 2 floors"
1500917056962962944,Your family will be close to everything when you stay at this centrally-located place.
1661874947899447552,"Festival living APT is located in Cairo Festival City, Cairo. A very fresh theme in the heart of New Cairo. Complimentary housekeeping is provided on the 7th day for stays of a full week. Additional housekeeping can be arranged through the channel by contacting us for an extra fee. Netflix and free Wi-Fi.The spaceApartment Specs: 4BR, 2 Bathrooms, Full Kitchen, Reception, Dining Room, Guest toilet.

Amenities:
- Wi-Fi (20GB max per day)
- Netflix, AC, Private Parking
- Pets accepted under request (depends on the breed) 

Instructions:
- For any reservation, a photo for every passport for everyone who will be checking in should be provided at least one day before arrival day so we can provide them entry permits.
- For any reservation confirmed same day of arrival, guest will be requested to send a photo for each passport for all the guests who will be checking in before 3 pm Cairo Local time,
so, we can provide them entry permits, otherwise guest will not be able to enter the residential compound where this unit is located.
- Online Payment is required 7 days before arrival to avoid automated cancellation
- Guest will be requested to sign an online registration card upon arrival 
- Location and Keylock box code will be sent to the guest same day of check-in once payment is confirmed 
- Check-in from 03.00 PM to 10.00 PM
- Check out is at 12.00 PM
- No late check out is permitted 
- No early check in is permitted
- - Smoking Not Allowed 
- Guest will be asked to provide an insurance deposit 300 USD that will be held from his credit card 
- Unmarried couples and mixed groups are not allowed
- Proof of relation may be asked to be provided to us (example: Marriage Certificate) 
- Visitors are not allowed
- Guest may be requested to provide a photo for a Valid Residence Visa or Valid Visit Residence to Egypt"
1656526091746623744,"Ismailia House is a boutique inn in the heart of Downtown Cairo, steps from Tahrir Square. We offer single, double, and triple rooms — most with private bathrooms — in one of the city's most central and walkable neighborhoods. Surrounded by Cairo's historic architecture, cafes, and culture, it's the ideal base for travelers who want to be in the middle of it all."
1663295629348774656,"This is apartment 6 from our 20 units complex, in which all units have access to a shared rooftop that Has a outdoor jacuzzi , outdoor swing and picnic table .Newly renovated green house located in a very prime and quiet location in zamalek a very strategic location for guests that are interested in visiting some of Cairo’s most attractions, The apartment is Equipped with all necessary luxury electronics and magical view overlooking a garden and a pool"
1637113727785255424,Take it easy at this unique and tranquil getaway.
944289552529814400,"A beautiful old flat! We're on the 12th floor overlooking Cairo. The flat is spacious and clean, with a large kitchen, living room, and plants. It's a great location - 15min walk to Tahrir and downtown areas in one direction, near to Hussein/Khan al-Khalili in the other. Next to the Saad Zaghloul metro station, & easy bus/microbus access. Please let us know a little about yourself if you are interested - thank you!The spaceOur flat has two bedrooms that share a bathroom, one master bedroom with its own bathroom, a nice living room with a small balcony, and a large kitchen. This bedroom shares a bathroom in the hallway with one other person. The large windows in this apartment offer great views and air, and they make the place feel very open!During your stayYour hosts are an American guy teaching history and an Egyptian guy working as an accountant. We're very laid back and we'll be around, but we have our own spaces, too. 😊 Depending on the date, there may be one other Airbnb guest in their own, separate bedroom. But don't worry, we screen our guests carefully.Other things to noteWe have a cat named Shadow 😺"
961364838492802560,"Discover the unique  Egyptian home  full of history warm ,modern , clean and charm opposite to the Grand new museum (GEM) .Our clean, hotel-like rooms with private bathrooms ensure a comfortable stay.Enjoy our once free meal . Use our cost price transfers from or to the airport .free tea and coffee with cookies all time available.The spaceGrand Egyption Museum boutique hotel is really reflecting a real picture of how Egyptian home look like , but in the same time you will feel the comfort  of five stars hotel beds and the warm welcome of the Owner and her helper .The team don’t stay in the same home but they come every morning to prepare breakfast , clean , and check if you need any thing .It is a big house can host up to 17 guests , it’s excellent for friends and families traveling together, very easy location, and 10 min to pyramids, 3 min to grand museum , 20 min to the Egyptian Museum , 45 min from Cairo international airport and 15 min from sphinx airport .Guest accessGuest can access the kitchen, the terrace, the common living rooms, cook their meals,  you can wash laundry with very little fees . free tea and coffee with cookies 24 hours Its a place where you feel home in an orient style..Other things to noteWe provide a free  authentic meal but ask for it  at least 24 in advance. We can provide transfer from the airport with cost price either small bus or provate cars"
1167161726460951552,Keep it simple at this peaceful and centrally-located place.
1632019923097329664,"Taj Pyramids View Hotel offers a luxury stay with direct views of the Giza Pyramids from rooms and the panoramic rooftop. Wake up to iconic scenery, enjoy stunning sunsets, and relax in elegant, air-conditioned rooms with private bathrooms and premium comfort. The rooftop is perfect for breakfast or evening moments overlooking the pyramids. A prime Giza location combining comfort, style, and unforgettable views."
1469678894161141504,"Make some memories in this unique, family-friendly accommodation on the Nile, and enjoy the location as it is within walking distance of the Sheraton Cairo Hotel"
29854607,"Stay at Golden Star Hotel in Downtown Cairo! 🏨 You’ll be just steps from the Egyptian Museum, Nile , and metro . Your room offers a comfy bed 🛏️, private bathroom 🚿, balcony with street view , AC ❄️, and free Wi-Fi 📶 . With 24/7 front desk support 🛎️, fresh linens, and friendly staff ready to help, you’ll have everything you need to explore Cairo, enjoy local food 🍲, and feel at home while discovering the city’s culture and history ✨.The spaceWhen you stay at Golden Star Hotel 🏨, you’ll be in the heart of Downtown Cairo, close to all the city’s highlights. Walk to the Egyptian Museum, the Nile River, and Mohamed Nageeb Metro . Whether you’re here for history, food, or nightlife, you’ll find it right outside your door.🛏️ YOUR ROOM🌿Comfortable 15–20 m² private room🌿Balcony with street view 🌿Private bathroom 🚿 with fresh towels and linens🌿Air conditioning ❄️ and TV screen🌿Free Wi-Fi 📶 to stay connected🌿Daily cleaning service🛎️SERVICES YOU'LL ENJOY 🌿24/7 front desk support – we’re always here for you🌿Secure entry for peace of mind🌿Shared kitchen access 🍳 to save on meals🌿Friendly, professional staff ready to help📍 SURROUNDINGS & ATTRACTIONS🌿150m → Mohamed Nageeb Metro 🌿1 km → Egyptian Museum & Nile 🌿2.5 km → Cairo Tower 🌿3 km → Khan El Khalili Bazaar & Al Azhar Park 🌿6 km → Salah El Din Citadel 🏰🌿24 km → Pyramids of Giza 🌿30 km → Cairo International Airport ✈️You’re also near cafés, local restaurants, nightlife, and the bus station for trips to Sharm El Sheikh, Dahab, Hurghada, and Marsa Alam.🌟 MY EXPERIENCE AS A HOSTWith over 7 years of hosting experience and a Superhost badge, you can trust us to make your stay smooth, safe, and memorable. We’ll share with you the best local food, hidden gems, and cultural highlights, so your Cairo trip is more than a visit — it’s an experience.🏡 DURING YOUR STAYOur 24/7 front desk team will look after you throughout your stay.I want your stay to feel easy, comfortable, and stress-free. As a Superhost with 230+ reviews, I do my best to make sure every detail is taken care of.🌿 I respond quickly to questions and love helping guests discover the best of Cairo.🌿 Need early check-in or late checkout? Message me and I’ll do my best to arrange it.🌿 Looking for local cafés, restaurants, or attractions?  Ask me and I’ll share my personal favorites.🌿Not sure if this room is the right fit for your trip? Send me a quick message — I’ll be glad to help you decide. Your comfort and peace of mind come first. I look forward to welcoming you and making your stay memorable.Guest accessFeel free to use the dining area and kitchen anytime during your stay.Other things to note🚭 Smoking is not allowed inside the rooms, but you are welcome to smoke on the balcony.🥐 Breakfast is available from 8:30 am to 11 am at a cost of $2 USD per person.📑 As per local regulations, Arab and Egyptian couples are kindly required to present a valid marriage certificate at check-in.🚫 Please note: Guests from Cairo, Giza, and Qalyubia cannot be accommodated."
1378469979839176448,"Welcome to your serene getaway nestled on Mahmoud Azmy Street in the heart of Zamalek. This exquisite, newly decorated two-bedroom apartment by Red Door Design House boasts a unique and spacious layout that perfectly blends modern elegance with comfort.The spaceUpon entering, you will be greeted by an inviting living room and a cozy TV area, ideal for relaxation and entertainment. The chic dining room offers an elegant space for enjoying meals, complimented by a fully equipped kitchen, ready for all your culinary adventures.Each bedroom is thoughtfully curated, featuring premium bedding to ensure a restful night's sleep. Natural sunlight floods every corner of the apartment, creating a warm and cheerful atmosphere throughout.Despite being in the vibrant neighborhood of Zamalek, the apartment is situated in a quiet location, just a two-minute walk from the tranquil Nile. Here, you can enjoy the best of both worlds—peaceful surroundings with the lively energy of the area close by.Indulge in the unique shower design and tasteful decor that make this apartment a standout choice for all types of travelers seeking style and an ideal location. Whether you're here for business or pleasure, this apartment promises a tasteful stay filled with comfort and convenience. Your ultimate getaway awaits!Guest accessThe entire apartmentOther things to noteArrive with ease and start enjoying your stay right away! Our premium airport transfer service is available at a reasonable price, and we will share our top local recommendations with you. We’re always here for you💫For Egyptians and Arab siblings:In order to comply with the instructions of the building administration and local regulations of the Ministry of Interior , mixed stays and visits are permitted only for married couples or first-degree relatives.Therefore, please provide us with an official document proving the relationship of kinship or marriage in advance.In the event that the requested document is not submitted or the reservation details do not comply with these terms, we may have to cancel the reservation before or on arrival and immediately vacate the unit without any refunds, informing the competent authorities in accordance with the approved regulations.We thank you for your understanding and cooperation, and look forward to hosting you and providing you with a comfortable stay."
1478869669208403968,"Enjoy a comfortable stay in Desert Spirit  THE ROOM FEATURES2 Twin beds, air conditioning, heater, satellite TV, minibar, and essential amenities like a desk, mirror, locker, and clothes hangers. THE BATHROOM FEATUREStowels, shampoo, shower gel, hand soap, and a hairdryer. START YOUR DAY WITH DAILYhousekeeping, bottled water, tea, Nescafé, and sugar. ENJOY FREEaccess to our Panorama Pyramids View Rooftop Restaurant anytime. My staff is available 24/7 to meet your needs."
1641369221959279104,"Experience the magic of Ancient Egypt from your own Private Jacuzzi! At Moonlight, we offer a premium stay where luxury meets history. Imagine waking up to a direct view of the Great Pyramids and enjoying a world-class breakfast on your terrace.Why guests love Moonlight:* Breathtaking View: Unobstructed Pyramids view from your bed and Jacuzzi.* Private Luxury: High-end Jacuzzi inside your room for ultimate relaxation.*Ultra-Fast Wi-Fi: Perfect for remote work or streaming your favorite shows"
1329506163784844800,"🌊 Stylish Riverside Apartment – Comfort Meets ArtThis stylish apartment 🏡 offers a perfect blend of modern comfort ✨ and artistic charm 🎨. Enjoy breathtaking river views 🌅, vibrant interiors, and thoughtful design details, where every corner is crafted for relaxation and inspiration 🌿.Whether you’re here to unwind, create, or simply enjoy the views 🌊, this apartment combines style, comfort, and a touch of fun ✨ for a memorable stay.The space🌊 Stylish Riverside Apartment – Artful Comfort in Every CornerBalcony 🌿: Start your stay with unobstructed river views 🌅 and a tranquil space to enjoy morning coffee ☕ or evening relaxation 🌇.Living Room 🛋️: Spacious and stylish, featuring a cozy curved sofa, artistic décor 🎨, and large windows that bring in natural light and scenic views 🌊.Kitchenette 🍳: Equipped with modern appliances, including a retro-style coffee machine ☕ and toaster 🍞, marble countertops, and open wooden shelving for a clean, organized look.Bedroom 1 🛏️: Soft pastel tones, an elegant patterned headboard, artistic pendant lighting 💡, a cozy seating nook 🪑, and panoramic city views 🌇 create a serene retreat.Bedroom 2 🛏️: Bold teal canopy beds 🛌 with playful polka-dot bedding, vibrant accents, and whimsical design make this room fun and relaxing 🎉.Bathroom 🛁: Features a blue vessel sink 💙, marble vanity, elegant gold and brass fixtures ✨, artistic lighting, and unique tiling for a luxurious touch.Artistic Touches 🎨: Playful gallery walls 🖼️, curated décor, and vibrant colors throughout give the apartment a cheerful and unique character.Location Perks 📍: Situated near lively cafes ☕, restaurants 🍴, and cultural landmarks 🏛️, offering easy access to explore the city.Comfort Essentials ✅: Includes high-speed Wi-Fi 🌐, premium linens 🛏️, towels 🧴, and all necessary kitchen amenities 🍽️ for a seamless and enjoyable stay.Guest accessGuests have full access to the entire apartment 🏡, including:Bright living room 🛋️Well-equipped kitchenette 🍳Comfortable bedrooms 🛏️Enjoy the spacious balcony 🌿 with panoramic river views 🌊, perfect for morning coffee ☕ or evening relaxation 🌇.Essentials ✅ such as high-speed Wi-Fi 🌐, premium linens 🛏️, towels 🧴, and kitchen amenities 🍽️ are provided to ensure a comfortable and convenient stay.Other things to noteThe apartment is located in a vibrant area, close to cafes, restaurants, and cultural landmarks. Elevator access is available for added convenience. Ideal for families, or solo travelers seeking a stylish stay with stunning views and easy access to the city's highlights."
1350450973267126784,"📷 This guesthouse is more than just a place to stay—it’s a photo gallery, made by the local artist Alaa, where you can experience some reflections of Cairo.- Comfort & privacy with a private bathroom, a balcony and an air conditioner- Prime location in downtown Cairo- Walking distance to Tahrir Square, the Egyptian Museum and the subway- Tea & coffee are included- Delicious local Egyptian biscuits for a sweet treat- Art & atmosphere that immerse you in the city's essence"
1576850812351825408,
1163701058562109952,"This special hotel apartment, overlooking the Nile River, is serviced by Hilton and Access Misr, offering a unique and unforgettable stay. Located in the heart of Maadi, just 10 minutes from the city center, 35 minutes from Cairo Airport, and 30 minutes from the Great Pyramids in Giza.The apartment features three spacious bedrooms, each with its own full bathroom, and complimentary housekeeping service every 48 hours. Breakfast is optional to make your mornings even more enjoyable.The spaceOur Serviced Apartment have3 bedrooms - 1 king size bed and 4 beds each 110 cm  3 full bathrooms 1 half bathroom Fully equipped kitchen Dining area Reception living area big comfy coach and big smart tv Big terrace Nile view aviliable 24 / 7 check inapt Amenities AC  Free Wifi high speed Internet  Smart  TV, Netflix , youtube , shahid ParkingHousekeeping every 48 hours Smoking allowed at terrace onlyGuest accesshole house"
1215941349675907584,"Boutique 4★ Superior property in Giza. 11 individually-designed suites with direct, partial or panoramic Pyramid views, rooftop restaurant and private terraces."
1220930702541846016,"Unit specifications:3 bedrooms, including a master bedroom3 bathroomsMaid's room + bathroomFully equipped kitchenAll electrical appliancesFully air-conditionedInternetBalcony overlooking the swimming poolCompound features:Swimming poolsA collection of restaurants and cafesGymparkingPets allowed24-hour security and surveillance camerasCompound location:Minutes from the Southern Ninety St.Minutes from the American University25 minutes from the airport"
1403606080161247488,هذا المسكن الفريد له أسلوبه الخاص.
1315801713689780992,"Enjoy with the whole family in this elegant residence. The apartment is located in Abu El Feda Street directly on the Nile and all rooms have a view of the Nile. The most important feature of this apartment is that it is close to all tourist places, international restaurants and Nile boats, in addition to its proximity to many embassies"
1480646450617477376,"Al Saraya apartment, first row on the Nile The first residence also in a large residential tower 2 elevators The apartment is on the eighth floor after the ground floor Overlooking the Ahli Club, Cairo Tower, Jabalaya and the Opera130 square meters It consists of 4 bedrooms, including 2 master bedrooms, 4 bathrooms, 2 reception rooms, a salon, a dining room, and a full and ready kitchen.  Fully air-conditionedOutdoor seating on the Nile and a panorama 24-hour security and guarding"
1323860882741101056,Villa in Beverly Hills Sheikh Zayed Compound4 Rooms 3 BathroomsGarden Hotel furniture of the highest qualityCompound Services:The largest golf course in Egypt and almost in the Middle East 24/7 security and guarding servicesEntertainment placesPrivate garage for each residential unit Green spacesCalf corridorsPedestrian roadsMedical centerCommercial area
1466699451877402624,"Make some memories in this unique and family-friendly home. In front of the Egypt Walkway and next to the Forment Hotel. There is a mall under the tower and in restaurants, shops and all the famous restaurants in front of the tower on the Nile"
1643650867952733952,"Luxury standalone villa for rent in Mivida Compound by Emaar Misr. Fully furnished with modern design, perfect for families. The villa features 4 bedrooms (2 master), 4 bathrooms, spacious reception, cozy living room, and a fully equipped kitchen. Enjoy a large private garden and private parking. Located in New Cairo, close to schools and services. Ideal for a comfortable and private stay."
941888127713027712,"Relax with the whole family at this peaceful place to stay. With 2 living areas, 2 main rooms, 1 master room, 3 bathrooms, 1 nanny room with 2 beds and personal bathroom, and 1 drivers room with personal bathroom."
1435985873285858048,"Take it easy at this unique and tranquil. Unit specifications:3 bedrooms, including a master bedroom3 bathroomsMaid's room + bathroomFully equipped kitchenAll electrical appliancesFully air-conditionedInternet Balcony overlooking the lake districtCompound features:Swimming poolsGymParking Pets allowed24-hour security and surveillance camerasCompound location:Minutes from the Southern Ninety St.Minutes from the American University25 minutes from the airport"
1282813496258793984,Take it easy at this unique and tranquil getaway.
1627527284131672064,"In the heart of MaadiStep into a space where art and comfort collide. The Cat House is a uniquely curated one-room apartment designed for those who find joy in our feline friends. Whether you’re an art lover or just looking for a cozy escape, you’ll be surrounded by a vibrant collection of cat-themed canvases that bring every wall to life.Space: An open-concept studio filled with natural light, plush textures, and a gallery-worthy collection of cat art.The Vibe: Creative, quiet,and artistic"
1220930456797488128,"Kick back and relax in this calm, stylish space Unit specifications:- 3 bedrooms, including a master bedroom- 3 bathrooms- Maid's room + bathroom- Fully equipped kitchen- All electrical appliances- Fully air-conditioned- Internet- BalconyCompound features:A collection of restaurants and cafesparking Pets allowed24-hour security and surveillance camerasCompound location:- Minutes from the Southern Ninety St.- Minutes from the American University- 25 minutes from the airpo"
1358711619694097664,The building has 3 entrances with 3 elevators Here you will feel home! Keep it simple at this peaceful and centrally-located place.
1619584519082184960,"Welcome to Cairo Stays boutique hotel located in first New Cairo. Our rooms designed with a modern touch to provide a relaxing stay for both business and leisure travelers.All rooms are fully air-conditioned and thoughtfully prepared to ensure comfort and convenience. The hotel also offers a 24-hour front desk to assist guests at any time.The location is very convenient-16 min from Cairo International Airport-10 min from City Center Almaza-10 minutes from CFC.Book Your Delightful Stay !Guest accessGuests have access to their private room and all shared areas of the property. You can enjoy the swimming pool, rooftop café, gaming and entertainment area, and common seating spaces designed for relaxation. High-speed Wi-Fi is available throughout the entire hotel. Our front desk team is available 24 hours a day to assist with check-in, check-out, and any requests during your stay.Other things to noteHouse Rules & Local Regulations• Visitors are not permitted inside the property or guest rooms.• Smoking is only allowed on the balcony. Smoking inside the rooms or i• In accordance with Egyptian law, Egyptian and Arab couples are required to present a valid marriage certificate at check-in.• Guests must provide a valid ID or passport copy during the check-in process for registration purposes.indoor areas is strictly prohibited."
1317513487384131840,The villa is 600 meters 3 Rooms 3 Bathrooms Large reception Swimming pool Bar in the gardenCinema screen in the gardenSound system out door - in door ParkingGuest accessAccommodates 15 people Accommodates 50 guests
1423704714730871040,"I am Shirin, the manager of a small hotel that watches the pyramids from all sides. We love the guests. We welcome them. We have a roof overlooking the pyramids. We have very fun employees who love to work as if we were a family. your staying is will be fun and we have a wonderful breakfast. Don't miss this.. Hadla Inn Hotel is waiting u any time❤️"
1645887423715260416,"Stay in the heart of Giza with a prime location directly in front of the iconic pyramids. Just a 1-minute walk to the famous Marriott Mena House Hotel, 10 minutes to the new Giza Plateau entrance, and 10 minutes to the Grand Egyptian Museum. Enjoy comfort, convenience, and unforgettable views in a truly unique setting.The spaceThe property is located on the second floor with convenient elevator access. Guests also enjoy access to the Isis Gate rooftop on the 6th floor, featuring stunning pyramid views, cozy terraces, and dining tables perfect for relaxing or enjoying meals in a unique settingGuest access•	Guests have full private use of their double suite, including a private bathroom and all essential amenities.Other things to noteIf any guest is in muslim religion or Arab country or originally from Arab country …should have a  Islamic marriage contract for muslim (not orafi contract)and for Arab should have a legal contract ….visitors are not allowed to enter the apartment"
1580688361640044032,"A modern studio located in the heart of Nazlet El-Semman (Giza, Egypt), just steps away from the Giza Pyramid Complex. Enjoy a unique and panoramic view of the pyramids from the rooftop, with quick access to a relaxing seating area or breakfast spot at sunriseThe spaceFully-equipped air-conditioned studio, ideal for 1–4 guests, featuring modern finishes and furnishings.One standard bed plus a sofa-bed (if available) for additional guest flexibility.Kitchenette with fridge, microwave/small oven and kettle/coffee machine for self-catering.Private bathroom with en-suite facilities.One-step access to a rooftop terrace—perfect for golden-hour photos or a quiet drink with the pyramid view.Unrivalled location: minutes from the pyramids and the Great Sphinx, yet tucked in a quiet spot with nearby cafés and local restaurants.Why Stay Here?Exceptional location for history-lovers and photography enthusiasts.Peaceful setting while being in the heart of Giza’s top attraction zone.Ideal for a short stay, unique experience or as a base for exploring Cairo’s iconic sights.Guest accessFree To RoofTop"
1537829300662642432,"Villa-Style Studio!Experience comfort and value at Azure Studios in New Cairo — your private studio with access to a large pool, spacious garden, and sunny rooftop terrace.Each unit features a private bathroom, kitchenette, smart TV, Wi-Fi, and air conditioning. Located inside a compound with 24-hour security, and on-site staff available anytime, you’ll enjoy the luxury of a villa for the price of a studio.The spaceWelcome to Azure Apartments, your modern home-away-from-home in the heart of New Cairo.Our property offers the comfort and privacy of a villa combined with the convenience and value of individual apartments.The villa is thoughtfully divided into several private apartment units, each designed for comfort, style, and functionality. Guests enjoy their own private space while sharing access to beautiful outdoor areas and premium amenities.Guest accessGuests have exclusive access to their own private apartment, as well as access to these shared areas within the property:Swimming pool – Relax or take a refreshing dipGarden area – Enjoy quiet moments surrounded by greeneryRooftop terrace – Perfect for morning coffee, sunsets, or social timePlease note:Only registered guests are allowed inside the apartments.Visitors are welcome only in the garden and rooftop terrace areas.Smoking is allowed on the balcony, garden, and rooftop terrace, but not inside the apartment itself."
1662421474268972288,"A double room with a king-size bed that can accommodate two people. The room has a Jacuzzi, and it is close to the pyramids and the museum."
1234099258874611712,"Stay in a bright private room inside a shared, fully renovated apartment in Garden City—Cairo’s most elegant, tree-lined district—just behind the Four Seasons Nile Plaza. The home’s star feature is the large balcony with rare green views over two landscaped gardens plus a peek of the Nile Corniche only a 1–2 minute walk away—perfect for morning coffee or an evening wind-down. Your room is calm and comfortable, with A/C, fast Wi-Fi, a work desk, wardrobe, blackout curtains and green view.The spaceThis private room features a new, comfortable Queen size bed, a large wardrobe, a desk for work or study, a cozy chair with a pouf, and a plush carpet for added comfort. Enjoy the beautiful view of the Indonesian Embassy’s garden and surroundings from your window. The room is tastefully decorated and includes a full-length mirror and plenty of storage space, making it ideal for both short and extended stays.Shared Spaces & Amenities:The apartment includes a large reception area with a cozy living room and a dining area. There’s a fully-equipped, spacious kitchen with all essentials: a gas stove, refrigerator, microwave, kettle, mixer, and washing machine. Hot water is always available with two water heaters (one in the kitchen and one in the bathroom). You’ll also have access to two bathrooms—a large main bathroom next to your room and an additional guest bathroom near the reception area.Guest accessYou’ll share the apartment with the host and have access to the spacious living area, equipped kitchen, and the balcony. 2 shared bathrooms are kept spotless. The building is secure and elegant, with a welcoming lobby and on-site garage access.During your stayI will be always available on phone,social media platforms and mails.Other things to noteWelcome to a spacious and cozy apartment in the heart of Cairo’s Garden City, one of the city’s most desirable neighborhoods! This fully renovated, spacious home offers a true blend of modern comfort and prime location, ideal for travelers wanting a tranquil retreat within steps of the Nile and downtown Cairo.🌟 Prime Location in Garden City – Explore Cairo with Ease! 🌟Our apartment is nestled in the heart of Garden City, one of Cairo’s most charming and secure neighborhoods. Not only will you enjoy the peaceful green views and central location, but you’ll also be just minutes away from Cairo’s most famous attractions:🏛️ Cultural & Historical Landmarks:The Egyptian Museum (10 min) – Home to the treasures of Tutankhamun and ancient Egypt.Tahrir Square (7 min) – Cairo’s vibrant central hub.Abdeen Palace (12 min) – A stunning royal palace and museum.Coptic Cairo (15–20 min) – Visit the Hanging Church, Synagogue of Ben Ezra, and St. Sergius Church.Islamic Cairo (15–20 min) – Discover Al-Muizz Street, Sultan Hassan Mosque, and Al-Rifa’i Mosque.Cairo Opera House (10 min) – Enjoy concerts, ballet, and cultural performances.🎨 Museums & Art:Museum of Islamic Art (12 min) – One of the greatest in the world.National Museum of Egyptian Civilization (NMEC) (15 min) – Where the royal mummies are displayed.The Coptic Museum (15 min) – Showcasing Egypt’s Christian heritage.Mohamed Mahmoud Khalil Museum (15 min) – Fine art collections in a beautiful villa.🌳 Relax & Stroll:Corniche El-Nil (2 min walk) – Perfect for morning walks along the Nile.Al-Azhar Park (20 min) – A green oasis with stunning views of historic Cairo.Zamalek Island (10 min) – Trendy cafés, art galleries, and boutiques.🛍️ Shopping & Dining:Khan El Khalili Bazaar (20 min) – Traditional market with souvenirs, spices, and crafts.Downtown Cairo (5–10 min) – Lively streets with shops, restaurants, and cafés.Zamalek Dining Scene (10 min) – Upscale restaurants and bars by the Nile.✨ With so many attractions nearby, our apartment is the perfect base for exploring Cairo’s culture, history, and vibrant lifestyle.☕ Cool Cafés & Dining    Eish + Malh (Downtown): Cozy brunch spot with great coffee.    Felfela (Classic Egyptian food since the '50s).    Sequoia or Crimson (Zamalek): Trendy Nile-view dining experiences.You’ll be in the heart of downtown Cairo, close to major attractions, restaurants, and shops, with easy access to transportation. The building itself is secure and elegant, featuring a beautiful entrance garden, a spacious lobby, and a garage for parking.Whether you’re here for work or leisure, this room offers a quiet, comfortable retreat with all the conveniences you need. Book your stay with us and experience the best of Cairo from a prime Garden City location!"
955852733507615872,"Oriana Villa is located in Cairo Festival City, Cairo. A very fresh theme in the heart of New Cairo. Complimentary housekeeping is provided on the 7th day for stays of a full week. Additional housekeeping can be arranged via Airbnb messaging for an extra fee. Netflix and free Wi-Fi.The spaceApartment Specs: 4BR, 3 Bathrooms, Full Kitchen, Reception, Dining Room, Nany Room.Amenities:- Wi-Fi (20GB max per day)- Netflix, AC, Private Parking- Pets accepted under request (depends on the breed) Instructions:- For any reservation, a photo for every passport for everyone who will be checking in should be provided at least one day before arrival day so we can provide them entry permits.- For any reservation confirmed same day of arrival, guest will be requested to send a photo for each passport for all the guests who will be checking in before 3 pm Cairo Local time,so, we can provide them entry permits, otherwise guest will not be able to enter the residential compound where this unit is located.- Online Payment is required 7 days before arrival to avoid automated cancellation- Guest will be requested to sign an online registration card upon arrival - Location and Keylock box code will be sent to the guest same day of check-in once payment is confirmed - Check-in from 03.00 PM to 08.00 PM- Check out is at 12.00 PM- No late check out is permitted - No early check in is permitted- Guest will be asked to provide an insurance deposit 300 USD that will be held from his credit card - Unmarried couples and mixed groups are not allowed- Proof of relation may be asked to be provided to us (example: Marriage Certificate) - Visitors are not allowed- Guest may be requested to provide a photo for a Valid Residence Visa or Valid Visit Residence to Egypt"
1479955235095353088,This stylish place with modern designs is close to must-see destinations and the most important tourist attractions for its unique location.
1619598649522538240,"Welcome to Cairo Stays boutique hotel located in first New Cairo. Our rooms designed with a modern touch to provide a relaxing stay for both business and leisure travelers.All rooms are fully air-conditioned and thoughtfully prepared to ensure comfort and convenience. The hotel also offers a 24-hour front desk to assist guests at any time.The location is very convenient-16 min from Cairo International Airport-10 min from City Center Almaza-10 minutes from CFC.Book Your Delightful Stay !Guest accessGuests have access to their private room and all shared areas of the property. You can enjoy the swimming pool, rooftop café, gaming and entertainment area, and common seating spaces designed for relaxation. High-speed Wi-Fi is available throughout the entire hotel. Our front desk team is available 24 hours a day to assist with check-in, check-out, and any requests during your stay.Other things to noteHouse Rules & Local Regulations• Visitors are not permitted inside the property or guest rooms.• Smoking is only allowed on the balcony. Smoking inside the rooms or i• In accordance with Egyptian law, Egyptian and Arab couples are required to present a valid marriage certificate at check-in.• Guests must provide a valid ID or passport copy during the check-in process for registration purposes.indoor areas is strictly prohibited."
1549295539119074304,This unique place has a style all its own.
1339119577796319232,
1386330303107981568,"Cozy large room (30 m²) on a horse farm with Pyramid views! with its own bathroom and access to a shared kitchenette.• Sleeps 3 guests: three single beds (90 × 200 cm) — two can be combined into a double bed (180 × 200 cm)• Fans provided free of charge• A/C and heating available at €3 per night• ❌ No Wi-Fi• ❌ No OrfiLocal breakfast on request.This is a unique, authentic experience, perfect for guests who enjoy nature, animals, and rural Masri life rather than a hotel stay.The space⏰ CHECK-IN / CHECK-OUT POLICYNO EARLY CHECK-IN / NO LATE CHECK-OUT• Check-in: after 2:00 PM• Check-out: by 11:00 AMIf you wish to arrive earlier or leave later, please book an extra night to avoid disappointment.🎒 BAG STORAGE / DROP-OFF ONLYAvailable while the house is being prepared.This is drop-off only — no hanging out around the house.• Small bag: 100 EGP (≈ $3 USD)• Large bag: 200 EGP (≈ $6 USD)🌿 ABOUT THE PLACE – PLEASE READ CAREFULLYThis is a simple, farm-style home, oriented toward eco-sustainable living.The room is located above our stables, home to 80+ horses and donkeys 🐎. • Accessed by stairs through the stables entrance• This is a self-catering HOME, not a hotel — expect a homely atmosphere.•  there is NO room service nor servants. You carry your bags bring your own cigarettes and take care of room cleanliness etc. If you like bedding and towels changed daily there will be an additional charge. We have NO room service nor servants. You carry your bags, make your own tea, bring your own capsules for coffee machine and take care of room cleanliness etc. If you like bedding and towels changed daily, additional toilet paper there will be additional charge. ⚡ ELECTRICITY & SUSTAINABILITYEgypt experiences occasional electricity shortages, which are beyond our control.Please be mindful:• Lights OFF when not in use• Do not leave lights on when leaving the room or apartmentIf lights are left on, we will switch them off (by entering the room if needed).Please help us protect the environment 🌍 and reduce waste.🛏️ AMENITIES• Bedding & towels provided• No hairdryer available• NO Wi-Fi — please arrange an eSIM or local SIM for internet• Fan provided free of charge• Heating & A/C available at €3 per day per unit• Universal power sockets (one includes USB)👧 CHILD POLICYChildren over 10 years old are welcome under full parental supervision.Please note:• Animals, cactus, stairs, terraces, and multiple levels• No kids’ entertainment providedParents are fully responsible for their child’s safety and free time.🇪🇬 IMPORTANT – EGYPTIAN GUESTSNO ORFIOnly officially registered marriages are accepted, in accordance with local law.NO VISITORS from outside allowed. No drivers, friends or your tour guides , this is our home not a public place.Guest accessHouse open areas are shared with us and other guests. You may use all terraces in respectful way.📍 LOCATION & ARRIVALOur street is unique — full of horses, donkeys, and camels. Not easy to find, but that’s old Giza charm! You’ll enjoy open Pyramid views and spacious outdoor areas.If you want tourist hustle right at the Pyramid gate, this is not the place for you. Museums & Pyramids are 9–20 min by foot or car, markets & restaurants just 5 min away by tuk-tuk or walk.Recommended: Use our trusted drivers.• English-speaking & know the area• Will show you the house, doors, and room• Arrival is stress-freeIf you take your own transport, follow our Google Maps location carefully. Most drivers don’t know our street, and we cannot provide assistance at night.⚠️ Arrival on your own is at your own risk — no refunds if the driver gets lost.During your stayWe live on the property, so we are often around and available if needed.However, please understand that we run a busy household and equestrian place, so we cannot spend long hours socializing or giving history lessons. We kindly ask guests to do their own research before arrival.When time allows, we are happy to interact, assist, and help with practical matters.Other things to notePLEASE READ CAREFULLY BEFORE BOOKINGWe live in Masr (not “Egypt” as a concept 😉 — Google the difference!)This is a desert & horse-stables area, not a city or resort location.⚠️ If you don’t like animals, this is NOT the place for you. Sorry.🐎 ANIMALS & ENVIRONMENTWe live above active horse stables, so please expect:• Natural smells at times• Sounds from horses and donkeys (horses love talking 😄)• Flies, dust• Local noise especially on weekends as many riders come to the area to enjoy late nights and early ridesWe also share our home with:• 🐱 Shaqia, our very curious and friendly cat (she loves sleeping on beds)• 🐶 Two rescued chihuahuas — friendly but still cautious with new people(They love guests and treats — limited please, ask first!)This is a very Egyptian, authentic environment.❌ Do NOT expect 5-star streets or polished surroundings.✔ Expect simple, real local life, very different from downtown or tourist areas.We have dust, flies, desert air, and nature — this is part of where we live and what we love.If you are not open-minded or sensitive to these realities, this place may not suit you.🏜️ LOCATION & SURROUNDINGS• Desert & stables area• We do not control street activity• Supermarket just a few minutes’ walk for basics• We can take you to a local market for vegetables, fruits, and more🌱 SUSTAINABILITY• Drinking water filters provided• We recycle almost everything🧺 LAUNDRY SERVICELaundry available at additional cost:• €3 per load• Large-capacity, top-load machines only• No small loads. Guest hangs items themselves after washing.If you need specific washing requirements, we recommend using a city laundry service (we can’t recommend one as we don’t use them ourselves).🍳 BREAKFASTLocal-style breakfast available at €3 per person (on request).EXPERIENCES & EXTRAS (ON REQUEST)As we operate a professional equestrian facility, we offer the following activities:• Horse riding lessons• Horse carriage rides to the Pyramids• Sunrise / sunset desert rides• Horse riding to the Pyramids or desert💶 From €25 per person per hourWELLNESS & FOOD• Full-body massage, foot massage, and other treatments available• BBQ or Egyptian home-cooked meals available by request only– Pre-booking and pre-payment required– Price depends on number of guests and selected menu– Not available on short noticeDRINKS & SHISHA• Shisha, local coffee, and tea available from the downstairs coffee shop• Can also be provided by us at an additional charge🏠 HOUSE RULES – VERY IMPORTANT• NO outside guests allowed(No drivers, friends, guides, or visitors — this is our home not a public place)• NO ORFI (unless 2 rooms booked)• Please treat the home with care —many mismatched or damaged items are sadly from previous stays.This is a unique place, run with love, animals, dust, imperfections, and heart.We promise to do our best for you, as long as expectations are realistic 🤍"
1580349257265283840,"A warm and welcoming five star hotel with breathtaking views of the Pyramids Enjoy private, elegant, and modern rooms designed for comfort and relaxation, paired with friendly attentive service that makes you feel at home while experiencing true luxury and unforgettable moments.🤍The spaceEnjoy a private room featuring a large, comfortable bed and a stunning panoramic view of the Giza Pyramids Our friendly five-star service is available 24/7 to ensure a relaxing, seamless, and memorable stay🤍"
1607609360722380800,"The Luxury Tiny Home Experience 🏠✨Experience smart, minimalist living in this chic Boho-style studio. Perfect for couples or solo travelers, this cleverly designed space features a royal bed with a unique mirrored ceiling, a cozy living area with a huge Smart TV, and a fully equipped kitchenette. Enjoy high-end finishes, warm lighting, and a private, quiet atmosphere. Small in size, but big on luxury and comfort! Your perfect, stylish city retreat awaits.perfect for solo and couplesThe spaceWelcome to your cozy sanctuary! If you’re a fan of the global ""Tiny Living"" trend, this studio was designed just for you. We’ve embraced the concept of ""Smart Spaces"" to offer a retreat that combines a compact footprint with full-scale luxury. Here, every detail has a purpose, and every corner has its own charm.Why You’ll Love This Space: * Smart Layout: Though it's a ""Tiny Home,"" it features a royal sleeping area, a Bohemian living corner, a fully equipped kitchenette, and a flexible dining spot. * Spacious Feel: The unique mirrored ceiling above the bed and the strategic lighting design create an airy, open atmosphere that defies its compact size. * Top-Tier Entertainment: A huge Smart TV (Netflix/YouTube ready) for a premium cinematic experience right from your bed or sofa. * Fully Equipped Kitchenette: Includes a JAC microwave, electric kettle, stovetop, and a complete set of stylish cookware and glassware. * Boho-Chic Decor: Handcrafted Macramé wall art, natural wicker lighting, and warm wooden flooring for a truly ""homey"" feel.Perfect ForSolo travelers or couples looking for a minimalist, stylish, and private stay in a prime locationGuest accessHelloWe're ready to confirm your booking nowI just wanted to confirm the places details again in English before confirmation 1. The space is — 22 sqm — it’s a small studio.2. The place has no windows or balconies (it’s internal), but there is a strong ventilation system that can be used when needed to refresh the air in the room.3. The building where the studio is located is a bit old (stairs and hallway are old), but the location is central and right next to many restaurants and shops.4. Once the booking is confirmed, we will need a photo of your passport.5. The maximum occupancy is 2 people. No parties or loud noise are allowed.6. The air conditioner must not be left running while you are out of the apartment, to save energy and protect the equipment.Overall, the place is modest and small in size.If you have any questions or concerns, please share them with us.Thank you.Other things to notemportant Note on Lighting & Ventilation: The studio features a quiet, inward-facing design with no direct windows to the street. Instead, it has a dedicated ventilation window that opens onto the internal corridor. While it does not receive direct sunlight, the space remains fresh and comfortable thanks to an effective internal ventilation system and a powerful hot/cold air conditioning unit for year-round climate control."
1418219838841951232,"this stylish room is located at the heart of Downtown Cairo, 500 meter away from the iconic Tahrir square . the room is an 3 min walk from the Egyptian Museum and is surrounded with all kinds of restaurants and cafes.the room features as a comfortable queen size bed , smart TV, AC, Wi-Fi, Mini bar , private cozy bathroom, and shared loaded kitchen. also we provide free breakfast .The spaceA room with air conditioning, TV, table, dresser, mini bar, and Wi-Fi. it's wide,cozy,and quiet. the entire room and bathroom are cleaned daily.also, we provide free breakfastevery day. there is a fully equipped kitchen. the room is delivered to the guest in hotel standard.Guest accessthe guests have access to a fully equipped kitchenOther things to noteI will be completely concerned with better serving and supporting you throughout your stay. I have experience of almost 25 years as a resident of downtown cairo, and I love to give tips and collaboratefor Arabs or Egyptians you need to present marriage certificate"
1515188567541894656,"Luxury Villa for Rent – Allegria Compound, Sheikh ZayedDiscover a one-of-a-kind villa available for daily and monthly rental in the prestigious Allegria Compound.✨ Property Features:5 spacious bedrooms6 modern bathroomsPrivate swimming poolSauna & Jacuzzi for ultimate relaxationIn-house elevator for comfort and accessibilityEnjoy premium living in one of Sheikh Zayed’s most exclusive communities, combining elegance, privacy, and world-class amenities."
1301878261087078144,
1587673795269549824,Luxury apartment with elegant finishing and exceptional experience		Luxury without limits – fully furnished apartment		The elegance of living in a luxury apartment	        A classy residence for lovers of excellence
1271161556698093312,Your family will be close to everything when you stay at this centrally-located place.
1362065411862874880,"Nestled in the heart of Downtown Cairo, this stylish studio  blends rustic charm with modern comfort. Featuring natural wood accents, woven textures, and warm lighting, it offers a cozy yet elegant atmosphere. Enjoy stunning minaret views and a peaceful escape just steps from the Egyptian museum,the famous koshary Abu Tarek, and the metro station  and other cairo’s landmarks. Perfect for travelers seeking an authentic yet serene stay in the heart of Cairo.The spaceWelcome to my cozy central studio with a skyline ooen view  located in the heart of downtown cairo .. enjoy the superfast wifi connection .. all ammenties you may need for a comfortable stay in your home away from home.Your space: Studio:Experience the best of open view  in this inviting studio, where a plush queen-sized bed  covered in egyptian cotton linens and duvet, and cozy seating area blend seamlessly into one welcoming space. Large windows flood the room with natural light and reveal a unique cityscape view, including a beautiful historic mosque just outside. The warm wooden floors, neutral palette, and subtle bohemian touches create a relaxing ambiance. Unwind on the comfortable armchairs while enjoying your favorite shows on the flat-screen TV, or rest in the serene sleeping area after a day of exploring. Perfect for solo travelers or couples, this thoughtfully designed studio offers a calming haven right in the heart of the city.Full kitchen:  This kitchen is private for the studio but you can access it from a shared corridor with another condo in the same house where you can enjoy cooking at home in this compact yet well-appointed kitchen, featuring white cabinetry, stylish teal accents, and modern appliances—including a stovetop, oven, and microwave. With ample storage full of all kitchenware and all hot drinks you should try , a sleek countertop, and essential cookware provided, you can whip up anything from a quick breakfast to a cozy dinner. Bright and functional, it’s perfect for guests looking to feel right at home while exploring the city.Bathroom:This bathroom is private for you but you can access it from a shared corridor with another condo in the same apartment, this bathroom isdesigned with comfort and convenience in mind. Featuring a sleek pedestal sink, a spacious private shower area, and modern fixtures, it offers everything you need from towels, showergel.. etc. for a refreshing experience. The unique blend of teal walls and white subway tiles adds a contemporary touch, while thoughtful details like a large mirror and ambient lighting create a relaxing atmosphere. Perfect for freshening up after a day exploring downtown Cairo.Laundry room:Make the most of your stay with this shared  dedicated laundry area, featuring a front-loading washing machine and overhead cabinets for all your supplies. Perfect for longer visits or simply freshening up after a day of exploring, it adds a practical touch to your home-away-from-home experience.Guest accessThis studio is fully private with shared only  laundry room with another condo inside the same house .. you have your private full kitchen and private  full bathroomOther things to note1- There is a mosque right in front of the building, clearly visible in the photos. The call to prayer can be heard five times a day, which is a normal part of daily life  in Egypt and adds to the authentic local atmosphere.2- The apartment is no 15 on the 4th floor .. don't forget to close the elevator’s inside doors after getting in or out so it will not move until they are closed. Your private bathroom and private kitchen are in the corridor in front of the studio."
1384838980381903360,"Experience high-end living in this luxury 2-bedroom apartment at Silver Palm Compound, the heart of New Cairo. Featuring modern design, premium finishes, and elegant hotel-style furniture for ultimate comfort. Enjoy a spacious living area, fully equipped kitchen, and two sleek bathrooms. Perfectly located near top restaurants, cafés, and shopping hubs, with the famous O1 Mall inside the compound offering all lifestyle and leisure facilities.The spaceKITCHENA luxurious kitchen finished with premium materials, fully equipped with all essential appliances and utensils. It includes an oven, full-sized refrigerator, microwave, kettle, dishwasher, and washing machine, combining practicality and elegance for a seamless cooking experience.⸻LIVING AREAA spacious and inviting living area, perfect for relaxation or entertaining guests.The room features a large, comfortable sofa and a 75-inch Smart TV, creating the ideal space for unwinding in style.⸻BEDROOMSThe apartment features two master bedrooms, each with a king-size bed (180 x 200 cm) and a private en-suite bathroom. Both rooms include built-in wardrobes and are designed for ultimate comfort and restful sleep.⸻BATHROOMSEach master bedroom includes its own modern bathroom with a walk-in shower, complemented by an additional guest bathroom. All bathrooms are stocked with plush towels, shampoo, and soap for your convenience.⸻ADDITIONAL AMENITIESThe apartment includes central air conditioning, free Netflix for movies and series, free TOD to stream live matches worldwide, high-speed Wi-Fi, a washer, and an ironing board with a steam iron.Guest accessAs a guest, you’ll enjoy full access to the compound’s premium facilities, designed for comfort, leisure, and convenience.The building features a shared swimming pool (open during summer) and free underground parking.Just a one-minute walk away lies O1 Mall, one of New Cairo’s most vibrant destinations, offering:A wide variety of restaurants and cafés, a central courtyard adorned with water features, trees, and flowers, a children’s play area, and a fully equipped gym (available for an additional fee of approximately USD 12 per person, valid for single use).You’ll also find a medical center, pharmacy, bank, post office, currency exchange, secure parking, and free Wi-Fi throughout the area.⸻Nearby AttractionsO1 Mall: 1 minuteGarden 8 Mall: 10 minutesDistrict 5 Mall: 15 minutesCairo Festival City Mall (CFC): 15 minutes5A Mall: 20 minutesCairo International Airport: 20 minutesDowntown Cairo: 45 minutesGrand Egyptian Museum: 45 minutesOther things to noteOnce you have booked and received the confirmation email, to ensure a smooth check in we kindly ask you to provide your passport details.Your passport will only serve the following purpose:- notify the building security to allow apartment access.The cleaning fees mentioned in the price breakdown cover only the check out cleaning. For any additional in-stay cleaning, please reach out to us for prices and bookings.Additional ServicesAn extra folding bed can be provided upon request; however, it is not the same as the main bed and may offer less comfort.A baby crib, a child’s long chair, and additional towels can also be arranged.All of these items must be requested in advance at least 5 days before arrival to ensure availability.Please note that additional charges apply for these services."
1248463369195901952,"Experience Cairo from a charming apartment near the Nile in Zamalek. This spacious 2-bedroom accommodates up to 4 guests and features an impressive collection of artwork throughout the space. Enjoy the warm decor, cozy balcony, and prime location near galleries, cafes, and more. With free WiFi, air conditioning, and a fully equipped kitchen, your comfort is guaranteed. Explore nearby landmarks like Tahrir Square and historic mosques for the perfect Cairo getaway.The space- Bedroom 1 - King Size Bed - Bedroom 3 - 2 Single Beds - Living Room with Flat Screen TV - Master Bathroom - Guest Bathroom - Full Kitchen- Dinning Area- Living Room 2- BalconyThe apartment is on the first floor above the group floor. There is no elevator access to this floor.Other things to noteAs part of our compliance with local regulations:- We require all guests to send us passport pictures arrival.- You’ll be asked to sign a form upon check-in.- For Egyptian and Middle Eastern mixed-gender use of the property,  a marriage certificate or proof of a family relationship (1st or 2nd degree).- ""Visitors"" are not permitted."
1258108930337494272,"This distinctive residence on the Nile in the residential building of the Hilton Corniche Nile Maadi Hotel is new and very distinctive. Everything is available. Smart hotel apartment consisting of 3 rooms, a large reception, a kitchen, 4 bathrooms. Wonderful view of the Nile. It is distinctive and close to everything with a view of the pyramids and the Nile in a very wonderful view There is 24-hour security and free Wi-Fi close to all services. You can reach anywhere in a very short time. Enjoy peace, comfort and safety. We are happy to have you with us. ❤️❤️The spaceA distinctive and wonderful hotel property in every wayGuest accessIt consists of 3 bedrooms, 5 beds, 4 bathrooms, each room has a bathroom, a large hall and reception, a kitchen and a terrace"
1189274043045705728,"This charming studio apartment is located in the vibrant downtown area, just steps away from the Nile, popular restaurants, shops, museums and attractions. This cozy and conveniently located studio is ideal for solo travelers or couples looking to experience the energy of the city. Book your stay todayThe spaceThis Studio apartment has two comfortable single size beds, a private bathroom and a kitchenette with a mini-fridge, microwave and pots and pans. Also includes access to the rooftop terrace with free coffee and tea.Guest accessRooftop Terrace"
1226816502936573440,"IMPORTANT NOTICE:  PARTIES and UNREGISTERED EXTERNAL GUEST are STRICTLY NOT ALLOWED in the house 🙏NOTE: The apartment is located on the second floor with stairs access (no elevator). Doorman will carry all luggage upon check-in.Luxury 4-bedroom apartment in a prime location near Cairo Festival City Mall, 5A, and Downtown Mall. The apartment comfortably accommodates 7 people and is just 20 minutes from the airport. It is close to various shopping, dining, and entertainment options."
1276820596035227904,
1345073020953746944,"Our Nefertari suite is located on the 3th floor of our property. It has a separate room from the bedroom for the fridge, wardrobe and to store things like luggage. It has one of the most spacious bathrooms on the property."
1269102985156090880,"For lovers of sophistication, beauty, elegance and tranquility, I offer you a hotel apartment in the most luxurious neighborhoods of Zamalek, a minute’s walk from the Nile River and next to all services, restaurants, cafes, international brands and embassies, where there is complete security and safety. Enjoy the wonderful view, charm and beauty of Cairo during the day and at night.The spaceThe rooms have a spacious area and very elegant and clean furniture. Everything you wish for will be found with usGuest accessEverything in housing is available to you. You can have a very good time with usOther things to noteCleaning fees are paid for the end of the period only"
1335056471617196544,"Welcome to Casa Mayouie, a stylish mid-century modern apartment in Cairo’s lively Dokki neighborhood, just 4 blocks from the Nile and close to Zamalek and Downtown.Perfect for families, couples, or remote workers, it features a fully equipped kitchen, fast Wi-Fi, and a cozy living area.Complimentary airport pick-up and next-door laundry service (washing, drying, ironing) are available for longer stays. Self-check-in with a smart lock allows you to arrive anytime and enjoy total flexibility.The spaceBedrooms & Bathrooms: - Master bedroom with a king-size bed, ample closet space, and a private ensuite bathroom with sleek Grohe shower fixtures.- Guest bedroom with two double beds, dual closets, and a functional workspace.- Bathrooms stocked with locally-made, sulfate-free shampoo, conditioner, and shower gel from Bubblzz.Living Area:- Open and inviting with a comfortable L-shaped sofa and a 55” Smart TV loaded with streaming apps.- Bright spaces enhanced by layered lighting and vibrant plants throughout for a cozy atmosphere.Kitchen:- Open-concept kitchen with a centerpiece island bar that seats four.- Equipped with premium Berghoff induction cookware, a Bosch electric oven, an induction stovetop, and a built-in microwave.- Stocked with all essentials, including spices, oils, utensils, and various glassware.- Coffee corner with a Nespresso machine and pods, Moka pot, French press, and a Smeg kettle.- My personal cast-iron skillet is available upon request.Workspace:- Dedicated desks in each bedroom with USB and Type-C outlets for easy charging and productivity.Guest accessGuests have full access to the apartment, located on the ground floor for easy entry and exit. However, due to steps at the entrance, it is not wheelchair accessible.Other things to noteNeighborhood Highlights:Located 4 blocks from the Nile, Casa Mayouie is situated in Dokki, a vibrant neighborhood just across the bridge from Zamalek. The area is ideal for those looking to explore Cairo’s dynamic culture and food scene:- Local gems like a bakery, spice shop, and juice bar are steps away.- The city’s top koshary joints are right around the corner.- Enjoy Nile views from nearby rooftop bars.- A pharmacy is conveniently located right in front of the building, with multiple hospitals just around the corner.- A metro stop is within walking distance, and Tahrir Square, the Egyptian Museum, and downtown are a short 5-minute Uber ride or a pleasant walk.- Groceries and meals can be delivered directly to your door."
1587773464772357888,"Luxury Nile View Apartment in Zamalek – First RowEnjoy your stay in a spacious 250 sqm apartment located in the heart of Zamalek (Abu El Feda Street), directly on the Nile with a stunning panoramic view.🛏️ 3 bedrooms🚿 3 bathrooms🛋️ Large reception with 3 sitting areas🌊 First-row Nile viewPerfect for families or business travelers looking for comfort, space, and a prime location close to cafés, restaurants, and all major attractions."
1346959550840986880,"Welcome to Elite Lake View Residence ! 🏡✨Step inside our stylish 2 Bedroom Apt. and you'll immediately feel at home ,designed for your comfort, modern furniture to the high-end amenities that make life easy.Staying in one of New Cairo's most exclusive compounds, perfectly situated for both convenience and privacy, surrounded by breathtaking water lagoons, a true oasis in the city.🎯A perfect stay for couples , small families or a business stay,  the perfect blend of luxury & comfort 🩵The space✅Master bedroom with Cold/Hot AC Unit🛌 - Queen Size bed (160 cm) - Egyptian Cotton bedsheets - Premium covers and blankets - Bed Commode 🧳- Walk in Closet with an open wardrobe - Space for luggage storage 🛁- Connected Bathroom - Standing Shower with cloth line kit- Instant Water heater ⛳️- Balcony / Patio connecting the apartment - Viewing the compound internally- High walls for safety and privacy ✅ Secondary Bedroom with Cold/Hot AC Unit🛏️- Double Sized bed (120 cm) - Egyptian Cotton bedsheets - Premium covers and blankets - Bed Commode🧳- Open Wardrobe with drawers units- Mirror 🪞 between both wardrobe units✅ Secondary Bathroom - Standing Shower 🚿 - Toilet 🚽 - Sink with a counter top ✅ Living Room and balcony 🛋️A beautifully furnished living area with a comfortable beige sofa and a striking yellow accent chair with decorative plants 🌱 🎬Entertainment: Large wall-mounted smart TV with access to various streaming services.💻Working Station with modern lighting for business travelers - Elevated mounted counter with high chair - Coffee machine - Alexa Dot by Amazon “ Smart Device “➕ Balcony and Patio - Entry from the Master BR and Living room- Elevated walls for security & privacy - Viewing the compound landscape ✅Kitchen⏲️High-End Appliances: A fully equipped kitchen with a Smart sink, Digital fridge, microwave, coffee machine and an oven.🍽️Includes all kitchen necessities and a clever multi-use cupboard for all your needs.🍳Sleek Counters: Features a stunning, marble-like countertop, perfect for preparing meals or enjoying a quick breakfast."
1340742025047016960,"Enjoy a stylish experience at this centrally-located place.Indulge in a 5-star living experience in this elegantly designed, fully furnished 2-bedroom hotel-style apartment in the heart of MohandessinThe spaceApartment Features:✅ Spacious Living Area – Modern design with premium furnishings✅ 2 Elegant Bedrooms – Cozy, high-quality beds for restful sleep✅ Fully Equipped Kitchen – Cook with ease using top appliances✅ High-Speed Wi-Fi & Smart TV – Stay connected & entertained✅ Luxury Bathroom – Fresh towels & hotel-quality amenities✅ 24/7 Security & Concierge Service – Your safety & comfort are our priorityGuest access“Guests have full access to the entire apartment, including the living room, bedrooms, kitchen, and bathrooms. Enjoy high-speed WiFi, smart TV, and all provided amenities. The building has a secure entrance, and access is granted via a key or smart lock. Please note that some common areas in the building are shared with other residents.”"
31276486,"((Kindly check our HOUSE RULES before booking)) The apartment number is “AB - N902” on the 9th floor. You will have to climb 21 steps after the elevator from the eighth floor Unique French artist apartment, hand painted, in the heart of the capital, located in the heart of the capital, located on the Nile, overlooking the Nile, close to Tahrir Square, all means of transportation and markets, you see the Cairo Tower and in front of the Sheraton Cairo in front of Sheraton CairoThe spaceLiving room, large kitchen, two bathrooms, two bedrooms, one room with a private bathroom, and the second with a wonderful view.The building is distinguished by its strategic location in Cairo, near the Opera House, Tahrir Square, the Sheraton Cairo Hotel, and directly on the Nile.Guest accessYou will have access to the Nile Garden Café to enjoy your choice of complimentary tea or coffee and a rooftop building with an amazing view of CairoOther things to notePlease Pay attention to our (HOUSE RULES) to make sure it’s OK with you."
1148418351253761792,"Welcome to your serene retreat in the bustling heart of Degla Maadi! Nestled in a prime location, this chic apartment offers a tranquil haven for families and travelers alike.Step into modern elegance with our stylishly furnished space, boasting two cozy bedrooms adorned with plush bedding for a restful night's sleep. The fully-equipped kitchen beckons culinary adventures, while the comfortable living area invites relaxation after a day of exploring Cairo's vibrant streets.The spaceTake a moment to soak in the sights and sounds of the city from your private balcony, where you can savor your morning coffee or bask in the glow of the sunset against a backdrop of nature. Whether you're here for business or leisure, our apartment provides the perfect blend of comfort and convenience. Including a smart TV to watch all the shows you're heart desires on netflix!Upon your arrival, our courteous and hospitable hosts will warmly welcome you, ensuring a memorable stay from start to finish. With accommodation for up to four guests, this apartment promises a stylish and comfortable retreat for your Cairo adventures.Guest accessAs for the essentials, we've kept the rules simple: treat the apartment with care and respect, keeping it tidy during your stay. Remember to switch off the air conditioning before stepping out, and when it's time to bid farewell, simply leave the key in the lockbox for a smooth checkout process.This beautiful apartment is on the 3rd floor with no elevator. There is building security that is at the building 24/7 to help with your luggage and any other needs! Please remember, House rules must be followed."
1601421873858041600,"WS Luxury Apartment is located in an elegant villa district in the heart of West Somid. The apartment features a private garden, electric shutters, 5 Smart TVs, modern brand-new equipment, concealed air conditioning, and super-fast 5G internet.With stylish modern finishes and exceptional cleanliness, this space is perfectly prepared to welcome you for a comfortable and luxurious stay just about 15 mins from Mall of Arabia and Arkan in Zayed."
1667949693380063744,"M Residence by Brassbell is a modern 4-star stay in the heart of Cairo, offering stylish, air-conditioned rooms with free WiFi and private bathrooms. Ideally located near Tahrir Square, the Egyptian Museum, and Cairo Tower, it provides easy access to the city’s top attractions. Guests enjoy a comfortable stay with 24-hour front desk service, free parking, and a relaxing terrace, making it perfect for both business and leisure travelers."
17868503,"The apartment is located in the lush neighborhood of Maadi, on the second floor of Villa Belle Epoque; Egypt's first boutique hotel. It offers a spacious living room and fully equipped open kitchen. The hotel’s main restaurant, serving international cuisine, is available daily for breakfast, lunch and dinner. In-room dining service is also offered. Complimentary features include twice-weekly housekeeping service, 24-hour security, pool and gym access."
1230302876047378432,"Create unforgettable memories in this unique, family-friendly apartment. This luxurious threebedroom apartment features modern amenities and an elegant design, along with three fully equipped bathrooms. Its prime location provides easy access to a hypermarket, cafes, an upscale shopping mall, cinemas, and a variety of fine dining restaurants. Located just 20 minutes from the airport, the apartment offers the perfect blend of comfort and sophisticationThe spaceYou will be happy to live in this special home, as it has everything you desire: peace, tranquility, and great designGuest accessThe whole house is yours"
1393691702395692544,"Elegant flat in Heliopolis with Iconic Baron Palace Views-Families""Modern Comfort Opposite Baron Empain Palace | Central Heliopolis""Apartment Features	⁃	Air conditioning 	⁃	High-speed Wi-Fi        -     Jacuzzi	⁃	Modern kitchen appliances, washing machine with dryer and essential toiletries. 	⁃	Nespresso coffee machine 	⁃	Spacious rooms with comfortable beddingThe spaceNeighbourhoods & Accessibility⁃	Wake up to breathtaking views of Heliopolis’ iconic Baron Empain Palace from your private apartment ideal for history lovers and explorers.⁃	Proximity to Cairo International Airport (convenient for travellers)⁃	Close to Korba, renowned cafés, restaurants, City stars and Almaza City Center malls. ⁃	Nearby public transport options and metro stations ""Perfect for Families seeking romantic city breaks, history enthusiasts eager to explore Cairo’s heritage, or business travellers who desire comfort and easy airport access”"
1610456653097966848,"Enjoy the whole family at this stylish place. It consists of 4 rooms, including 2 master bedrooms, 5 beds, a private garden, and a private entrance. The villa covers an area of 500 square meters (5,382 square feet), and it features a beautiful interior space. The kitchen is fully equipped, spacious, and large, and the rooms are very spacious and beautiful."
992199868370320384,Cozy apartment in the most luxurious compound in new cairo.Mivida (boulevard)3 bedrooms 4 bathrooms + Nanny's room
1495091463270840576,"Elegant 1-Bedroom Suite | Fully Managed & Operated by JW Marriott | Pool, Gym, Spa & More! Step into the comfort of this stylish 1-bedroom suite, proudly managed and operated by JW Marriott, ensuring you enjoy world-class standards in every detail. Whether you’re visiting for business or relaxation, this premium apartment and its exceptional amenities offer an unforgettable experience.The spaceWhat You'll Find Inside:	•	A bright, tastefully furnished living room with a large smart TV and a luxurious sofa to unwind after a long day.	•	A serene bedroom featuring a plush king-size bed with crisp Marriott-quality linens.	•	A clean, well-appointed bathroom with fresh towels, ensuring a hotel-like touch at every moment.	•	Thoughtful modern design and natural light throughout.		•       A fully equipped kitchen, stocked with everything you need to feel at home:✔️ Modern oven & microwave✔️ Large fridge and deep freezer✔️ Nespresso machine with complimentary coffee capsules✔️ Blender, toaster, kettle, and air fryer✔️ Complete cookware set, utensils, tableware, and glassware✔️ Cooking essentials including oil, salt, sugar, tea, and more — so you can settle in without a hassle.	•       Central air conditioning for your comfort.	•       FREE Netflix for endless on-demand entertainment.	•       FREE TOD for live sports matches worldwide.	•       FREE high-speed, complimentary Wi-Fi to keep you connected         •       In-unit washer-dryer for added convenience during your stay.Guest access•	Indoor and outdoor large swimming pool under a spectacular skylight, always maintained to JW Marriott standards.	•	Relaxing poolside lounge beds and a cozy café/bar for your favorite drink or snack.	•	A fully equipped fitness center with cardio and strength areas, flooded with daylight.	•	Professional spa services and a dedicated massage room for deep relaxation.	•	Modern sauna for a soothing wellness escape.	•	Stylish co-working space for your business needs.	•	Safe kids’ play area for family convenience.	•	Secure underground parking with reserved spaces.	•	24/7 security and professional concierge — all backed by JW Marriott’s renowned hospitality.Airport: 20 minO1 Mall: 1 minWaterway Mall: 5 minDistrict 5 Mall: 15 minGarden 8 Mall: 10 minCFC Mall: 15 min5A Mall: 20 minDowntown Cairo: 45 minGrand Egyptian Museum: 45 minGiza Pyramids: 55 minOther things to noteOnce you have booked and received the confirmation email, to ensure a smooth check in we kindly ask you to provide your passport details.Your passport will only serve the following purpose:- notify the building security to allow apartment access.The cleaning fees mentioned in the price breakdown cover only the check out cleaning. For any additional in-stay cleaning, please reach out to us for prices and bookings.Additional ServicesAn extra folding bed can be provided upon request; however, it is not the same as the main bed and may offer less comfort.A baby crib, a child’s long chair, and additional towels can also be arranged.All of these items must be requested in advance at least 5 days before arrival to ensure availability.Please note that additional charges apply for these services."
